cal "White" 20
CAPTURE_BEGIN,"White",20
Timed capture started for White (20 s)
CAPTURE_SAMPLE,55,"White",2495,1846,1042,5544,2495,2597,2598,324,338,338
CAPTURE_SAMPLE,185,"White",3030,2273,1275,6818,3030,3198,3179,322,340,338
CAPTURE_SAMPLE,302,"White",2904,2170,1219,6509,2904,3053,3039,323,339,338
CAPTURE_SAMPLE,419,"White",3202,2411,1350,7226,3202,3392,3366,321,341,338
CAPTURE_SAMPLE,537,"White",3469,2635,1466,7875,3469,3707,3655,320,342,337
CAPTURE_SAMPLE,654,"White",3301,2488,1390,7456,3301,3501,3465,322,341,337
CAPTURE_SAMPLE,771,"White",3177,2384,1334,7152,3177,3354,3326,322,340,337
CAPTURE_SAMPLE,888,"White",4110,3180,1749,9437,4110,4474,4360,318,346,337
CAPTURE_SAMPLE,1005,"White",4542,3565,1946,10525,4542,5016,4851,315,348,337
CAPTURE_SAMPLE,1125,"White",4771,3770,2048,11103,4771,5304,5106,314,349,336
CAPTURE_SAMPLE,1243,"White",5015,3992,2160,11733,5015,5617,5385,313,351,336
CAPTURE_SAMPLE,1363,"White",5091,4058,2192,11924,5091,5710,5465,313,351,336
CAPTURE_SAMPLE,1482,"White",5179,4150,2235,12159,5179,5839,5572,312,352,336
CAPTURE_SAMPLE,1602,"White",5142,4117,2218,12065,5142,5793,5529,312,352,336
CAPTURE_SAMPLE,1721,"White",4375,3356,1841,10001,4375,4722,4590,320,345,335
CAPTURE_SAMPLE,1839,"White",5316,4231,2276,12429,5316,5953,5674,314,351,335
CAPTURE_SAMPLE,1959,"White",5888,4896,2574,14155,5888,6889,6417,307,359,334
CAPTURE_SAMPLE,2078,"White",5895,4944,2582,14243,5895,6956,6437,306,361,334
CAPTURE_SAMPLE,2198,"White",5879,4956,2578,14256,5879,6973,6427,305,362,333
CAPTURE_SAMPLE,2317,"White",5879,4963,2576,14273,5879,6983,6422,305,362,333
CAPTURE_SAMPLE,2436,"White",5568,4787,2448,13644,5568,6735,6103,303,366,332
CAPTURE_SAMPLE,2555,"White",5719,4871,2531,13942,5719,6853,6310,303,363,334
CAPTURE_SAMPLE,2675,"White",5191,4188,2240,12231,5191,5893,5584,311,354,335
CAPTURE_SAMPLE,2794,"White",4071,3258,1613,9469,4071,4584,4021,321,362,317
CAPTURE_SAMPLE,2912,"White",5402,4330,2325,12704,5402,6092,5796,312,352,335
CAPTURE_SAMPLE,3031,"White",5754,4708,2491,13699,5754,6624,6210,310,356,334
CAPTURE_SAMPLE,3150,"White",5890,4846,2543,14064,5890,6818,6340,309,358,333
CAPTURE_SAMPLE,3270,"White",5682,4869,2492,13877,5682,6851,6213,303,365,331
CAPTURE_SAMPLE,3389,"White",5170,4452,2252,12646,5170,6264,5614,303,367,329
CAPTURE_SAMPLE,3509,"White",5384,4649,2370,13212,5384,6541,5908,302,367,331
CAPTURE_SAMPLE,3627,"White",5344,4607,2347,13093,5344,6482,5851,302,367,331
CAPTURE_SAMPLE,3747,"White",5866,4815,2526,13984,5866,6775,6297,310,358,333
CAPTURE_SAMPLE,3866,"White",5864,4957,2558,14227,5864,6974,6377,305,363,332
CAPTURE_SAMPLE,3985,"White",4987,4222,2109,12018,4987,5940,5258,308,367,325
CAPTURE_SAMPLE,4104,"White",4755,3940,1945,11283,4755,5544,4849,314,366,320
CAPTURE_SAMPLE,4223,"White",4970,4221,2113,12008,4970,5939,5268,307,367,326
CAPTURE_SAMPLE,4343,"White",5762,4887,2528,13997,5762,6876,6302,304,363,333
CAPTURE_SAMPLE,4462,"White",5676,4859,2494,13851,5676,6837,6218,303,365,332
CAPTURE_SAMPLE,4582,"White",5081,3991,2156,11811,5081,5615,5375,316,349,334
CAPTURE_SAMPLE,4700,"White",5619,4616,2444,12530,5619,6495,6093,309,357,335
CAPTURE_SAMPLE,4820,"White",5706,4827,2520,13857,5706,6792,6282,304,362,335
CAPTURE_SAMPLE,4939,"White",5722,4696,2480,13653,5722,6607,6183,309,357,334
CAPTURE_SAMPLE,5058,"White",5749,4767,2509,13799,5749,6707,6255,307,358,334
CAPTURE_SAMPLE,5178,"White",5632,4819,2494,13756,5632,6780,6218,302,364,334
CAPTURE_SAMPLE,5296,"White",5464,4720,2423,13418,5464,6641,6041,301,366,333
CAPTURE_SAMPLE,5416,"White",5117,4414,2232,12513,5117,6210,5564,303,368,329
CAPTURE_SAMPLE,5535,"White",5326,4259,2279,12505,5326,5992,5682,313,352,334
CAPTURE_SAMPLE,5655,"White",4403,3353,1843,10051,4403,4718,4595,321,344,335
CAPTURE_SAMPLE,5774,"White",5373,4312,2306,12648,5373,6067,5749,313,353,334
CAPTURE_SAMPLE,5893,"White",5677,4732,2486,13665,5677,6658,6198,306,359,334
CAPTURE_SAMPLE,6012,"White",5679,4823,2505,13807,5679,6786,6245,304,363,334
CAPTURE_SAMPLE,6131,"White",5588,4793,2466,13655,5588,6744,6148,302,365,333
CAPTURE_SAMPLE,6251,"White",5666,4804,2492,13761,5666,6759,6213,304,363,333
CAPTURE_SAMPLE,6370,"White",5634,4606,2438,13405,5634,6481,6078,310,356,334
CAPTURE_SAMPLE,6489,"White",5546,4538,2405,13209,5546,6385,5996,309,356,334
CAPTURE_SAMPLE,6608,"White",5576,4593,2431,13343,5576,6462,6060,308,357,335
CAPTURE_SAMPLE,6728,"White",4608,3538,1934,10567,4608,4978,4821,320,346,335
CAPTURE_SAMPLE,6847,"White",5350,4284,2292,12577,5350,6028,5714,313,353,334
CAPTURE_SAMPLE,6967,"White",5669,4723,2479,13637,5669,6645,6180,307,359,334
CAPTURE_SAMPLE,7085,"White",5688,4693,2470,13607,5688,6603,6158,308,358,334
CAPTURE_SAMPLE,7204,"White",5629,4728,2473,13610,5629,6652,6165,305,361,334
CAPTURE_SAMPLE,7324,"White",5508,4470,2378,13057,5508,6289,5928,311,355,334
CAPTURE_SAMPLE,7443,"White",5513,4488,2384,13093,5513,6315,5943,310,355,334
CAPTURE_SAMPLE,7563,"White",5618,4770,2478,13668,5618,6711,6178,304,363,334
CAPTURE_SAMPLE,7681,"White",5627,4740,2473,13625,5627,6669,6165,305,361,334
CAPTURE_SAMPLE,7801,"White",5327,4595,2349,13061,5327,6465,5856,302,366,332
CAPTURE_SAMPLE,7920,"White",5516,4719,2427,13468,5516,6640,6051,303,365,332
CAPTURE_SAMPLE,8040,"White",5099,4378,2205,12422,5099,6160,5497,304,368,328
CAPTURE_SAMPLE,8159,"White",5842,4914,2549,14130,5842,6914,6355,306,362,333
CAPTURE_SAMPLE,8277,"White",5689,4872,2489,13887,5689,6855,6205,303,366,331
CAPTURE_SAMPLE,8397,"White",5081,4287,2134,12210,5081,6032,5320,309,367,324
CAPTURE_SAMPLE,8516,"White",5304,4528,2275,12867,5304,6371,5672,306,367,327
CAPTURE_SAMPLE,8636,"White",5766,4925,2550,14079,5766,6929,6357,303,364,334
CAPTURE_SAMPLE,8754,"White",5254,4519,2286,12847,5254,6358,5699,304,367,329
CAPTURE_SAMPLE,8874,"White",5484,4708,2384,13391,5484,6624,5943,304,367,329
CAPTURE_SAMPLE,8993,"White",5327,4546,2282,12944,5327,6396,5689,306,367,327
CAPTURE_SAMPLE,9113,"White",5229,4447,2224,12662,5229,6257,5544,307,367,326
CAPTURE_SAMPLE,9232,"White",5389,4610,2316,13125,5389,6486,5774,305,367,327
CAPTURE_SAMPLE,9350,"White",5378,4608,2316,13117,5378,6483,5774,305,368,327
CAPTURE_SAMPLE,9470,"White",5116,4334,2161,12360,5116,6098,5387,308,367,324
CAPTURE_SAMPLE,9589,"White",4841,3997,1971,11495,4841,5624,4914,315,366,320
CAPTURE_SAMPLE,9709,"White",5311,4539,2281,12918,5311,6386,5687,306,367,327
CAPTURE_SAMPLE,9828,"White",5358,4617,2339,13112,5358,6496,5831,303,367,330
CAPTURE_SAMPLE,9947,"White",4996,4265,2141,12122,4996,6001,5338,306,367,327
CAPTURE_SAMPLE,10066,"White",5333,4572,2305,12995,5333,6433,5746,305,367,328
CAPTURE_SAMPLE,10187,"White",5258,4478,2244,12750,5258,6301,5594,307,367,326
CAPTURE_SAMPLE,10307,"White",5378,4614,2319,13130,5378,6492,5781,305,368,328
CAPTURE_SAMPLE,10427,"White",5473,4703,2377,13370,5473,6617,5926,304,367,329
CAPTURE_SAMPLE,10547,"White",5861,4868,2552,14089,5861,6849,6362,307,359,334
CAPTURE_SAMPLE,10667,"White",5582,4495,2394,13172,5582,6324,5968,312,354,334
CAPTURE_SAMPLE,10788,"White",5575,4491,2392,13165,5575,6319,5963,312,354,334
CAPTURE_SAMPLE,10908,"White",5821,4923,2553,14125,5821,6927,6365,305,362,333
CAPTURE_SAMPLE,11029,"White",5779,4940,2541,14101,5779,6951,6335,303,365,332
CAPTURE_SAMPLE,11149,"White",5838,4977,2561,14238,5838,7003,6385,304,364,332
CAPTURE_SAMPLE,11269,"White",5877,4913,2565,14191,5877,6913,6395,306,360,333
CAPTURE_SAMPLE,11389,"White",5839,4845,2543,14037,5839,6817,6340,307,359,334
CAPTURE_SAMPLE,11510,"White",5854,4883,2554,14104,5854,6870,6367,307,360,334
CAPTURE_SAMPLE,11630,"White",5561,4510,2399,13176,5561,6346,5981,311,355,334
CAPTURE_SAMPLE,11751,"White",5687,4622,2451,13496,5687,6503,6110,311,355,334
CAPTURE_SAMPLE,11871,"White",5521,4416,2360,12989,5521,6213,5883,313,353,334
CAPTURE_SAMPLE,11991,"White",5636,4559,2426,13353,5636,6415,6048,311,354,334
CAPTURE_SAMPLE,12111,"White",5317,4223,2266,12448,5317,5942,5649,314,351,334
CAPTURE_SAMPLE,12231,"White",5020,3945,2136,11683,5020,5551,5325,316,349,335
CAPTURE_SAMPLE,12352,"White",5264,4165,2241,12304,5264,5860,5587,315,351,334
CAPTURE_SAMPLE,12472,"White",5535,4439,2370,13052,5535,6246,5908,313,353,334
CAPTURE_SAMPLE,12592,"White",5220,4114,2214,12177,5220,5788,5520,316,350,334
CAPTURE_SAMPLE,12712,"White",5321,4223,2267,12463,5321,5942,5652,315,351,334
CAPTURE_SAMPLE,12833,"White",5464,4391,2344,12885,5464,6178,5844,312,353,334
CAPTURE_SAMPLE,12953,"White",5708,4741,2493,13719,5708,6671,6215,307,359,334
CAPTURE_SAMPLE,13074,"White",5613,4570,2426,13343,5613,6430,6048,310,355,334
CAPTURE_SAMPLE,13194,"White",5332,4247,2277,12508,5332,5976,5677,314,352,334
CAPTURE_SAMPLE,13314,"White",5028,3930,2129,11673,5028,5530,5308,317,349,335
CAPTURE_SAMPLE,13434,"White",4943,3848,2085,11447,4943,5414,5198,318,348,334
CAPTURE_SAMPLE,13555,"White",4908,3814,2070,11355,4908,5366,5161,318,348,334
CAPTURE_SAMPLE,13675,"White",4899,3816,2070,11350,4899,5369,5161,318,348,334
CAPTURE_SAMPLE,13795,"White",4484,3448,1887,10305,4484,4851,4704,319,346,335
CAPTURE_SAMPLE,13915,"White",4440,3407,1870,10196,4440,4794,4662,320,345,335
CAPTURE_SAMPLE,14035,"White",4568,3522,1924,10517,4568,4955,4797,319,346,335
CAPTURE_SAMPLE,14156,"White",4741,3677,2001,10957,4741,5174,4988,318,347,335
CAPTURE_SAMPLE,14276,"White",5112,4041,2180,11946,5112,5686,5435,315,350,335
CAPTURE_SAMPLE,14397,"White",5611,4552,2422,13317,5611,6405,6038,311,355,334
CAPTURE_SAMPLE,14517,"White",5877,4913,2574,14202,5877,6913,6417,306,360,334
CAPTURE_SAMPLE,14637,"White",5879,5019,2597,14368,5879,7062,6474,303,364,333
CAPTURE_SAMPLE,14757,"White",5699,4655,2466,13580,5699,6550,6148,310,356,334
CAPTURE_SAMPLE,14878,"White",4969,3879,2101,11529,4969,5458,5238,317,348,334
CAPTURE_SAMPLE,14998,"White",4930,3845,2085,11433,4930,5410,5198,317,348,335
CAPTURE_SAMPLE,15119,"White",5768,4768,2514,13832,5768,6709,6267,308,358,334
CAPTURE_SAMPLE,15238,"White",5898,4994,2601,14342,5898,7027,6484,304,362,334
CAPTURE_SAMPLE,15358,"White",5637,4861,2473,13805,5637,6839,6165,302,367,331
CAPTURE_SAMPLE,15479,"White",5806,4991,2564,14225,5806,7022,6392,302,365,333
CAPTURE_SAMPLE,15599,"White",5800,4796,2530,13918,5800,6748,6307,308,358,335
CAPTURE_SAMPLE,15720,"White",5020,3940,2132,11687,5020,5544,5315,316,349,335
CAPTURE_SAMPLE,15840,"White",4801,3727,2026,11109,4801,5244,5051,318,347,335
CAPTURE_SAMPLE,15960,"White",5541,4480,2390,13130,5541,6303,5958,311,354,335
CAPTURE_SAMPLE,16080,"White",5835,4849,2551,14049,5835,6823,6360,307,359,334
CAPTURE_SAMPLE,16201,"White",5819,5010,2574,14281,5819,7049,6417,302,366,333
CAPTURE_SAMPLE,16321,"White",5736,4952,2525,14086,5736,6967,6295,302,367,331
CAPTURE_SAMPLE,16442,"White",5891,4935,2586,14250,5891,6944,6447,306,360,334
CAPTURE_SAMPLE,16561,"White",5304,4220,2269,12448,5304,5938,5657,314,351,335
CAPTURE_SAMPLE,16681,"White",4830,3760,2044,11191,4830,5290,5096,317,348,335
CAPTURE_SAMPLE,16802,"White",5241,4162,2240,12289,5241,5856,5584,314,351,335
CAPTURE_SAMPLE,16922,"White",5893,4934,2587,14251,5893,6942,6449,306,360,334
CAPTURE_SAMPLE,17043,"White",5867,5040,2591,14380,5867,7091,6459,302,365,333
CAPTURE_SAMPLE,17163,"White",5302,4511,2256,12833,5302,6347,5624,307,367,326
CAPTURE_SAMPLE,17283,"White",5729,4942,2519,14058,5729,6953,6280,302,367,331
CAPTURE_SAMPLE,17403,"White",5745,4721,2498,13738,5745,6642,6228,309,357,335
CAPTURE_SAMPLE,17524,"White",5346,4268,2290,12569,5346,6005,5709,313,352,335
CAPTURE_SAMPLE,17644,"White",5726,4712,2494,13709,5726,6630,6218,308,357,335
CAPTURE_SAMPLE,17765,"White",5923,5018,2611,14415,5923,7060,6509,304,362,334
CAPTURE_SAMPLE,17884,"White",5733,4947,2518,14069,5733,6960,6277,302,367,331
CAPTURE_SAMPLE,18005,"White",5184,4360,2165,12451,5184,6135,5397,310,367,323
CAPTURE_SAMPLE,18125,"White",4982,4087,2008,11771,4982,5750,5006,317,365,318
CAPTURE_SAMPLE,18245,"White",5015,4136,2034,11887,5015,5819,5071,315,366,319
CAPTURE_SAMPLE,18366,"White",5906,4975,2594,14329,5906,7000,6467,305,361,334
CAPTURE_SAMPLE,18486,"White",5676,4645,2464,13543,5676,6536,6143,309,356,335
CAPTURE_SAMPLE,18606,"White",5554,4507,2404,13193,5554,6341,5993,310,354,335
CAPTURE_SAMPLE,18726,"White",5849,4975,2587,14263,5849,7000,6449,303,363,334
CAPTURE_SAMPLE,18847,"White",5826,5015,2576,14295,5826,7056,6422,302,366,333
CAPTURE_SAMPLE,18967,"White",5795,4995,2557,14226,5795,7028,6375,302,366,332
CAPTURE_SAMPLE,19088,"White",4853,3902,1895,11297,4853,5490,4724,322,364,314
CAPTURE_SAMPLE,19207,"White",5463,4679,2351,13313,5463,6583,5861,305,368,327
CAPTURE_SAMPLE,19328,"White",5888,5035,2599,14398,5888,7084,6479,303,364,333
CAPTURE_SAMPLE,19448,"White",5719,4697,2488,13675,5719,6609,6203,309,357,335
CAPTURE_SAMPLE,19569,"White",5628,4601,2445,13425,5628,6474,6095,309,356,335
CAPTURE_SAMPLE,19689,"White",5860,4923,2580,14194,5860,6927,6432,305,360,335
CAPTURE_SAMPLE,19810,"White",5558,4776,2411,13584,5558,6720,6011,304,367,329
CAPTURE_SAMPLE,19929,"White",4575,3498,1670,10291,4575,4922,4163,335,360,305
CAPTURE_END,"White",167,20049
Timed capture complete for White: duration_s=20, elapsed_ms=20049, sample_count=167
cal "Red" 20
CAPTURE_BEGIN,"Red",20
Timed capture started for Red (20 s)
CAPTURE_SAMPLE,54,"Red",626,187,166,887,626,263,414,480,202,318
CAPTURE_SAMPLE,171,"Red",700,192,169,975,700,270,421,503,194,303
CAPTURE_SAMPLE,279,"Red",655,192,170,929,655,270,424,486,200,314
CAPTURE_SAMPLE,388,"Red",661,193,171,934,661,272,426,486,200,313
CAPTURE_SAMPLE,496,"Red",1095,271,214,1503,1095,381,534,545,190,266
CAPTURE_SAMPLE,608,"Red",1202,301,232,1661,1202,424,578,545,192,262
CAPTURE_SAMPLE,719,"Red",1043,255,205,1420,1043,359,511,545,188,267
CAPTURE_SAMPLE,829,"Red",946,238,195,1295,946,335,486,535,190,275
CAPTURE_SAMPLE,939,"Red",1030,252,199,1407,1030,355,496,548,189,264
CAPTURE_SAMPLE,1049,"Red",1180,295,223,1629,1180,415,556,549,193,258
CAPTURE_SAMPLE,1161,"Red",1165,294,222,1611,1165,414,553,546,194,259
CAPTURE_SAMPLE,1273,"Red",1222,309,231,1696,1222,435,576,547,195,258
CAPTURE_SAMPLE,1385,"Red",1191,298,225,1658,1191,419,561,549,193,258
CAPTURE_SAMPLE,1497,"Red",1148,292,222,1594,1148,411,553,544,195,262
CAPTURE_SAMPLE,1608,"Red",1104,271,207,1517,1104,381,516,552,190,258
CAPTURE_SAMPLE,1721,"Red",1220,309,231,1699,1220,435,576,547,195,258
CAPTURE_SAMPLE,1833,"Red",1292,342,248,1821,1292,481,618,540,201,258
CAPTURE_SAMPLE,1944,"Red",1287,337,244,1800,1287,474,608,543,200,257
CAPTURE_SAMPLE,2057,"Red",1313,368,266,1887,1313,518,663,526,208,266
CAPTURE_SAMPLE,2169,"Red",1308,375,268,1894,1308,528,668,522,211,267
CAPTURE_SAMPLE,2280,"Red",1195,299,224,1652,1195,421,558,550,194,257
CAPTURE_SAMPLE,2393,"Red",879,217,173,1204,879,305,431,544,189,267
CAPTURE_SAMPLE,2502,"Red",794,201,164,1086,794,283,409,534,190,275
CAPTURE_SAMPLE,2612,"Red",836,211,170,1148,836,297,424,537,191,272
CAPTURE_SAMPLE,2723,"Red",846,204,166,1145,846,287,414,547,186,268
CAPTURE_SAMPLE,2832,"Red",889,213,172,1204,889,300,429,549,185,265
CAPTURE_SAMPLE,2942,"Red",818,202,164,1116,818,284,409,541,188,271
CAPTURE_SAMPLE,3052,"Red",1053,271,209,1471,1053,381,521,539,195,266
CAPTURE_SAMPLE,3164,"Red",1045,264,202,1450,1045,371,504,544,193,263
CAPTURE_SAMPLE,3275,"Red",982,247,192,1354,982,348,479,543,192,265
CAPTURE_SAMPLE,3386,"Red",1055,272,208,1466,1055,383,519,539,196,265
CAPTURE_SAMPLE,3498,"Red",1098,272,207,1506,1098,383,516,550,192,258
CAPTURE_SAMPLE,3609,"Red",1125,280,212,1546,1125,394,529,549,192,258
CAPTURE_SAMPLE,3722,"Red",1290,342,250,1771,1290,481,623,539,201,260
CAPTURE_SAMPLE,3834,"Red",1373,384,274,1961,1373,540,683,529,208,263
CAPTURE_SAMPLE,3945,"Red",1336,360,259,1882,1336,507,646,537,204,260
CAPTURE_SAMPLE,4058,"Red",1361,377,268,1935,1361,530,668,532,207,261
CAPTURE_SAMPLE,4169,"Red",1334,363,263,1889,1334,511,656,533,204,262
CAPTURE_SAMPLE,4281,"Red",1057,267,206,1461,1057,376,514,543,193,264
CAPTURE_SAMPLE,4394,"Red",1091,275,211,1512,1091,387,526,544,193,262
CAPTURE_SAMPLE,4505,"Red",1322,362,257,1868,1322,509,641,535,206,259
CAPTURE_SAMPLE,4617,"Red",1337,360,257,1885,1337,507,641,538,204,258
CAPTURE_SAMPLE,4730,"Red",1354,375,267,1936,1354,528,666,531,207,261
CAPTURE_SAMPLE,4841,"Red",1309,388,270,1898,1309,546,673,518,216,266
CAPTURE_SAMPLE,4953,"Red",1339,385,270,1924,1339,542,673,524,212,264
CAPTURE_SAMPLE,5065,"Red",1296,389,270,1883,1296,547,673,515,217,267
CAPTURE_SAMPLE,5177,"Red",1357,375,267,1932,1357,528,666,532,207,261
CAPTURE_SAMPLE,5289,"Red",1191,294,223,1639,1191,414,556,551,192,257
CAPTURE_SAMPLE,5401,"Red",1136,277,212,1557,1136,390,529,553,190,257
CAPTURE_SAMPLE,5513,"Red",1134,277,212,1558,1134,390,529,552,190,258
CAPTURE_SAMPLE,5625,"Red",1252,316,235,1735,1252,445,586,548,195,257
CAPTURE_SAMPLE,5737,"Red",1349,367,263,1911,1349,516,656,535,205,260
CAPTURE_SAMPLE,5849,"Red",1266,383,268,1837,1266,539,668,512,218,270
CAPTURE_SAMPLE,5960,"Red",1207,378,264,1764,1207,532,658,504,222,275
CAPTURE_SAMPLE,6073,"Red",1187,376,262,1739,1187,529,653,501,223,276
CAPTURE_SAMPLE,6185,"Red",1284,382,268,1857,1284,537,668,516,216,268
CAPTURE_SAMPLE,6296,"Red",1282,327,242,1782,1282,460,603,547,196,257
CAPTURE_SAMPLE,6409,"Red",1082,260,201,1475,1082,366,501,555,188,257
CAPTURE_SAMPLE,6521,"Red",1055,256,199,1447,1055,360,496,552,188,260
CAPTURE_SAMPLE,6632,"Red",1188,293,221,1642,1188,412,551,552,192,256
CAPTURE_SAMPLE,6745,"Red",1318,352,254,1867,1318,495,633,539,202,259
CAPTURE_SAMPLE,6856,"Red",1335,382,269,1916,1335,537,671,525,211,264
CAPTURE_SAMPLE,6968,"Red",1239,388,269,1821,1239,546,671,504,222,273
CAPTURE_SAMPLE,7081,"Red",1248,386,268,1826,1248,543,668,508,221,272
CAPTURE_SAMPLE,7192,"Red",1286,335,245,1803,1286,471,611,543,199,258
CAPTURE_SAMPLE,7304,"Red",1146,294,222,1600,1146,414,553,542,196,262
CAPTURE_SAMPLE,7417,"Red",1216,313,231,1691,1216,440,576,545,197,258
CAPTURE_SAMPLE,7528,"Red",1154,291,218,1595,1154,409,543,548,194,258
CAPTURE_SAMPLE,7640,"Red",1281,337,245,1719,1281,474,611,541,200,258
CAPTURE_SAMPLE,7752,"Red",1336,369,263,1898,1336,519,656,532,207,261
CAPTURE_SAMPLE,7864,"Red",1357,383,274,1956,1357,539,683,526,209,265
CAPTURE_SAMPLE,7976,"Red",1333,406,286,1956,1333,571,713,509,218,272
CAPTURE_SAMPLE,8088,"Red",1297,403,282,1905,1297,567,703,505,221,274
CAPTURE_SAMPLE,8200,"Red",1321,354,255,1872,1321,498,636,538,203,259
CAPTURE_SAMPLE,8312,"Red",1115,274,209,1539,1115,386,521,551,191,258
CAPTURE_SAMPLE,8424,"Red",1110,274,209,1535,1110,386,521,550,191,258
CAPTURE_SAMPLE,8536,"Red",1263,327,241,1776,1263,460,601,543,198,259
CAPTURE_SAMPLE,8647,"Red",1335,365,261,1905,1335,514,651,534,206,260
CAPTURE_SAMPLE,8760,"Red",1301,397,278,1912,1301,559,693,510,219,271
CAPTURE_SAMPLE,8872,"Red",1270,391,272,1863,1270,550,678,508,220,271
CAPTURE_SAMPLE,8983,"Red",1332,357,257,1882,1332,502,641,538,203,259
CAPTURE_SAMPLE,9096,"Red",1243,315,233,1731,1243,443,581,548,195,256
CAPTURE_SAMPLE,9208,"Red",1156,283,214,1590,1156,398,534,554,191,256
CAPTURE_SAMPLE,9319,"Red",1143,279,213,1568,1143,393,531,553,190,257
CAPTURE_SAMPLE,9432,"Red",1278,327,241,1780,1278,460,601,546,197,257
CAPTURE_SAMPLE,9543,"Red",1336,355,257,1881,1336,499,641,540,202,259
CAPTURE_SAMPLE,9655,"Red",1357,378,269,1936,1357,532,671,530,208,262
CAPTURE_SAMPLE,9768,"Red",1356,383,271,1944,1356,539,676,527,210,263
CAPTURE_SAMPLE,9879,"Red",1252,316,235,1737,1252,445,586,548,195,257
CAPTURE_SAMPLE,9991,"Red",1125,275,210,1546,1125,387,524,553,190,257
CAPTURE_SAMPLE,10104,"Red",1109,270,207,1522,1109,380,516,553,190,257
CAPTURE_SAMPLE,10216,"Red",1195,297,224,1647,1195,418,558,550,193,257
CAPTURE_SAMPLE,10329,"Red",1339,355,257,1884,1339,499,641,540,201,259
CAPTURE_SAMPLE,10442,"Red",1362,370,265,1929,1362,521,661,535,205,260
CAPTURE_SAMPLE,10555,"Red",1352,383,272,1939,1352,539,678,526,210,264
CAPTURE_SAMPLE,10668,"Red",1337,351,254,1874,1337,494,633,543,200,257
CAPTURE_SAMPLE,10781,"Red",1244,313,233,1723,1244,440,581,549,194,257
CAPTURE_SAMPLE,10894,"Red",1019,246,192,1391,1019,346,479,553,188,260
CAPTURE_SAMPLE,11007,"Red",1082,263,203,1483,1082,370,506,553,189,258
CAPTURE_SAMPLE,11120,"Red",1256,319,237,1745,1256,449,591,547,196,257
CAPTURE_SAMPLE,11233,"Red",1300,338,248,1819,1300,476,618,543,199,258
CAPTURE_SAMPLE,11346,"Red",1337,358,259,1887,1337,504,646,538,203,260
CAPTURE_SAMPLE,11459,"Red",1319,387,273,1903,1319,545,681,518,214,268
CAPTURE_SAMPLE,11572,"Red",1296,390,275,1880,1296,549,686,512,217,271
CAPTURE_SAMPLE,11685,"Red",1304,390,275,1890,1304,549,686,514,216,270
CAPTURE_SAMPLE,11798,"Red",1302,390,275,1887,1302,549,686,513,216,270
CAPTURE_SAMPLE,11911,"Red",1298,339,248,1815,1298,477,618,542,199,258
CAPTURE_SAMPLE,12025,"Red",1237,312,232,1713,1237,439,578,549,195,256
CAPTURE_SAMPLE,12137,"Red",1276,328,240,1776,1276,461,598,546,197,256
CAPTURE_SAMPLE,12250,"Red",1329,373,266,1893,1329,525,663,528,209,263
CAPTURE_SAMPLE,12363,"Red",1321,380,269,1893,1321,535,671,523,212,266
CAPTURE_SAMPLE,12476,"Red",1291,380,267,1860,1291,535,666,518,215,267
CAPTURE_SAMPLE,12589,"Red",1283,380,265,1851,1283,535,661,518,216,267
CAPTURE_SAMPLE,12702,"Red",1326,371,263,1889,1326,522,656,530,208,262
CAPTURE_SAMPLE,12815,"Red",1297,337,244,1810,1297,474,608,545,199,256
CAPTURE_SAMPLE,12928,"Red",1272,323,237,1769,1272,454,591,549,196,255
CAPTURE_SAMPLE,13041,"Red",1262,318,234,1747,1262,447,583,551,195,254
CAPTURE_SAMPLE,13154,"Red",1280,327,241,1780,1280,460,601,547,196,257
CAPTURE_SAMPLE,13267,"Red",1311,369,261,1865,1311,519,651,528,209,262
CAPTURE_SAMPLE,13380,"Red",1314,370,262,1870,1314,521,653,528,209,262
CAPTURE_SAMPLE,13493,"Red",1309,372,261,1866,1309,523,651,527,211,262
CAPTURE_SAMPLE,13606,"Red",1296,370,259,1853,1296,521,646,526,212,262
CAPTURE_SAMPLE,13719,"Red",1329,367,261,1883,1329,516,651,532,207,261
CAPTURE_SAMPLE,13832,"Red",1206,296,222,1657,1206,416,553,554,191,254
CAPTURE_SAMPLE,13946,"Red",1229,305,228,1693,1229,429,568,552,193,255
CAPTURE_SAMPLE,14058,"Red",1300,332,246,1814,1300,467,613,546,196,258
CAPTURE_SAMPLE,14171,"Red",1335,353,258,1881,1335,497,643,539,201,260
CAPTURE_SAMPLE,14285,"Red",1348,371,267,1918,1348,522,666,532,206,263
CAPTURE_SAMPLE,14397,"Red",1310,387,275,1896,1310,545,686,516,214,270
CAPTURE_SAMPLE,14510,"Red",1350,367,265,1914,1350,516,661,534,204,262
CAPTURE_SAMPLE,14623,"Red",1280,320,239,1774,1280,450,596,550,193,256
CAPTURE_SAMPLE,14736,"Red",1255,309,232,1733,1255,435,578,553,192,255
CAPTURE_SAMPLE,14849,"Red",1211,295,224,1666,1211,415,558,554,190,255
CAPTURE_SAMPLE,14962,"Red",1305,331,246,1716,1305,466,613,547,195,257
CAPTURE_SAMPLE,15075,"Red",1357,354,255,1898,1357,498,636,545,200,255
CAPTURE_SAMPLE,15188,"Red",1378,367,262,1936,1378,516,653,541,203,256
CAPTURE_SAMPLE,15301,"Red",1377,381,269,1956,1377,536,671,533,207,260
CAPTURE_SAMPLE,15414,"Red",1380,383,270,1962,1380,539,673,532,208,260
CAPTURE_SAMPLE,15527,"Red",1381,385,271,1965,1381,542,676,531,209,260
CAPTURE_SAMPLE,15640,"Red",1380,385,271,1965,1380,542,676,531,209,260
CAPTURE_SAMPLE,15753,"Red",1348,350,253,1883,1348,492,631,546,199,255
CAPTURE_SAMPLE,15866,"Red",1290,325,241,1792,1290,457,601,549,195,256
CAPTURE_SAMPLE,15979,"Red",1301,327,241,1804,1301,460,601,551,195,254
CAPTURE_SAMPLE,16092,"Red",1316,332,244,1825,1316,467,608,550,195,254
CAPTURE_SAMPLE,16206,"Red",1367,358,258,1913,1367,504,643,544,200,256
CAPTURE_SAMPLE,16318,"Red",1402,385,273,1987,1402,542,681,534,206,259
CAPTURE_SAMPLE,16431,"Red",1409,391,277,2005,1409,550,691,532,208,261
CAPTURE_SAMPLE,16544,"Red",1412,394,279,2012,1412,554,696,530,208,261
CAPTURE_SAMPLE,16657,"Red",1425,397,284,2039,1425,559,708,529,208,263
CAPTURE_SAMPLE,16770,"Red",1353,353,259,1897,1353,497,646,542,199,259
CAPTURE_SAMPLE,16883,"Red",1270,319,238,1757,1270,449,593,549,194,256
CAPTURE_SAMPLE,16996,"Red",1205,300,227,1666,1205,422,566,549,192,258
CAPTURE_SAMPLE,17109,"Red",1214,303,229,1680,1214,426,571,549,193,258
CAPTURE_SAMPLE,17222,"Red",1269,321,240,1767,1269,452,598,547,195,258
CAPTURE_SAMPLE,17335,"Red",1384,356,260,1936,1384,501,648,546,198,256
CAPTURE_SAMPLE,17448,"Red",1403,374,269,1983,1403,526,671,540,202,258
CAPTURE_SAMPLE,17561,"Red",1409,397,282,2019,1409,559,703,528,209,263
CAPTURE_SAMPLE,17674,"Red",1406,390,279,2006,1406,549,696,530,207,263
CAPTURE_SAMPLE,17787,"Red",1406,396,281,2013,1406,557,701,528,209,263
CAPTURE_SAMPLE,17900,"Red",1399,396,284,2007,1399,557,708,525,209,266
CAPTURE_SAMPLE,18013,"Red",1412,398,283,2024,1412,560,706,527,209,264
CAPTURE_SAMPLE,18127,"Red",1415,395,282,2025,1415,556,703,529,208,263
CAPTURE_SAMPLE,18239,"Red",1416,393,280,2024,1416,553,698,531,207,262
CAPTURE_SAMPLE,18352,"Red",1417,386,275,2015,1417,543,686,536,205,259
CAPTURE_SAMPLE,18466,"Red",1416,384,275,2013,1416,540,686,536,204,260
CAPTURE_SAMPLE,18578,"Red",1328,344,254,1863,1328,484,633,543,198,259
CAPTURE_SAMPLE,18691,"Red",1363,346,254,1899,1363,487,633,549,196,255
CAPTURE_SAMPLE,18804,"Red",1326,325,240,1821,1326,457,598,557,192,251
CAPTURE_SAMPLE,18917,"Red",1108,259,200,1502,1108,364,499,562,185,253
CAPTURE_SAMPLE,19030,"Red",1123,269,207,1536,1123,378,516,557,187,256
CAPTURE_SAMPLE,19143,"Red",1348,339,249,1869,1348,477,621,551,195,254
CAPTURE_SAMPLE,19256,"Red",1373,350,255,1909,1373,492,636,549,197,254
CAPTURE_SAMPLE,19369,"Red",1362,375,266,1928,1362,528,663,533,207,260
CAPTURE_SAMPLE,19482,"Red",1334,378,266,1897,1334,532,663,527,210,262
CAPTURE_SAMPLE,19595,"Red",1348,384,271,1925,1348,540,676,526,211,264
CAPTURE_SAMPLE,19708,"Red",1180,292,220,1625,1180,411,548,552,192,256
CAPTURE_SAMPLE,19821,"Red",1142,280,213,1567,1142,394,531,552,191,257
CAPTURE_SAMPLE,19934,"Red",1112,269,205,1519,1112,378,511,556,189,255
CAPTURE_END,"Red",178,20047
Timed capture complete for Red: duration_s=20, elapsed_ms=20047, sample_count=178
cal "Yellow" 20
CAPTURE_BEGIN,"Yellow",20
Timed capture started for Yellow (20 s)
CAPTURE_SAMPLE,56,"Yellow",2144,1356,492,4114,2144,1908,1227,406,361,232
CAPTURE_SAMPLE,187,"Yellow",3414,2218,740,6674,3414,3121,1845,407,372,220
CAPTURE_SAMPLE,304,"Yellow",4430,2956,953,8789,4430,4159,2376,404,379,217
CAPTURE_SAMPLE,422,"Yellow",5809,4112,1270,11907,5809,5786,3166,394,392,214
CAPTURE_SAMPLE,540,"Yellow",5891,4188,1287,12097,5891,5893,3208,393,393,214
CAPTURE_SAMPLE,659,"Yellow",5795,4057,1249,11812,5795,5708,3114,396,391,213
CAPTURE_SAMPLE,779,"Yellow",5763,4012,1237,11715,5763,5645,3084,398,390,213
CAPTURE_SAMPLE,898,"Yellow",5024,3384,1069,10034,5024,4761,2665,404,382,214
CAPTURE_SAMPLE,1018,"Yellow",3865,2533,825,7599,3865,3564,2057,407,376,217
CAPTURE_SAMPLE,1135,"Yellow",3600,2359,772,7078,3600,3319,1925,407,375,218
CAPTURE_SAMPLE,1254,"Yellow",3270,2136,706,6410,3270,3005,1760,407,374,219
CAPTURE_SAMPLE,1372,"Yellow",3060,1991,664,5982,3060,2801,1655,407,373,220
CAPTURE_SAMPLE,1490,"Yellow",3678,2411,790,7233,3678,3392,1969,407,375,218
CAPTURE_SAMPLE,1609,"Yellow",4760,3203,1016,9512,4760,4507,2533,403,382,215
CAPTURE_SAMPLE,1727,"Yellow",5768,4087,1251,11839,5768,5750,3119,394,393,213
CAPTURE_SAMPLE,1848,"Yellow",6040,4398,1324,12570,6040,6188,3301,389,398,213
CAPTURE_SAMPLE,1968,"Yellow",5035,3466,1087,10176,5035,4877,2710,399,386,215
CAPTURE_SAMPLE,2089,"Yellow",4482,3025,964,8965,4482,4256,2403,402,382,216
CAPTURE_SAMPLE,2207,"Yellow",4255,2869,919,8499,4255,4037,2291,402,381,216
CAPTURE_SAMPLE,2325,"Yellow",3978,2664,862,7925,3978,3748,2149,403,380,218
CAPTURE_SAMPLE,2443,"Yellow",4733,3230,1024,9534,4733,4545,2553,400,384,216
CAPTURE_SAMPLE,2562,"Yellow",6036,4428,1337,12617,6036,6230,3333,387,399,214
CAPTURE_SAMPLE,2683,"Yellow",6029,4419,1339,12596,6029,6218,3338,387,399,214
CAPTURE_SAMPLE,2803,"Yellow",5340,3726,1163,10884,5340,5242,2899,396,389,215
CAPTURE_SAMPLE,2923,"Yellow",4655,3145,996,9322,4655,4425,2483,403,383,215
CAPTURE_SAMPLE,3041,"Yellow",4093,2729,878,7980,4093,3840,2189,404,379,216
CAPTURE_SAMPLE,3160,"Yellow",4453,2998,953,8895,4453,4218,2376,403,382,215
CAPTURE_SAMPLE,3278,"Yellow",5522,3861,1192,11259,5522,5432,2972,397,390,213
CAPTURE_SAMPLE,3398,"Yellow",6014,4335,1308,12455,6014,6099,3261,391,397,212
CAPTURE_SAMPLE,3518,"Yellow",6129,4525,1341,12834,6129,6367,3343,387,402,211
CAPTURE_SAMPLE,3639,"Yellow",6133,4522,1335,12831,6133,6362,3328,388,402,210
CAPTURE_SAMPLE,3759,"Yellow",5572,3900,1200,11362,5572,5487,2992,397,391,213
CAPTURE_SAMPLE,3879,"Yellow",3856,2549,822,7611,3856,3586,2049,406,378,216
CAPTURE_SAMPLE,3998,"Yellow",3705,2438,790,7295,3705,3430,1969,407,377,216
CAPTURE_SAMPLE,4115,"Yellow",4259,2845,909,8460,4259,4003,2266,405,380,215
CAPTURE_SAMPLE,4234,"Yellow",5239,3598,1121,10574,5239,5062,2795,400,387,213
CAPTURE_SAMPLE,4354,"Yellow",5774,4068,1245,11816,5774,5724,3104,395,392,213
CAPTURE_SAMPLE,4475,"Yellow",5820,4103,1258,11912,5820,5773,3136,395,392,213
CAPTURE_SAMPLE,4595,"Yellow",4112,2741,878,8160,4112,3857,2189,405,380,215
CAPTURE_SAMPLE,4713,"Yellow",3494,2294,746,6868,3494,3228,1860,407,376,217
CAPTURE_SAMPLE,4831,"Yellow",3694,2436,789,7283,3694,3427,1967,406,377,216
CAPTURE_SAMPLE,4949,"Yellow",3295,2156,706,6896,3295,3033,1760,407,375,218
CAPTURE_SAMPLE,5068,"Yellow",2751,1790,595,5371,2751,2519,1483,407,373,220
CAPTURE_SAMPLE,5185,"Yellow",3238,2119,694,6355,3238,2981,1730,407,375,218
CAPTURE_SAMPLE,5304,"Yellow",4479,3014,958,8937,4479,4241,2388,403,382,215
CAPTURE_SAMPLE,5422,"Yellow",5362,3701,1147,10847,5362,5207,2859,399,388,213
CAPTURE_SAMPLE,5543,"Yellow",6056,4345,1317,12510,6056,6113,3283,392,396,212
CAPTURE_SAMPLE,5663,"Yellow",6213,4549,1352,12962,6213,6400,3371,389,400,211
CAPTURE_SAMPLE,5783,"Yellow",6192,4585,1346,12988,6192,6451,3356,387,403,210
CAPTURE_SAMPLE,5903,"Yellow",6242,4607,1361,13075,6242,6482,3393,387,402,211
CAPTURE_SAMPLE,6024,"Yellow",6101,4407,1327,12647,6101,6201,3308,391,397,212
CAPTURE_SAMPLE,6144,"Yellow",5825,4130,1262,11963,5825,5811,3146,394,393,213
CAPTURE_SAMPLE,6264,"Yellow",5576,3911,1201,11381,5576,5503,2994,396,391,213
CAPTURE_SAMPLE,6384,"Yellow",5350,3716,1148,10858,5350,5228,2862,398,389,213
CAPTURE_SAMPLE,6504,"Yellow",4625,3125,986,9250,4625,4397,2458,403,383,214
CAPTURE_SAMPLE,6623,"Yellow",4054,2710,866,8056,4054,3813,2159,404,380,215
CAPTURE_SAMPLE,6741,"Yellow",4113,2755,880,8179,4113,3876,2194,404,381,215
CAPTURE_SAMPLE,6860,"Yellow",3345,2199,717,6578,3345,3094,1787,407,376,217
CAPTURE_SAMPLE,6977,"Yellow",2948,1922,634,5767,2948,2704,1581,408,374,219
CAPTURE_SAMPLE,7096,"Yellow",3491,2296,745,6869,3491,3230,1857,407,377,216
CAPTURE_SAMPLE,7214,"Yellow",3762,2490,802,7427,3762,3503,1999,406,378,216
CAPTURE_SAMPLE,7332,"Yellow",4448,2993,950,8872,4448,4211,2368,403,382,215
CAPTURE_SAMPLE,7450,"Yellow",4748,3202,1017,9496,4748,4505,2535,403,382,215
CAPTURE_SAMPLE,7569,"Yellow",4916,3321,1046,9840,4916,4673,2608,403,383,214
CAPTURE_SAMPLE,7689,"Yellow",5240,3592,1120,10568,5240,5054,2792,400,386,213
CAPTURE_SAMPLE,7809,"Yellow",5484,3800,1175,11122,5484,5347,2929,399,389,213
CAPTURE_SAMPLE,7930,"Yellow",5807,4078,1245,11862,5807,5738,3104,396,392,212
CAPTURE_SAMPLE,8049,"Yellow",6006,4274,1294,12353,6006,6014,3226,394,394,212
CAPTURE_SAMPLE,8170,"Yellow",6151,4416,1325,12711,6151,6213,3303,393,397,211
CAPTURE_SAMPLE,8290,"Yellow",5907,4177,1274,12113,5907,5877,3176,395,393,212
CAPTURE_SAMPLE,8410,"Yellow",5200,3571,1118,10498,5200,5024,2787,400,386,214
CAPTURE_SAMPLE,8531,"Yellow",4952,3365,1061,9942,4952,4735,2645,402,384,214
CAPTURE_SAMPLE,8650,"Yellow",4898,3324,1052,9827,4898,4677,2623,402,383,215
CAPTURE_SAMPLE,8769,"Yellow",5046,3451,1086,10164,5046,4856,2707,400,385,215
CAPTURE_SAMPLE,8889,"Yellow",4315,2898,930,8606,4315,4077,2318,403,381,216
CAPTURE_SAMPLE,9008,"Yellow",3900,2594,831,7715,3900,3650,2072,405,379,215
CAPTURE_SAMPLE,9126,"Yellow",4562,3079,978,8744,4562,4332,2438,403,382,215
CAPTURE_SAMPLE,9244,"Yellow",4872,3311,1048,9782,4872,4659,2613,401,384,215
CAPTURE_SAMPLE,9363,"Yellow",5344,3695,1151,10824,5344,5199,2869,398,388,214
CAPTURE_SAMPLE,9483,"Yellow",5825,4105,1256,11921,5825,5776,3131,395,392,213
CAPTURE_SAMPLE,9604,"Yellow",6195,4470,1343,12833,6195,6289,3348,391,397,211
CAPTURE_SAMPLE,9724,"Yellow",6308,4612,1373,13164,6308,6489,3423,389,400,211
CAPTURE_SAMPLE,9845,"Yellow",6110,4372,1327,12612,6110,6151,3308,392,395,212
CAPTURE_SAMPLE,9964,"Yellow",5569,3882,1208,11336,5569,5462,3012,397,389,214
CAPTURE_SAMPLE,10085,"Yellow",5289,3644,1142,10696,5289,5127,2847,399,387,215
CAPTURE_SAMPLE,10206,"Yellow",5385,3721,1164,10910,5385,5235,2902,398,387,215
CAPTURE_SAMPLE,10328,"Yellow",5571,3871,1208,11319,5571,5446,3012,397,388,215
CAPTURE_SAMPLE,10449,"Yellow",5650,3934,1221,11489,5650,5535,3044,397,389,214
CAPTURE_SAMPLE,10571,"Yellow",5944,4193,1284,12170,5944,5900,3201,395,392,213
CAPTURE_SAMPLE,10691,"Yellow",5997,4240,1295,12294,5997,5966,3228,395,393,212
CAPTURE_SAMPLE,10813,"Yellow",6141,4384,1327,12654,6141,6168,3308,393,395,212
CAPTURE_SAMPLE,10934,"Yellow",6190,4429,1335,12768,6190,6232,3328,393,396,211
CAPTURE_SAMPLE,11056,"Yellow",6329,4606,1370,13167,6329,6481,3415,390,399,210
CAPTURE_SAMPLE,11177,"Yellow",6026,4461,1290,12625,6026,6277,3216,388,404,207
CAPTURE_SAMPLE,11299,"Yellow",6022,4452,1288,12610,6022,6264,3211,389,404,207
CAPTURE_SAMPLE,11419,"Yellow",6133,4548,1321,12868,6133,6399,3293,388,404,208
CAPTURE_SAMPLE,11540,"Yellow",6344,4648,1379,13251,6344,6540,3438,389,401,211
CAPTURE_SAMPLE,11662,"Yellow",5875,4146,1275,12035,5875,5833,3179,395,392,214
CAPTURE_SAMPLE,11783,"Yellow",5711,4001,1240,11657,5711,5629,3091,396,390,214
CAPTURE_SAMPLE,11905,"Yellow",5828,4107,1268,11932,5828,5779,3161,395,391,214
CAPTURE_SAMPLE,12026,"Yellow",6209,4477,1352,12863,6209,6299,3371,391,397,212
CAPTURE_SAMPLE,12148,"Yellow",6310,4600,1376,13142,6310,6472,3430,389,399,212
CAPTURE_SAMPLE,12268,"Yellow",6315,4665,1372,13239,6315,6564,3420,387,403,210
CAPTURE_SAMPLE,12390,"Yellow",6229,4619,1350,13080,6229,6499,3366,387,404,209
CAPTURE_SAMPLE,12511,"Yellow",6052,4483,1302,12690,6052,6308,3246,388,404,208
CAPTURE_SAMPLE,12633,"Yellow",6231,4618,1351,13081,6231,6498,3368,387,404,209
CAPTURE_SAMPLE,12754,"Yellow",6336,4657,1377,13250,6336,6552,3433,388,401,210
CAPTURE_SAMPLE,12876,"Yellow",6269,4542,1365,13022,6269,6391,3403,390,398,212
CAPTURE_SAMPLE,12996,"Yellow",6057,4321,1318,12477,6057,6080,3286,393,394,213
CAPTURE_SAMPLE,13118,"Yellow",5781,4063,1251,11822,5781,5717,3119,395,391,213
CAPTURE_SAMPLE,13239,"Yellow",5799,4078,1256,11858,5799,5738,3131,395,391,213
CAPTURE_SAMPLE,13361,"Yellow",6155,4415,1336,12721,6155,6212,3331,392,396,212
CAPTURE_SAMPLE,13482,"Yellow",6305,4587,1370,13118,6305,6454,3415,390,399,211
CAPTURE_SAMPLE,13604,"Yellow",6337,4643,1377,13233,6337,6533,3433,389,401,211
CAPTURE_SAMPLE,13724,"Yellow",6301,4654,1365,13203,6301,6548,3403,388,403,209
CAPTURE_SAMPLE,13846,"Yellow",6187,4583,1332,12979,6187,6448,3321,388,404,208
CAPTURE_SAMPLE,13967,"Yellow",6111,4529,1314,12818,6111,6372,3276,388,404,208
CAPTURE_SAMPLE,14088,"Yellow",6038,4469,1295,12655,6038,6288,3228,388,404,208
CAPTURE_SAMPLE,14210,"Yellow",6100,4523,1314,12800,6100,6364,3276,388,404,208
CAPTURE_SAMPLE,14331,"Yellow",6336,4660,1376,13253,6336,6557,3430,388,402,210
CAPTURE_SAMPLE,14453,"Yellow",6265,4533,1362,12999,6265,6378,3395,391,398,212
CAPTURE_SAMPLE,14573,"Yellow",6183,4442,1344,12777,6183,6250,3351,392,396,212
CAPTURE_SAMPLE,14695,"Yellow",6163,4424,1341,12736,6163,6225,3343,392,396,213
CAPTURE_SAMPLE,14816,"Yellow",6176,4440,1343,12772,6176,6247,3348,392,396,212
CAPTURE_SAMPLE,14938,"Yellow",6102,4366,1330,12589,6102,6143,3316,392,395,213
CAPTURE_SAMPLE,15059,"Yellow",6082,4346,1325,12531,6082,6115,3303,392,395,213
CAPTURE_SAMPLE,15181,"Yellow",6232,4500,1360,12919,6232,6331,3390,391,397,212
CAPTURE_SAMPLE,15301,"Yellow",6339,4647,1383,13244,6339,6538,3448,388,400,211
CAPTURE_SAMPLE,15423,"Yellow",6312,4663,1373,13232,6312,6561,3423,387,403,210
CAPTURE_SAMPLE,15544,"Yellow",6292,4651,1366,13194,6292,6544,3405,387,403,210
CAPTURE_SAMPLE,15666,"Yellow",6103,4520,1313,12798,6103,6360,3273,388,404,208
CAPTURE_SAMPLE,15787,"Yellow",6163,4569,1331,12934,6163,6429,3318,387,404,209
CAPTURE_SAMPLE,15909,"Yellow",6332,4635,1380,13215,6332,6521,3440,389,400,211
CAPTURE_SAMPLE,16030,"Yellow",6189,4458,1350,12809,6189,6272,3366,391,396,213
CAPTURE_SAMPLE,16151,"Yellow",5987,4264,1310,12326,5987,5999,3266,393,393,214
CAPTURE_SAMPLE,16272,"Yellow",6041,4315,1322,12454,6041,6071,3296,392,394,214
CAPTURE_SAMPLE,16394,"Yellow",6229,4507,1365,12932,6229,6341,3403,390,397,213
CAPTURE_SAMPLE,16515,"Yellow",6330,4654,1383,13251,6330,6548,3448,388,401,211
CAPTURE_SAMPLE,16636,"Yellow",6231,4626,1359,13102,6231,6509,3388,386,404,210
CAPTURE_SAMPLE,16758,"Yellow",6035,4467,1301,12660,6035,6285,3243,388,404,208
CAPTURE_SAMPLE,16878,"Yellow",6057,4492,1308,12711,6057,6320,3261,387,404,209
CAPTURE_SAMPLE,17000,"Yellow",6303,4664,1378,13233,6303,6562,3435,387,403,211
CAPTURE_SAMPLE,17121,"Yellow",6225,4504,1366,12926,6225,6337,3405,390,397,213
CAPTURE_SAMPLE,17243,"Yellow",6039,4317,1322,12460,6039,6074,3296,392,394,214
CAPTURE_SAMPLE,17364,"Yellow",5908,4193,1292,12141,5908,5900,3221,393,393,214
CAPTURE_SAMPLE,17486,"Yellow",5331,3698,1156,10823,5331,5203,2882,397,388,215
CAPTURE_SAMPLE,17606,"Yellow",4923,3368,1063,9918,4923,4739,2650,400,385,215
CAPTURE_SAMPLE,17727,"Yellow",4890,3342,1050,9835,4890,4702,2618,400,385,214
CAPTURE_SAMPLE,17847,"Yellow",5367,3731,1163,10901,5367,5250,2899,397,388,214
CAPTURE_SAMPLE,17969,"Yellow",5486,3829,1192,11170,5486,5387,2972,396,389,215
CAPTURE_SAMPLE,18090,"Yellow",6066,4348,1329,12534,6066,6118,3313,391,395,214
CAPTURE_SAMPLE,18212,"Yellow",6279,4583,1382,13103,6279,6448,3445,388,399,213
CAPTURE_SAMPLE,18332,"Yellow",6263,4561,1375,13050,6263,6417,3428,389,398,213
CAPTURE_SAMPLE,18454,"Yellow",6204,4617,1358,13061,6204,6496,3385,386,404,210
CAPTURE_SAMPLE,18575,"Yellow",6109,4538,1321,12830,6109,6385,3293,387,404,209
CAPTURE_SAMPLE,18697,"Yellow",6233,4633,1357,13105,6233,6519,3383,386,404,210
CAPTURE_SAMPLE,18818,"Yellow",6171,4455,1351,12802,6171,6268,3368,390,397,213
CAPTURE_SAMPLE,18940,"Yellow",5896,4188,1290,12129,5896,5893,3216,393,393,214
CAPTURE_SAMPLE,19061,"Yellow",5526,3866,1200,11268,5526,5439,2992,396,390,214
CAPTURE_SAMPLE,19181,"Yellow",5057,3479,1093,10218,5057,4895,2725,399,386,215
CAPTURE_SAMPLE,19303,"Yellow",4873,3334,1053,9817,4873,4691,2625,400,385,215
CAPTURE_SAMPLE,19423,"Yellow",5036,3470,1091,10188,5036,4882,2720,398,386,215
CAPTURE_SAMPLE,19545,"Yellow",4753,3268,1020,9588,4753,4598,2543,400,387,214
CAPTURE_SAMPLE,19665,"Yellow",4908,3388,1058,9929,4908,4767,2638,399,387,214
CAPTURE_SAMPLE,19786,"Yellow",4791,3300,1032,9684,4791,4643,2573,399,387,214
CAPTURE_SAMPLE,19905,"Yellow",5492,3864,1199,11235,5492,5437,2989,395,391,215
CAPTURE_END,"Yellow",166,20027
Timed capture complete for Yellow: duration_s=20, elapsed_ms=20027, sample_count=166
cal "Magenta" 20
CAPTURE_BEGIN,"Magenta",20
Timed capture started for Magenta (20 s)
CAPTURE_SAMPLE,59,"Magenta",2528,807,739,4022,2528,1135,1842,459,206,335
CAPTURE_SAMPLE,189,"Magenta",2782,921,827,4480,2782,1296,2062,453,211,336
CAPTURE_SAMPLE,306,"Magenta",2903,1018,901,4784,2903,1432,2246,441,218,341
CAPTURE_SAMPLE,425,"Magenta",2888,1034,913,4793,2888,1455,2276,436,220,344
CAPTURE_SAMPLE,543,"Magenta",2590,960,858,4321,2590,1351,2139,426,222,352
CAPTURE_SAMPLE,659,"Magenta",2605,967,863,4349,2605,1361,2151,426,222,352
CAPTURE_SAMPLE,777,"Magenta",2609,968,862,4358,2609,1362,2149,426,223,351
CAPTURE_SAMPLE,894,"Magenta",2473,912,820,4103,2473,1283,2044,426,221,352
CAPTURE_SAMPLE,1012,"Magenta",2548,944,841,4243,2548,1328,2097,427,222,351
CAPTURE_SAMPLE,1129,"Magenta",2876,1043,915,4788,2876,1468,2281,434,222,344
CAPTURE_SAMPLE,1249,"Magenta",2908,1012,896,4773,2908,1424,2234,443,217,340
CAPTURE_SAMPLE,1368,"Magenta",2805,948,850,4555,2805,1334,2119,448,213,339
CAPTURE_SAMPLE,1486,"Magenta",2794,947,850,4546,2794,1332,2119,447,213,339
CAPTURE_SAMPLE,1604,"Magenta",2781,941,845,4520,2781,1324,2107,448,213,339
CAPTURE_SAMPLE,1722,"Magenta",2744,923,831,4449,2744,1299,2072,449,212,339
CAPTURE_SAMPLE,1841,"Magenta",2802,954,856,4566,2802,1342,2134,446,214,340
CAPTURE_SAMPLE,1959,"Magenta",2895,1028,912,4793,2895,1446,2274,438,219,344
CAPTURE_SAMPLE,2079,"Magenta",2592,958,864,4322,2592,1348,2154,425,221,353
CAPTURE_SAMPLE,2196,"Magenta",2700,996,891,4515,2700,1401,2221,427,222,351
CAPTURE_SAMPLE,2314,"Magenta",1773,541,508,2759,1773,761,1266,467,200,333
CAPTURE_SAMPLE,2432,"Magenta",1864,572,535,2908,1864,805,1334,466,201,333
CAPTURE_SAMPLE,2549,"Magenta",2896,992,888,4737,2896,1396,2214,445,215,340
CAPTURE_SAMPLE,2667,"Magenta",2906,1039,924,4824,2906,1462,2304,436,219,345
CAPTURE_SAMPLE,2786,"Magenta",2610,948,859,4322,2610,1334,2141,429,219,352
CAPTURE_SAMPLE,2905,"Magenta",2708,987,887,4503,2708,1389,2211,429,220,351
CAPTURE_SAMPLE,3023,"Magenta",2305,737,676,3669,2305,1037,1685,459,206,335
CAPTURE_SAMPLE,3140,"Magenta",2275,725,665,3613,2275,1020,1658,459,206,335
CAPTURE_SAMPLE,3259,"Magenta",2884,994,888,4730,2884,1399,2214,444,215,341
CAPTURE_SAMPLE,3377,"Magenta",2722,995,892,4533,2722,1400,2224,429,221,350
CAPTURE_SAMPLE,3496,"Magenta",2431,870,798,3971,2431,1224,1989,431,217,352
CAPTURE_SAMPLE,3614,"Magenta",2302,804,749,3701,2302,1131,1867,434,213,352
CAPTURE_SAMPLE,3732,"Magenta",2638,962,867,4377,2638,1354,2161,429,220,351
CAPTURE_SAMPLE,3850,"Magenta",2750,910,822,4441,2750,1280,2049,452,211,337
CAPTURE_SAMPLE,3968,"Magenta",2784,926,834,4497,2784,1303,2079,452,211,337
CAPTURE_SAMPLE,4087,"Magenta",2856,985,882,4651,2856,1386,2199,443,215,341
CAPTURE_SAMPLE,4204,"Magenta",2902,1035,920,4815,2902,1456,2294,436,219,345
CAPTURE_SAMPLE,4324,"Magenta",2652,972,870,4412,2652,1368,2169,429,221,350
CAPTURE_SAMPLE,4442,"Magenta",2710,998,888,4521,2710,1404,2214,428,222,350
CAPTURE_SAMPLE,4561,"Magenta",2479,910,824,4096,2479,1280,2054,426,220,353
CAPTURE_SAMPLE,4678,"Magenta",2528,934,840,4201,2528,1314,2094,426,221,353
CAPTURE_SAMPLE,4797,"Magenta",2894,1044,924,4822,2894,1469,2304,434,220,346
CAPTURE_SAMPLE,4916,"Magenta",2759,920,826,4462,2759,1294,2059,451,212,337
CAPTURE_SAMPLE,5034,"Magenta",2545,822,747,4065,2545,1157,1862,457,208,335
CAPTURE_SAMPLE,5153,"Magenta",2628,857,776,4215,2628,1206,1935,456,209,335
CAPTURE_SAMPLE,5270,"Magenta",2645,866,784,4251,2645,1218,1955,455,209,336
CAPTURE_SAMPLE,5389,"Magenta",2799,939,842,4542,2799,1321,2099,450,212,338
CAPTURE_SAMPLE,5507,"Magenta",2676,879,796,4312,2676,1237,1984,454,210,336
CAPTURE_SAMPLE,5626,"Magenta",2350,751,688,3746,2350,1057,1715,459,206,335
CAPTURE_SAMPLE,5743,"Magenta",2705,899,811,4379,2705,1265,2022,451,211,337
CAPTURE_SAMPLE,5861,"Magenta",2873,990,882,4712,2873,1393,2199,444,215,340
CAPTURE_SAMPLE,5980,"Magenta",2910,1011,898,4786,2910,1422,2239,443,216,341
CAPTURE_SAMPLE,6099,"Magenta",2901,998,885,4745,2901,1404,2206,446,216,339
CAPTURE_SAMPLE,6218,"Magenta",2863,969,863,4656,2863,1363,2151,449,214,337
CAPTURE_SAMPLE,6335,"Magenta",2728,898,809,4392,2728,1263,2017,454,210,336
CAPTURE_SAMPLE,6454,"Magenta",2683,877,794,4317,2683,1234,1979,455,209,336
CAPTURE_SAMPLE,6572,"Magenta",2610,848,770,4192,2610,1193,1920,456,208,335
CAPTURE_SAMPLE,6690,"Magenta",2750,914,821,4443,2750,1286,2047,452,211,337
CAPTURE_SAMPLE,6808,"Magenta",2855,961,859,4636,2855,1352,2141,450,213,337
CAPTURE_SAMPLE,6926,"Magenta",2610,835,758,4157,2610,1175,1890,460,207,333
CAPTURE_SAMPLE,7045,"Magenta",2622,835,758,4163,2622,1175,1890,461,207,332
CAPTURE_SAMPLE,7163,"Magenta",2471,777,707,3892,2471,1093,1763,464,205,331
CAPTURE_SAMPLE,7282,"Magenta",2710,874,790,4329,2710,1230,1969,459,208,333
CAPTURE_SAMPLE,7399,"Magenta",2578,844,767,4155,2578,1188,1912,454,209,337
CAPTURE_SAMPLE,7518,"Magenta",2534,838,759,4101,2534,1179,1892,452,210,338
CAPTURE_SAMPLE,7636,"Magenta",2798,974,870,4618,2798,1370,2169,442,216,342
CAPTURE_SAMPLE,7754,"Magenta",2588,825,746,4108,2588,1161,1860,461,207,332
CAPTURE_SAMPLE,7872,"Magenta",2635,832,753,4160,2635,1171,1877,464,206,330
CAPTURE_SAMPLE,7990,"Magenta",2927,1000,883,4773,2927,1407,2201,448,215,337
CAPTURE_SAMPLE,8110,"Magenta",2759,1023,912,4631,2759,1439,2274,426,222,351
CAPTURE_SAMPLE,8229,"Magenta",2811,1037,924,4723,2811,1459,2304,428,222,350
CAPTURE_SAMPLE,8349,"Magenta",2848,1044,927,4776,2848,1469,2311,430,222,349
CAPTURE_SAMPLE,8467,"Magenta",2696,1003,898,4521,2696,1411,2239,425,222,353
CAPTURE_SAMPLE,8586,"Magenta",2593,962,866,4330,2593,1354,2159,425,222,354
CAPTURE_SAMPLE,8705,"Magenta",2884,1010,897,4758,2884,1421,2236,441,217,342
CAPTURE_SAMPLE,8824,"Magenta",2569,835,757,4116,2569,1175,1887,456,209,335
CAPTURE_SAMPLE,8942,"Magenta",2896,1040,919,4816,2896,1463,2291,435,220,345
CAPTURE_SAMPLE,9061,"Magenta",2590,959,861,4318,2590,1349,2146,426,222,353
CAPTURE_SAMPLE,9180,"Magenta",2528,933,842,4201,2528,1313,2099,426,221,353
CAPTURE_SAMPLE,9298,"Magenta",2667,873,787,4285,2667,1228,1962,455,210,335
CAPTURE_SAMPLE,9417,"Magenta",2084,641,595,3264,2084,902,1483,466,202,332
CAPTURE_SAMPLE,9533,"Magenta",2062,636,590,3237,2062,895,1471,466,202,332
CAPTURE_SAMPLE,9650,"Magenta",2371,745,682,3748,2371,1048,1700,463,205,332
CAPTURE_SAMPLE,9769,"Magenta",2489,783,712,3926,2489,1102,1775,464,205,331
CAPTURE_SAMPLE,9887,"Magenta",2614,836,759,4161,2614,1176,1892,460,207,333
CAPTURE_SAMPLE,10005,"Magenta",2685,890,801,4336,2685,1252,1997,452,211,337
CAPTURE_SAMPLE,10124,"Magenta",2585,862,781,4198,2585,1213,1947,450,211,339
CAPTURE_SAMPLE,10244,"Magenta",2726,918,826,4439,2726,1292,2059,449,213,339
CAPTURE_SAMPLE,10363,"Magenta",2609,869,785,4227,2609,1223,1957,451,211,338
CAPTURE_SAMPLE,10482,"Magenta",2648,881,792,4279,2648,1240,1974,452,212,337
CAPTURE_SAMPLE,10601,"Magenta",2751,913,815,4433,2751,1285,2032,453,212,335
CAPTURE_SAMPLE,10720,"Magenta",2273,700,643,3542,2273,985,1603,468,203,330
CAPTURE_SAMPLE,10839,"Magenta",2321,720,660,3633,2321,1013,1645,466,203,330
CAPTURE_SAMPLE,10958,"Magenta",2636,868,783,4245,2636,1221,1952,454,210,336
CAPTURE_SAMPLE,11077,"Magenta",2646,882,793,4275,2646,1241,1977,451,212,337
CAPTURE_SAMPLE,11196,"Magenta",2793,941,841,4541,2793,1324,2097,449,213,337
CAPTURE_SAMPLE,11316,"Magenta",2847,1036,908,4748,2847,1458,2264,433,222,345
CAPTURE_SAMPLE,11436,"Magenta",2577,956,847,4303,2577,1345,2112,427,223,350
CAPTURE_SAMPLE,11555,"Magenta",2576,955,848,4298,2576,1344,2114,427,223,350
CAPTURE_SAMPLE,11674,"Magenta",1405,425,404,2172,1405,598,1007,467,199,335
CAPTURE_SAMPLE,11792,"Magenta",1655,503,473,2572,1655,708,1179,467,200,333
CAPTURE_SAMPLE,11911,"Magenta",1595,501,469,2516,1595,705,1169,460,203,337
CAPTURE_SAMPLE,12029,"Magenta",2008,634,585,3185,2008,892,1458,461,205,335
CAPTURE_SAMPLE,12148,"Magenta",2473,789,716,3934,2473,1110,1785,461,207,333
CAPTURE_SAMPLE,12266,"Magenta",2420,750,688,3798,2420,1055,1715,466,203,330
CAPTURE_SAMPLE,12386,"Magenta",2348,716,658,3658,2348,1007,1640,470,202,328
CAPTURE_SAMPLE,12505,"Magenta",2628,847,767,4202,2628,1192,1912,458,208,334
CAPTURE_SAMPLE,12624,"Magenta",1853,579,540,2925,1853,815,1346,462,203,335
CAPTURE_SAMPLE,12742,"Magenta",1783,559,523,2820,1783,787,1304,460,203,337
CAPTURE_SAMPLE,12860,"Magenta",2654,855,771,4236,2654,1203,1922,459,208,333
CAPTURE_SAMPLE,12980,"Magenta",2522,784,714,3957,2522,1103,1780,467,204,329
CAPTURE_SAMPLE,13099,"Magenta",2233,689,633,3489,2233,969,1578,467,203,330
CAPTURE_SAMPLE,13218,"Magenta",1885,578,540,2946,1885,813,1346,466,201,333
CAPTURE_SAMPLE,13335,"Magenta",1946,593,554,3039,1946,834,1381,468,200,332
CAPTURE_SAMPLE,13454,"Magenta",2159,664,617,3387,2159,934,1538,466,202,332
CAPTURE_SAMPLE,13572,"Magenta",2106,663,610,3326,2106,933,1521,462,205,334
CAPTURE_SAMPLE,13690,"Magenta",1809,565,527,2844,1809,795,1314,462,203,335
CAPTURE_SAMPLE,13808,"Magenta",2002,621,577,3149,2002,874,1438,464,203,333
CAPTURE_SAMPLE,13926,"Magenta",2178,673,624,3428,2178,947,1556,465,202,332
CAPTURE_SAMPLE,14045,"Magenta",2166,678,623,3418,2166,954,1553,464,204,332
CAPTURE_SAMPLE,14163,"Magenta",2022,633,585,3182,2022,891,1458,463,204,334
CAPTURE_SAMPLE,14281,"Magenta",1980,615,573,3114,1980,865,1428,463,202,334
CAPTURE_SAMPLE,14399,"Magenta",2171,677,678,3425,2171,953,1690,451,198,351
CAPTURE_SAMPLE,14517,"Magenta",2414,767,699,3837,2414,1079,1743,461,206,333
CAPTURE_SAMPLE,14637,"Magenta",2287,725,663,3626,2287,1020,1653,461,206,333
CAPTURE_SAMPLE,14756,"Magenta",2366,752,688,3762,2366,1058,1715,460,206,334
CAPTURE_SAMPLE,14875,"Magenta",2457,785,716,3915,2457,1104,1785,460,207,334
CAPTURE_SAMPLE,14994,"Magenta",2486,796,724,3960,2486,1120,1805,459,207,334
CAPTURE_SAMPLE,15114,"Magenta",2546,812,736,4043,2546,1142,1835,461,207,332
CAPTURE_SAMPLE,15233,"Magenta",2766,904,812,4444,2766,1272,2024,456,210,334
CAPTURE_SAMPLE,15352,"Magenta",2732,891,804,4388,2732,1254,2004,456,209,335
CAPTURE_SAMPLE,15471,"Magenta",2676,872,787,4295,2676,1227,1962,456,209,335
CAPTURE_SAMPLE,15590,"Magenta",2344,743,679,3716,2344,1045,1693,461,206,333
CAPTURE_SAMPLE,15710,"Magenta",2573,834,755,4120,2573,1173,1882,457,208,334
CAPTURE_SAMPLE,15829,"Magenta",2775,925,827,4489,2775,1301,2062,452,212,336
CAPTURE_SAMPLE,15949,"Magenta",2862,970,863,4664,2862,1365,2151,449,214,337
CAPTURE_SAMPLE,16067,"Magenta",2914,1001,890,4778,2914,1408,2219,445,215,339
CAPTURE_SAMPLE,16188,"Magenta",2921,1037,915,4840,2921,1459,2281,439,219,342
CAPTURE_SAMPLE,16308,"Magenta",2815,1039,914,4701,2815,1462,2279,429,223,348
CAPTURE_SAMPLE,16428,"Magenta",2821,955,852,4594,2821,1344,2124,449,214,338
CAPTURE_SAMPLE,16548,"Magenta",2197,697,639,3485,2197,981,1593,460,206,334
CAPTURE_SAMPLE,16665,"Magenta",2608,851,770,4189,2608,1197,1920,456,209,335
CAPTURE_SAMPLE,16785,"Magenta",2879,1039,915,4791,2879,1462,2281,435,221,344
CAPTURE_SAMPLE,16905,"Magenta",2670,987,874,4458,2670,1389,2179,428,223,349
CAPTURE_SAMPLE,17025,"Magenta",2645,979,868,4418,2645,1377,2164,428,223,350
CAPTURE_SAMPLE,17144,"Magenta",2414,780,713,3866,2414,1097,1778,456,207,336
CAPTURE_SAMPLE,17263,"Magenta",2333,747,684,3719,2333,1051,1705,458,207,335
CAPTURE_SAMPLE,17382,"Magenta",2709,903,811,4385,2709,1271,2022,451,212,337
CAPTURE_SAMPLE,17501,"Magenta",2801,1028,907,4684,2801,1446,2261,430,222,347
CAPTURE_SAMPLE,17622,"Magenta",2559,948,849,4264,2559,1334,2117,426,222,352
CAPTURE_SAMPLE,17741,"Magenta",2480,912,823,4105,2480,1283,2052,426,221,353
CAPTURE_SAMPLE,17860,"Magenta",2741,920,824,4449,2741,1294,2054,450,213,337
CAPTURE_SAMPLE,17979,"Magenta",2396,774,707,3834,2396,1089,1763,457,208,336
CAPTURE_SAMPLE,18099,"Magenta",2418,782,713,3871,2418,1100,1778,457,208,336
CAPTURE_SAMPLE,18218,"Magenta",2877,974,865,4684,2877,1370,2156,449,214,337
CAPTURE_SAMPLE,18338,"Magenta",2849,950,846,4606,2849,1337,2109,453,212,335
CAPTURE_SAMPLE,18456,"Magenta",2613,849,767,4185,2613,1195,1912,457,209,334
CAPTURE_SAMPLE,18575,"Magenta",2188,699,644,3482,2188,983,1605,458,206,336
CAPTURE_SAMPLE,18694,"Magenta",2318,754,690,3722,2318,1061,1720,455,208,337
CAPTURE_SAMPLE,18813,"Magenta",2611,866,782,4220,2611,1218,1950,452,211,337
CAPTURE_SAMPLE,18933,"Magenta",2785,930,833,4513,2785,1309,2077,451,212,337
CAPTURE_SAMPLE,19051,"Magenta",2471,801,729,3958,2471,1127,1817,456,208,336
CAPTURE_SAMPLE,19171,"Magenta",2411,778,711,3860,2411,1095,1773,457,207,336
CAPTURE_SAMPLE,19290,"Magenta",2647,875,791,4276,2647,1231,1972,452,210,337
CAPTURE_SAMPLE,19410,"Magenta",2898,1005,893,4765,2898,1414,2226,443,216,340
CAPTURE_SAMPLE,19530,"Magenta",2901,1008,895,4773,2901,1418,2231,443,216,341
CAPTURE_SAMPLE,19649,"Magenta",2874,1042,918,4793,2874,1466,2289,434,221,345
CAPTURE_SAMPLE,19770,"Magenta",2848,1039,916,4760,2848,1462,2284,432,222,346
CAPTURE_SAMPLE,19890,"Magenta",2837,1037,915,4744,2837,1459,2281,431,222,347
CAPTURE_END,"Magenta",168,20011
Timed capture complete for Magenta: duration_s=20, elapsed_ms=20011, sample_count=168
cal "Cyan" 20
CAPTURE_BEGIN,"Cyan",20
Timed capture started for Cyan (20 s)
CAPTURE_SAMPLE,54,"Cyan",711,1301,1136,2543,711,1831,2832,132,341,527
CAPTURE_SAMPLE,179,"Cyan",963,1437,1247,3829,963,2022,3109,158,332,510
CAPTURE_SAMPLE,294,"Cyan",948,1562,1347,4073,948,2198,3358,146,338,516
CAPTURE_SAMPLE,407,"Cyan",750,1454,1268,3693,750,2046,3161,126,343,531
CAPTURE_SAMPLE,521,"Cyan",752,1471,1288,3735,752,2070,3211,125,343,532
CAPTURE_SAMPLE,636,"Cyan",918,1525,1336,4005,918,2146,3331,144,336,521
CAPTURE_SAMPLE,749,"Cyan",834,1240,1100,3338,834,1745,2742,157,328,515
CAPTURE_SAMPLE,863,"Cyan",903,1425,1252,3793,903,2005,3121,150,333,518
CAPTURE_SAMPLE,978,"Cyan",912,1416,1239,3776,912,1992,3089,152,332,515
CAPTURE_SAMPLE,1091,"Cyan",918,1461,1278,3871,918,2056,3186,149,334,517
CAPTURE_SAMPLE,1206,"Cyan",917,1519,1318,3970,917,2137,3286,145,337,518
CAPTURE_SAMPLE,1322,"Cyan",907,1384,1212,3692,907,1947,3022,154,331,514
CAPTURE_SAMPLE,1436,"Cyan",778,1115,987,3005,778,1569,2461,162,326,512
CAPTURE_SAMPLE,1551,"Cyan",941,1612,1390,4183,941,2268,3465,141,340,519
CAPTURE_SAMPLE,1666,"Cyan",498,1022,913,2573,498,1438,2276,118,341,540
CAPTURE_SAMPLE,1779,"Cyan",361,700,637,1778,361,985,1588,123,336,541
CAPTURE_SAMPLE,1892,"Cyan",369,720,653,1828,369,1013,1628,123,337,541
CAPTURE_SAMPLE,2005,"Cyan",900,1591,1379,4110,900,2239,3438,137,340,523
CAPTURE_SAMPLE,2119,"Cyan",581,1189,1056,3010,581,1673,2633,119,342,539
CAPTURE_SAMPLE,2235,"Cyan",121,202,210,525,121,284,524,130,306,564
CAPTURE_SAMPLE,2345,"Cyan",95,155,173,406,95,218,431,128,293,579
CAPTURE_SAMPLE,2453,"Cyan",150,251,248,649,150,353,618,134,315,551
CAPTURE_SAMPLE,2563,"Cyan",687,1365,1193,3459,687,1921,2974,123,344,533
CAPTURE_SAMPLE,2679,"Cyan",922,1648,1413,4235,922,2319,3523,136,343,521
CAPTURE_SAMPLE,2793,"Cyan",944,1652,1420,4264,944,2324,3540,139,341,520
CAPTURE_SAMPLE,2909,"Cyan",750,1472,1276,3729,750,2071,3181,125,345,530
CAPTURE_SAMPLE,3024,"Cyan",221,392,369,1012,221,552,920,131,326,543
CAPTURE_SAMPLE,3134,"Cyan",91,149,168,391,91,210,419,126,292,582
CAPTURE_SAMPLE,3243,"Cyan",394,763,685,1942,394,1074,1708,124,338,538
CAPTURE_SAMPLE,3356,"Cyan",866,1615,1379,4108,866,2272,3438,132,345,523
CAPTURE_SAMPLE,3471,"Cyan",966,1633,1399,4233,966,2298,3488,143,340,517
CAPTURE_SAMPLE,3586,"Cyan",931,1652,1412,4241,931,2324,3520,137,343,520
CAPTURE_SAMPLE,3702,"Cyan",543,1099,967,2768,543,1546,2411,121,344,536
CAPTURE_SAMPLE,3815,"Cyan",411,798,716,2031,411,1123,1785,124,338,538
CAPTURE_SAMPLE,3928,"Cyan",591,1204,1059,3040,591,1694,2640,120,344,536
CAPTURE_SAMPLE,4044,"Cyan",677,1377,1204,3472,677,1937,3002,121,345,535
CAPTURE_SAMPLE,4158,"Cyan",662,1349,1187,3404,662,1898,2959,120,344,536
CAPTURE_SAMPLE,4274,"Cyan",594,1221,1078,3072,594,1718,2687,119,344,538
CAPTURE_SAMPLE,4389,"Cyan",698,1396,1211,3513,698,1964,3019,123,346,531
CAPTURE_SAMPLE,4503,"Cyan",931,1544,1342,4032,931,2172,3346,144,337,519
CAPTURE_SAMPLE,4619,"Cyan",927,1461,1287,3878,927,2056,3208,150,332,518
CAPTURE_SAMPLE,4734,"Cyan",751,1479,1297,3752,751,2081,3233,124,343,533
CAPTURE_SAMPLE,4848,"Cyan",577,1218,993,3057,577,1714,2476,121,360,519
CAPTURE_SAMPLE,4963,"Cyan",674,1372,1208,3455,674,1930,3012,120,344,536
CAPTURE_SAMPLE,5078,"Cyan",912,1603,1399,4149,912,2255,3488,137,339,524
CAPTURE_SAMPLE,5193,"Cyan",922,1482,1306,3921,922,2085,3256,147,333,520
CAPTURE_SAMPLE,5308,"Cyan",906,1421,1260,3780,906,1999,3141,150,331,520
CAPTURE_SAMPLE,5423,"Cyan",925,1594,1390,4141,925,2243,3465,139,338,522
CAPTURE_SAMPLE,5539,"Cyan",784,1537,1356,3917,784,2163,3381,124,342,534
CAPTURE_SAMPLE,5653,"Cyan",667,1378,1229,3480,667,1939,3064,118,342,540
CAPTURE_SAMPLE,5769,"Cyan",823,1556,1368,3978,823,2189,3410,128,341,531
CAPTURE_SAMPLE,5884,"Cyan",811,1172,1042,3166,811,1649,2598,160,326,514
CAPTURE_SAMPLE,5998,"Cyan",840,1227,1092,3314,840,1726,2722,159,326,515
CAPTURE_SAMPLE,6114,"Cyan",904,1374,1216,3680,904,1933,3031,154,329,517
CAPTURE_SAMPLE,6229,"Cyan",879,1548,1363,4027,879,2178,3398,136,337,526
CAPTURE_SAMPLE,6343,"Cyan",832,1543,1345,3973,832,2171,3353,131,342,528
CAPTURE_SAMPLE,6459,"Cyan",731,1441,1281,3680,731,2027,3194,123,341,537
CAPTURE_SAMPLE,6574,"Cyan",827,1534,1350,3945,827,2158,3366,130,340,530
CAPTURE_SAMPLE,6690,"Cyan",907,1391,1227,3708,907,1957,3059,153,330,516
CAPTURE_SAMPLE,6804,"Cyan",834,1182,1043,3196,834,1663,2600,164,326,510
CAPTURE_SAMPLE,6919,"Cyan",925,1410,1237,3763,925,1984,3084,154,331,515
CAPTURE_SAMPLE,7035,"Cyan",939,1496,1300,3950,939,2105,3241,149,335,516
CAPTURE_SAMPLE,7149,"Cyan",921,1357,1194,3636,921,1909,2977,159,329,513
CAPTURE_SAMPLE,7265,"Cyan",802,1097,972,2993,802,1543,2423,168,324,508
CAPTURE_SAMPLE,7379,"Cyan",626,838,752,2298,626,1179,1875,170,320,510
CAPTURE_SAMPLE,7491,"Cyan",631,846,756,2313,631,1190,1885,170,321,509
CAPTURE_SAMPLE,7605,"Cyan",647,916,825,2488,647,1289,2057,162,323,515
CAPTURE_SAMPLE,7718,"Cyan",766,1134,1018,3060,766,1596,2538,156,326,518
CAPTURE_SAMPLE,7832,"Cyan",895,1345,1182,3598,895,1892,2947,156,330,514
CAPTURE_SAMPLE,7948,"Cyan",926,1647,1432,4257,926,2317,3570,136,340,524
CAPTURE_SAMPLE,8063,"Cyan",938,1618,1413,4214,938,2277,3523,139,338,523
CAPTURE_SAMPLE,8178,"Cyan",886,1427,1257,3771,886,2008,3134,147,333,520
CAPTURE_SAMPLE,8293,"Cyan",881,1394,1234,3705,881,1961,3076,149,331,520
CAPTURE_SAMPLE,8408,"Cyan",966,1588,1382,3816,966,2234,3445,145,336,518
CAPTURE_SAMPLE,8524,"Cyan",772,1498,1314,3816,772,2108,3276,125,342,532
CAPTURE_SAMPLE,8638,"Cyan",765,1497,1306,3804,765,2106,3256,125,344,531
CAPTURE_SAMPLE,8753,"Cyan",941,1581,1377,4124,941,2224,3433,143,337,520
CAPTURE_SAMPLE,8869,"Cyan",946,1548,1347,4062,946,2178,3358,146,336,518
CAPTURE_SAMPLE,8983,"Cyan",884,1630,1415,4173,884,2293,3528,132,342,526
CAPTURE_SAMPLE,9099,"Cyan",830,1577,1373,4025,830,2219,3423,128,343,529
CAPTURE_SAMPLE,9214,"Cyan",674,1382,1217,3482,674,1944,3034,119,344,537
CAPTURE_SAMPLE,9328,"Cyan",684,1392,1230,3521,684,1959,3066,120,343,537
CAPTURE_SAMPLE,9444,"Cyan",729,1462,1284,3696,729,2057,3201,122,344,535
CAPTURE_SAMPLE,9559,"Cyan",732,1470,1281,3708,732,2068,3194,122,345,533
CAPTURE_SAMPLE,9675,"Cyan",489,998,886,2504,489,1404,2209,119,342,539
CAPTURE_SAMPLE,9787,"Cyan",442,892,796,2241,442,1255,1984,120,341,539
CAPTURE_SAMPLE,9900,"Cyan",527,1088,961,2721,527,1531,2396,118,344,538
CAPTURE_SAMPLE,10014,"Cyan",967,1642,1412,4259,967,2310,3520,142,340,518
CAPTURE_SAMPLE,10130,"Cyan",972,1608,1383,4189,972,2262,3448,145,339,516
CAPTURE_SAMPLE,10246,"Cyan",878,1623,1395,4143,878,2284,3478,132,344,524
CAPTURE_SAMPLE,10363,"Cyan",479,978,873,2458,479,1376,2176,119,341,540
CAPTURE_SAMPLE,10476,"Cyan",426,850,762,2141,426,1196,1900,121,340,539
CAPTURE_SAMPLE,10591,"Cyan",809,1553,1339,3936,809,2185,3338,128,345,527
CAPTURE_SAMPLE,10707,"Cyan",927,1650,1417,4236,927,2322,3533,137,342,521
CAPTURE_SAMPLE,10822,"Cyan",961,1640,1416,4257,961,2307,3530,141,339,519
CAPTURE_SAMPLE,10939,"Cyan",822,1581,1363,4010,822,2224,3398,128,345,527
CAPTURE_SAMPLE,11055,"Cyan",569,1176,1039,2953,569,1655,2590,118,344,538
CAPTURE_SAMPLE,11172,"Cyan",442,888,796,2238,442,1249,1984,120,340,540
CAPTURE_SAMPLE,11285,"Cyan",339,644,585,1635,339,906,1458,125,335,539
CAPTURE_SAMPLE,11398,"Cyan",437,1164,1022,2195,437,1638,2548,95,354,551
CAPTURE_SAMPLE,11514,"Cyan",811,1565,1343,3955,811,2202,3348,127,346,526
CAPTURE_SAMPLE,11629,"Cyan",936,1645,1409,4228,936,2315,3513,138,342,519
CAPTURE_SAMPLE,11745,"Cyan",961,1643,1413,4252,961,2312,3523,141,340,518
CAPTURE_SAMPLE,11862,"Cyan",639,1296,789,3252,639,1823,1967,144,412,444
CAPTURE_SAMPLE,11976,"Cyan",406,805,729,2041,406,1133,1817,121,338,541
CAPTURE_SAMPLE,12091,"Cyan",527,1078,956,2715,527,1517,2383,119,343,538
CAPTURE_SAMPLE,12206,"Cyan",730,1451,1250,3649,730,2042,3116,124,347,529
CAPTURE_SAMPLE,12322,"Cyan",964,1651,1415,4269,964,2323,3528,141,341,518
CAPTURE_SAMPLE,12438,"Cyan",905,1640,1401,4188,905,2307,3493,135,344,521
CAPTURE_SAMPLE,12554,"Cyan",579,1185,1039,2972,579,1667,2590,120,345,536
CAPTURE_SAMPLE,12671,"Cyan",413,817,735,2068,413,1150,1832,122,339,540
CAPTURE_SAMPLE,12784,"Cyan",691,1391,1212,3511,691,1957,3022,122,345,533
CAPTURE_SAMPLE,12900,"Cyan",835,1575,1364,4020,835,2216,3400,129,344,527
CAPTURE_SAMPLE,13017,"Cyan",935,1577,1377,4113,935,2219,3433,142,337,521
CAPTURE_SAMPLE,13133,"Cyan",967,1485,1297,3942,967,2089,3233,154,332,514
CAPTURE_SAMPLE,13249,"Cyan",882,1269,1121,3423,882,1785,2795,161,327,512
CAPTURE_SAMPLE,13365,"Cyan",888,1317,1168,3532,888,1853,2912,157,328,515
CAPTURE_SAMPLE,13481,"Cyan",887,1291,1140,3473,887,1816,2842,160,328,513
CAPTURE_SAMPLE,13597,"Cyan",726,987,881,2694,726,1389,2196,168,322,509
CAPTURE_SAMPLE,13711,"Cyan",678,939,851,2555,678,1321,2122,165,321,515
CAPTURE_SAMPLE,13826,"Cyan",844,1186,1050,3215,844,1669,2618,164,325,510
CAPTURE_SAMPLE,13942,"Cyan",907,1327,1160,3547,907,1867,2892,160,330,510
CAPTURE_SAMPLE,14057,"Cyan",868,1196,1052,3263,868,1683,2623,168,325,507
CAPTURE_SAMPLE,14174,"Cyan",805,1107,987,3020,805,1558,2461,167,323,510
CAPTURE_SAMPLE,14289,"Cyan",668,904,818,2476,668,1272,2039,168,320,512
CAPTURE_SAMPLE,14402,"Cyan",848,1197,1054,3221,848,1684,2628,164,326,509
CAPTURE_SAMPLE,14519,"Cyan",794,1093,966,2957,794,1538,2408,168,324,508
CAPTURE_SAMPLE,14634,"Cyan",777,1083,962,2926,777,1524,2398,165,324,510
CAPTURE_SAMPLE,14749,"Cyan",936,1387,1238,3701,936,1952,3086,157,327,517
CAPTURE_SAMPLE,14865,"Cyan",919,1359,1195,3641,919,1912,2979,158,329,513
CAPTURE_SAMPLE,14981,"Cyan",786,1100,986,2991,786,1548,2458,164,323,513
CAPTURE_SAMPLE,15097,"Cyan",670,912,820,2482,670,1283,2044,168,321,511
CAPTURE_SAMPLE,15210,"Cyan",604,801,723,2190,604,1127,1802,171,319,510
CAPTURE_SAMPLE,15325,"Cyan",575,766,696,2094,575,1078,1735,170,318,512
CAPTURE_SAMPLE,15439,"Cyan",542,690,621,1896,542,971,1548,177,317,506
CAPTURE_SAMPLE,15551,"Cyan",525,663,597,1822,525,933,1488,178,317,505
CAPTURE_SAMPLE,15665,"Cyan",523,662,596,1818,523,931,1486,178,317,505
CAPTURE_SAMPLE,15778,"Cyan",589,784,710,2142,589,1103,1770,170,319,511
CAPTURE_SAMPLE,15891,"Cyan",729,1028,930,2790,729,1446,2318,162,322,516
CAPTURE_SAMPLE,16007,"Cyan",715,1001,905,2719,715,1408,2256,163,322,515
CAPTURE_SAMPLE,16122,"Cyan",707,980,880,2663,707,1379,2194,165,322,513
CAPTURE_SAMPLE,16235,"Cyan",734,1010,903,2748,734,1421,2251,167,323,511
CAPTURE_SAMPLE,16351,"Cyan",700,949,852,2586,700,1335,2124,168,321,511
CAPTURE_SAMPLE,16465,"Cyan",722,1001,899,2721,722,1408,2241,165,322,513
CAPTURE_SAMPLE,16580,"Cyan",819,1199,1074,3230,819,1687,2677,158,325,516
CAPTURE_SAMPLE,16696,"Cyan",781,1125,1010,3040,781,1583,2518,160,324,516
CAPTURE_SAMPLE,16812,"Cyan",654,860,769,2356,654,1210,1917,173,320,507
CAPTURE_SAMPLE,16926,"Cyan",720,977,871,2660,720,1375,2171,169,322,509
CAPTURE_SAMPLE,17040,"Cyan",779,1094,974,2961,779,1539,2428,164,324,512
CAPTURE_SAMPLE,17156,"Cyan",748,1036,924,2811,748,1458,2304,166,323,511
CAPTURE_SAMPLE,17271,"Cyan",662,871,777,2383,662,1225,1937,173,320,507
CAPTURE_SAMPLE,17384,"Cyan",769,1066,948,2891,769,1500,2363,166,324,510
CAPTURE_SAMPLE,17500,"Cyan",819,1190,1066,3211,819,1674,2658,159,325,516
CAPTURE_SAMPLE,17616,"Cyan",811,1183,1063,3192,811,1664,2650,158,325,517
CAPTURE_SAMPLE,17731,"Cyan",730,984,874,2681,730,1384,2179,170,322,508
CAPTURE_SAMPLE,17846,"Cyan",734,989,880,2697,734,1392,2194,170,322,508
CAPTURE_SAMPLE,17960,"Cyan",854,1213,1071,3274,854,1707,2670,163,326,510
CAPTURE_SAMPLE,18076,"Cyan",850,1227,1087,3304,850,1726,2710,161,327,513
CAPTURE_SAMPLE,18192,"Cyan",767,1042,923,2835,767,1466,2301,169,323,507
CAPTURE_SAMPLE,18307,"Cyan",655,885,834,2414,655,1245,2079,165,313,522
CAPTURE_SAMPLE,18422,"Cyan",841,1175,1035,3181,841,1653,2580,166,326,508
CAPTURE_SAMPLE,18537,"Cyan",902,1325,1166,3552,902,1864,2907,159,329,512
CAPTURE_SAMPLE,18654,"Cyan",855,1209,1065,3266,855,1701,2655,164,326,509
CAPTURE_SAMPLE,18770,"Cyan",736,991,881,2706,736,1394,2196,170,322,508
CAPTURE_SAMPLE,18883,"Cyan",812,1117,986,3032,812,1572,2458,168,325,508
CAPTURE_SAMPLE,18999,"Cyan",854,1195,1053,3235,854,1681,2625,166,326,509
CAPTURE_SAMPLE,19115,"Cyan",876,1284,1136,3449,876,1807,2832,159,328,514
CAPTURE_SAMPLE,19231,"Cyan",867,1255,1110,3380,867,1766,2767,161,327,512
CAPTURE_SAMPLE,19347,"Cyan",933,1428,1258,3806,933,2009,3136,154,331,516
CAPTURE_SAMPLE,19463,"Cyan",925,1428,1262,3802,925,2009,3146,152,330,517
CAPTURE_SAMPLE,19580,"Cyan",925,1437,1273,3825,925,2022,3174,151,330,519
CAPTURE_SAMPLE,19695,"Cyan",909,1325,1164,3560,909,1864,2902,160,328,511
CAPTURE_SAMPLE,19812,"Cyan",777,1069,947,2911,777,1504,2361,167,324,509
CAPTURE_SAMPLE,19927,"Cyan",806,1114,986,3032,806,1567,2458,167,324,509
CAPTURE_END,"Cyan",174,20041
Timed capture complete for Cyan: duration_s=20, elapsed_ms=20041, sample_count=174
cal "Green" 20
CAPTURE_BEGIN,"Green",20
Timed capture started for Green (20 s)
CAPTURE_SAMPLE,54,"Green",569,842,320,1793,569,1185,798,223,464,313
CAPTURE_SAMPLE,179,"Green",911,1505,536,3136,911,2118,1336,209,485,306
CAPTURE_SAMPLE,294,"Green",640,1671,549,3096,640,2351,1369,147,539,314
CAPTURE_SAMPLE,407,"Green",778,1870,618,3539,778,2631,1541,157,532,311
CAPTURE_SAMPLE,521,"Green",935,1688,589,3438,935,2375,1468,196,497,307
CAPTURE_SAMPLE,636,"Green",878,1506,534,3109,878,2119,1331,203,490,308
CAPTURE_SAMPLE,749,"Green",842,1406,503,2921,842,1978,1254,207,486,308
CAPTURE_SAMPLE,863,"Green",958,1709,600,3493,958,2405,1496,197,495,308
CAPTURE_SAMPLE,978,"Green",981,1967,669,3904,981,2768,1668,181,511,308
CAPTURE_SAMPLE,1091,"Green",819,1932,638,3676,819,2718,1591,160,530,310
CAPTURE_SAMPLE,1207,"Green",736,1835,603,3444,736,2582,1503,153,536,312
CAPTURE_SAMPLE,1322,"Green",700,1780,585,3324,700,2504,1458,150,537,313
CAPTURE_SAMPLE,1436,"Green",992,1840,636,3721,992,2589,1586,192,501,307
CAPTURE_SAMPLE,1552,"Green",999,1921,654,3846,999,2703,1630,187,507,306
CAPTURE_SAMPLE,1667,"Green",776,1881,621,3555,776,2647,1548,156,532,311
CAPTURE_SAMPLE,1782,"Green",523,1442,475,2635,523,2029,1184,140,543,317
CAPTURE_SAMPLE,1897,"Green",593,1584,519,2918,593,2229,1294,144,542,314
CAPTURE_SAMPLE,2012,"Green",998,1921,654,3844,998,2703,1630,187,507,306
CAPTURE_SAMPLE,2128,"Green",919,1618,567,3311,919,2277,1414,199,494,307
CAPTURE_SAMPLE,2242,"Green",985,1843,632,3713,985,2593,1576,191,503,306
CAPTURE_SAMPLE,2357,"Green",844,1963,647,3746,844,2762,1613,162,529,309
CAPTURE_SAMPLE,2473,"Green",345,1004,326,1798,345,1413,813,134,550,316
CAPTURE_SAMPLE,2586,"Green",625,1646,538,3046,625,2316,1341,146,541,313
CAPTURE_SAMPLE,2702,"Green",971,1993,669,3918,971,2804,1668,178,515,306
CAPTURE_SAMPLE,2817,"Green",984,1835,630,3697,984,2582,1571,192,503,306
CAPTURE_SAMPLE,2931,"Green",995,1896,647,3800,995,2668,1613,189,506,306
CAPTURE_SAMPLE,3047,"Green",946,2011,673,3923,946,2829,1678,173,519,308
CAPTURE_SAMPLE,3162,"Green",743,1851,605,3476,743,2604,1508,153,536,311
CAPTURE_SAMPLE,3278,"Green",745,1850,607,3477,745,2603,1513,153,535,311
CAPTURE_SAMPLE,3392,"Green",973,1986,668,3912,973,2794,1665,179,514,307
CAPTURE_SAMPLE,3507,"Green",975,1863,635,3727,975,2621,1583,188,506,306
CAPTURE_SAMPLE,3623,"Green",979,1887,644,3771,979,2655,1605,187,507,306
CAPTURE_SAMPLE,3737,"Green",963,1989,668,3907,963,2799,1665,177,516,307
CAPTURE_SAMPLE,3852,"Green",827,1956,644,3718,827,2752,1605,160,531,310
CAPTURE_SAMPLE,3968,"Green",781,1906,626,3595,781,2682,1561,155,534,311
CAPTURE_SAMPLE,4082,"Green",694,1783,584,3323,694,2509,1456,149,539,313
CAPTURE_SAMPLE,4198,"Green",732,1839,602,3445,732,2587,1501,152,537,311
CAPTURE_SAMPLE,4313,"Green",915,2001,666,3873,915,2815,1660,170,522,308
CAPTURE_SAMPLE,4427,"Green",974,1906,647,3790,974,2682,1613,185,509,306
CAPTURE_SAMPLE,4543,"Green",943,1996,668,3894,943,2808,1665,174,518,307
CAPTURE_SAMPLE,4658,"Green",786,1912,627,3610,786,2690,1563,156,534,310
CAPTURE_SAMPLE,4774,"Green",579,1574,516,2897,579,2215,1286,142,543,315
CAPTURE_SAMPLE,4888,"Green",468,1321,433,2404,468,1859,1079,137,546,317
CAPTURE_SAMPLE,5003,"Green",230,746,230,1286,230,1050,573,124,567,309
CAPTURE_SAMPLE,5117,"Green",214,714,217,1219,214,1005,541,122,571,307
CAPTURE_SAMPLE,5229,"Green",335,990,319,1768,335,1393,795,133,552,315
CAPTURE_SAMPLE,5342,"Green",783,1905,626,3596,783,2680,1561,156,533,311
CAPTURE_SAMPLE,5458,"Green",831,1954,645,3720,831,2749,1608,160,530,310
CAPTURE_SAMPLE,5572,"Green",645,1695,555,3141,645,2385,1384,146,540,314
CAPTURE_SAMPLE,5687,"Green",470,1327,434,2415,470,1867,1082,137,546,316
CAPTURE_SAMPLE,5803,"Green",303,911,293,1616,303,1282,730,131,554,315
CAPTURE_SAMPLE,5915,"Green",188,656,193,1101,188,923,481,118,580,302
CAPTURE_SAMPLE,6028,"Green",368,1071,348,1923,368,1507,868,134,549,316
CAPTURE_SAMPLE,6142,"Green",748,1858,610,3489,748,2614,1521,153,535,311
CAPTURE_SAMPLE,6256,"Green",825,1947,642,3702,825,2739,1601,160,530,310
CAPTURE_SAMPLE,6372,"Green",883,1989,660,3825,883,2799,1645,166,525,309
CAPTURE_SAMPLE,6487,"Green",861,1978,653,3786,861,2783,1628,163,528,309
CAPTURE_SAMPLE,6601,"Green",857,1977,653,3781,857,2782,1628,163,528,309
CAPTURE_SAMPLE,6717,"Green",726,1836,602,3437,726,2583,1501,151,537,312
CAPTURE_SAMPLE,6832,"Green",513,1429,468,2610,513,2011,1167,139,545,316
CAPTURE_SAMPLE,6948,"Green",308,935,300,1656,308,1316,748,130,555,315
CAPTURE_SAMPLE,7060,"Green",365,1071,348,1922,365,1507,868,133,550,317
CAPTURE_SAMPLE,7174,"Green",607,1631,534,3009,607,2295,1331,143,542,314
CAPTURE_SAMPLE,7290,"Green",787,1913,628,3613,787,2692,1566,156,534,310
CAPTURE_SAMPLE,7404,"Green",830,1955,645,3720,830,2751,1608,160,530,310
CAPTURE_SAMPLE,7519,"Green",724,1829,601,3608,724,2573,1498,151,537,312
CAPTURE_SAMPLE,7635,"Green",540,1491,488,2732,540,2098,1217,140,544,316
CAPTURE_SAMPLE,7749,"Green",272,854,268,1494,272,1202,668,127,561,312
CAPTURE_SAMPLE,7863,"Green",167,622,176,1023,167,875,439,113,591,296
CAPTURE_SAMPLE,7975,"Green",295,909,288,1603,295,1279,718,129,558,313
CAPTURE_SAMPLE,8087,"Green",564,1542,505,2833,564,2170,1259,141,543,315
CAPTURE_SAMPLE,8203,"Green",800,1924,634,3642,800,2707,1581,157,532,311
CAPTURE_SAMPLE,8318,"Green",841,1965,650,3744,841,2765,1620,161,529,310
CAPTURE_SAMPLE,8432,"Green",761,1882,618,3539,761,2648,1541,154,535,311
CAPTURE_SAMPLE,8548,"Green",611,1640,536,3026,611,2307,1336,144,542,314
CAPTURE_SAMPLE,8663,"Green",265,840,262,1465,265,1182,653,126,563,311
CAPTURE_SAMPLE,8776,"Green",170,633,179,1042,170,891,446,113,591,296
CAPTURE_SAMPLE,8888,"Green",344,1021,330,1825,344,1437,823,132,552,316
CAPTURE_SAMPLE,9002,"Green",491,1381,451,2518,491,1943,1124,138,546,316
CAPTURE_SAMPLE,9117,"Green",666,1741,585,3234,666,2450,1458,146,536,319
CAPTURE_SAMPLE,9232,"Green",762,1884,619,3545,762,2651,1543,154,535,311
CAPTURE_SAMPLE,9347,"Green",724,1834,601,3431,724,2580,1498,151,537,312
CAPTURE_SAMPLE,9462,"Green",627,1670,546,3088,627,2350,1361,145,542,314
CAPTURE_SAMPLE,9577,"Green",322,975,311,1732,322,1372,775,130,556,314
CAPTURE_SAMPLE,9691,"Green",218,738,222,1258,218,1038,553,121,574,306
CAPTURE_SAMPLE,9803,"Green",149,587,163,951,149,826,406,108,598,294
CAPTURE_SAMPLE,9914,"Green",487,1366,446,2492,487,1922,1112,138,546,316
CAPTURE_SAMPLE,10030,"Green",652,1717,562,3185,652,2416,1401,146,541,313
CAPTURE_SAMPLE,10145,"Green",787,1911,629,3611,787,2689,1568,156,533,311
CAPTURE_SAMPLE,10261,"Green",882,1991,661,3826,882,2801,1648,165,525,309
CAPTURE_SAMPLE,10378,"Green",821,1947,643,3699,821,2739,1603,159,531,310
CAPTURE_SAMPLE,10494,"Green",644,1698,557,3149,644,2389,1389,146,540,314
CAPTURE_SAMPLE,10610,"Green",448,1273,417,2313,448,1791,1040,137,546,317
CAPTURE_SAMPLE,10726,"Green",153,590,165,961,153,830,411,110,595,295
CAPTURE_SAMPLE,10838,"Green",423,1210,396,2192,423,1702,987,136,547,317
CAPTURE_SAMPLE,10953,"Green",654,1716,563,3185,654,2414,1404,146,540,314
CAPTURE_SAMPLE,11069,"Green",833,1957,647,3724,833,2753,1613,160,530,310
CAPTURE_SAMPLE,11185,"Green",913,1995,665,3865,913,2807,1658,170,522,308
CAPTURE_SAMPLE,11302,"Green",863,1980,656,3787,863,2786,1635,163,527,309
CAPTURE_SAMPLE,11417,"Green",650,1708,561,3167,650,2403,1399,146,540,314
CAPTURE_SAMPLE,11534,"Green",400,1153,377,2081,400,1622,940,135,548,317
CAPTURE_SAMPLE,11649,"Green",366,1069,348,1920,366,1504,868,134,549,317
CAPTURE_SAMPLE,11763,"Green",475,1338,440,2436,475,1883,1097,137,545,318
CAPTURE_SAMPLE,11880,"Green",799,1927,636,3648,799,2711,1586,157,532,311
CAPTURE_SAMPLE,11996,"Green",888,1996,664,3839,888,2808,1655,166,525,309
CAPTURE_SAMPLE,12113,"Green",896,1997,665,3848,896,2810,1658,167,524,309
CAPTURE_SAMPLE,12228,"Green",845,1970,652,3756,845,2772,1625,161,529,310
CAPTURE_SAMPLE,12344,"Green",624,1662,546,3074,624,2338,1361,144,541,315
CAPTURE_SAMPLE,12461,"Green",466,1320,433,2401,466,1857,1079,137,546,317
CAPTURE_SAMPLE,12576,"Green",449,1274,418,2315,449,1793,1042,137,546,317
CAPTURE_SAMPLE,12693,"Green",487,1365,448,2490,487,1921,1117,138,545,317
CAPTURE_SAMPLE,12809,"Green",694,1785,587,3328,694,2511,1463,149,538,313
CAPTURE_SAMPLE,12925,"Green",888,1992,663,3833,888,2803,1653,166,525,309
CAPTURE_SAMPLE,13041,"Green",923,1997,667,3878,923,2810,1663,171,521,308
CAPTURE_SAMPLE,13157,"Green",895,1999,666,3849,895,2813,1660,167,524,309
CAPTURE_SAMPLE,13274,"Green",742,1854,609,3478,742,2609,1518,152,536,312
CAPTURE_SAMPLE,13390,"Green",624,1664,546,3077,624,2341,1361,144,541,315
CAPTURE_SAMPLE,13505,"Green",431,1235,404,2238,431,1738,1007,136,547,317
CAPTURE_SAMPLE,13622,"Green",436,1247,408,2262,436,1755,1017,136,547,317
CAPTURE_SAMPLE,13738,"Green",793,1923,634,3637,793,2706,1581,156,533,311
CAPTURE_SAMPLE,13854,"Green",927,2002,670,3891,927,2817,1670,171,520,308
CAPTURE_SAMPLE,13970,"Green",961,1958,661,3859,961,2755,1648,179,514,307
CAPTURE_SAMPLE,14086,"Green",905,2006,669,3872,905,2822,1668,168,523,309
CAPTURE_SAMPLE,14203,"Green",750,1865,615,3506,750,2624,1533,153,535,312
CAPTURE_SAMPLE,14318,"Green",526,1462,480,2678,526,2057,1197,139,544,317
CAPTURE_SAMPLE,14435,"Green",478,1348,443,2457,478,1897,1104,137,545,317
CAPTURE_SAMPLE,14551,"Green",577,1567,515,2886,577,2205,1284,142,542,316
CAPTURE_SAMPLE,14666,"Green",672,1749,575,3253,672,2461,1433,147,539,314
CAPTURE_SAMPLE,14783,"Green",821,1952,646,3706,821,2746,1610,159,530,311
CAPTURE_SAMPLE,14899,"Green",924,1998,667,3879,924,2811,1663,171,521,308
CAPTURE_SAMPLE,15016,"Green",941,1987,666,3882,941,2796,1660,174,518,308
CAPTURE_SAMPLE,15131,"Green",886,1997,664,3837,886,2810,1655,166,525,309
CAPTURE_SAMPLE,15247,"Green",761,1884,620,3544,761,2651,1546,153,535,312
CAPTURE_SAMPLE,15364,"Green",564,1539,506,2829,564,2165,1261,141,543,316
CAPTURE_SAMPLE,15479,"Green",493,1380,454,2519,493,1942,1132,138,544,317
CAPTURE_SAMPLE,15596,"Green",503,1405,462,2567,503,1977,1152,138,544,317
CAPTURE_SAMPLE,15712,"Green",749,1865,614,3502,749,2624,1531,153,535,312
CAPTURE_SAMPLE,15828,"Green",899,2004,668,3858,899,2820,1665,167,524,309
CAPTURE_SAMPLE,15944,"Green",933,1996,668,3887,933,2808,1665,173,519,308
CAPTURE_SAMPLE,16060,"Green",931,1998,668,3889,931,2811,1665,172,520,308
CAPTURE_SAMPLE,16177,"Green",831,1960,647,3729,831,2758,1613,160,530,310
CAPTURE_SAMPLE,16293,"Green",561,1533,504,2817,561,2157,1256,141,543,316
CAPTURE_SAMPLE,16408,"Green",535,1478,486,2707,535,2080,1212,140,544,317
CAPTURE_SAMPLE,16525,"Green",528,1463,481,2678,528,2058,1199,139,544,317
CAPTURE_SAMPLE,16641,"Green",731,1840,604,3446,731,2589,1506,151,536,312
CAPTURE_SAMPLE,16757,"Green",888,1999,665,3846,888,2813,1658,166,525,309
CAPTURE_SAMPLE,16873,"Green",964,1900,647,3778,964,2673,1613,184,509,307
CAPTURE_SAMPLE,16989,"Green",963,1921,652,3807,963,2703,1625,182,511,307
CAPTURE_SAMPLE,17106,"Green",965,1959,662,3867,965,2756,1650,180,513,307
CAPTURE_SAMPLE,17221,"Green",948,2013,677,3934,948,2832,1688,173,518,309
CAPTURE_SAMPLE,17338,"Green",922,2023,677,3921,922,2846,1688,169,522,309
CAPTURE_SAMPLE,17454,"Green",924,1641,576,3357,924,2309,1436,198,495,308
CAPTURE_SAMPLE,17569,"Green",899,1580,558,3241,899,2223,1391,199,493,308
CAPTURE_SAMPLE,17686,"Green",976,1894,649,3785,976,2665,1618,186,507,308
CAPTURE_SAMPLE,17802,"Green",982,1900,650,3799,982,2673,1620,186,507,307
CAPTURE_SAMPLE,17919,"Green",912,2040,680,3936,912,2870,1695,167,524,309
CAPTURE_SAMPLE,18034,"Green",998,1936,660,3867,998,2724,1645,186,508,307
CAPTURE_SAMPLE,18150,"Green",982,1799,623,3650,982,2531,1553,194,500,307
CAPTURE_SAMPLE,18267,"Green",955,1706,596,3483,955,2400,1486,197,496,307
CAPTURE_SAMPLE,18383,"Green",992,2002,676,3962,992,2817,1685,181,513,307
CAPTURE_SAMPLE,18499,"Green",919,2041,681,3952,919,2872,1698,167,523,309
CAPTURE_SAMPLE,18615,"Green",849,1993,659,3803,849,2804,1643,160,529,310
CAPTURE_SAMPLE,18731,"Green",685,1762,577,3291,685,2479,1438,149,539,312
CAPTURE_SAMPLE,18847,"Green",960,2027,679,3964,960,2852,1693,174,518,308
CAPTURE_SAMPLE,18963,"Green",848,1431,510,2959,848,2013,1271,205,487,308
CAPTURE_SAMPLE,19080,"Green",896,1536,544,3169,896,2161,1356,203,490,307
CAPTURE_SAMPLE,19196,"Green",989,1825,632,3695,989,2568,1576,193,500,307
CAPTURE_SAMPLE,19311,"Green",999,1956,664,3902,999,2752,1655,185,509,306
CAPTURE_SAMPLE,19428,"Green",914,1581,556,3251,914,2224,1386,202,492,306
CAPTURE_SAMPLE,19544,"Green",732,1178,430,2464,732,1657,1072,211,479,310
CAPTURE_SAMPLE,19660,"Green",745,1209,438,2521,745,1701,1092,211,481,309
CAPTURE_SAMPLE,19776,"Green",877,1493,529,3084,877,2101,1319,204,489,307
CAPTURE_SAMPLE,19892,"Green",965,1727,602,3526,965,2430,1501,197,496,307
CAPTURE_END,"Green",173,20009
Timed capture complete for Green: duration_s=20, elapsed_ms=20009, sample_count=173
cal "Orange" 20
CAPTURE_BEGIN,"Orange",20
Timed capture started for Orange (20 s)
CAPTURE_SAMPLE,56,"Orange",3279,1225,528,5183,3279,1724,1316,519,273,208
CAPTURE_SAMPLE,186,"Orange",3580,1361,575,5695,3580,1915,1433,517,276,207
CAPTURE_SAMPLE,304,"Orange",3386,1277,544,5370,3386,1797,1356,518,275,207
CAPTURE_SAMPLE,421,"Orange",3623,1371,581,5760,3623,1929,1448,518,276,207
CAPTURE_SAMPLE,538,"Orange",3404,1284,545,5391,3404,1807,1359,518,275,207
CAPTURE_SAMPLE,655,"Orange",2252,822,367,3510,2252,1157,915,521,268,212
CAPTURE_SAMPLE,770,"Orange",3448,1294,547,5455,3448,1821,1364,520,275,206
CAPTURE_SAMPLE,888,"Orange",4162,1606,661,6669,4162,2260,1648,516,280,204
CAPTURE_SAMPLE,1005,"Orange",2984,1105,477,4684,2984,1555,1189,521,271,208
CAPTURE_SAMPLE,1122,"Orange",2367,866,383,3691,2367,1218,955,521,268,210
CAPTURE_SAMPLE,1239,"Orange",2441,898,396,3817,2441,1263,987,520,269,210
CAPTURE_SAMPLE,1355,"Orange",2902,1086,471,4729,2902,1528,1174,518,273,209
CAPTURE_SAMPLE,1474,"Orange",3300,1240,525,5224,3300,1745,1309,519,275,206
CAPTURE_SAMPLE,1591,"Orange",3593,1367,572,5713,3593,1923,1426,518,277,205
CAPTURE_SAMPLE,1710,"Orange",3921,1514,627,6278,3921,2130,1563,515,280,205
CAPTURE_SAMPLE,1828,"Orange",3825,1484,616,6131,3825,2088,1536,513,280,206
CAPTURE_SAMPLE,1946,"Orange",2650,990,434,4181,2650,1393,1082,517,272,211
CAPTURE_SAMPLE,2063,"Orange",3210,1212,523,5087,3210,1705,1304,516,274,210
CAPTURE_SAMPLE,2181,"Orange",3730,1418,596,5923,3730,1995,1486,517,277,206
CAPTURE_SAMPLE,2300,"Orange",4272,1649,681,6834,4272,2320,1698,515,280,205
CAPTURE_SAMPLE,2418,"Orange",4241,1634,677,6776,4241,2299,1688,515,279,205
CAPTURE_SAMPLE,2536,"Orange",3142,1175,511,4961,3142,1653,1274,518,272,210
CAPTURE_SAMPLE,2654,"Orange",2768,1033,444,4367,2768,1453,1107,520,273,208
CAPTURE_SAMPLE,2772,"Orange",3060,1160,491,4862,3060,1632,1224,517,276,207
CAPTURE_SAMPLE,2891,"Orange",3105,1178,498,4937,3105,1657,1242,517,276,207
CAPTURE_SAMPLE,3009,"Orange",3811,1491,615,6144,3811,2098,1533,512,282,206
CAPTURE_SAMPLE,3127,"Orange",3911,1545,633,6329,3911,2174,1578,510,284,206
CAPTURE_SAMPLE,3245,"Orange",4006,1594,650,6501,4006,2243,1620,509,285,206
CAPTURE_SAMPLE,3364,"Orange",3439,1338,558,5531,3439,1883,1391,512,281,207
CAPTURE_SAMPLE,3482,"Orange",2389,895,390,3772,2389,1259,972,517,273,210
CAPTURE_SAMPLE,3597,"Orange",2272,846,376,3576,2272,1190,937,516,271,213
CAPTURE_SAMPLE,3714,"Orange",4111,1637,671,6668,4111,2303,1673,508,285,207
CAPTURE_SAMPLE,3832,"Orange",3903,1541,636,6307,3903,2168,1586,510,283,207
CAPTURE_SAMPLE,3951,"Orange",2828,1062,459,4477,2828,1494,1144,517,273,209
CAPTURE_SAMPLE,4068,"Orange",2691,1004,437,4244,2691,1413,1089,518,272,210
CAPTURE_SAMPLE,4187,"Orange",3245,1233,524,5158,3245,1735,1306,516,276,208
CAPTURE_SAMPLE,4305,"Orange",3986,1557,642,6406,3986,2191,1601,512,282,206
CAPTURE_SAMPLE,4423,"Orange",4303,1709,696,6965,4303,2405,1735,510,285,205
CAPTURE_SAMPLE,4541,"Orange",4687,1915,766,7670,4687,2694,1910,504,290,206
CAPTURE_SAMPLE,4659,"Orange",4750,1946,778,7782,4750,2738,1940,504,290,206
CAPTURE_SAMPLE,4778,"Orange",4745,1943,776,7771,4745,2734,1935,504,290,206
CAPTURE_SAMPLE,4896,"Orange",4561,1851,738,7431,4561,2604,1840,506,289,204
CAPTURE_SAMPLE,5015,"Orange",4510,1835,735,7352,4510,2582,1832,505,289,205
CAPTURE_SAMPLE,5132,"Orange",4103,1635,667,6645,4103,2300,1663,509,285,206
CAPTURE_SAMPLE,5250,"Orange",4443,1803,724,7251,4443,2537,1805,506,289,205
CAPTURE_SAMPLE,5369,"Orange",4588,1876,751,7495,4588,2640,1872,504,290,206
CAPTURE_SAMPLE,5487,"Orange",4470,1802,726,7272,4470,2535,1810,507,288,205
CAPTURE_SAMPLE,5605,"Orange",4535,1855,743,7421,4535,2610,1852,504,290,206
CAPTURE_SAMPLE,5723,"Orange",4641,1899,760,7586,4641,2672,1895,504,290,206
CAPTURE_SAMPLE,5842,"Orange",3234,1232,520,5129,3234,1733,1296,516,277,207
CAPTURE_SAMPLE,5960,"Orange",2728,1018,440,4290,2728,1432,1097,519,272,209
CAPTURE_SAMPLE,6077,"Orange",3713,1441,597,5936,3713,2027,1488,514,280,206
CAPTURE_SAMPLE,6196,"Orange",4413,1781,717,7167,4413,2506,1787,507,288,205
CAPTURE_SAMPLE,6314,"Orange",4079,1620,661,6586,4079,2279,1648,509,285,206
CAPTURE_SAMPLE,6433,"Orange",2921,1101,471,4615,2921,1549,1174,518,274,208
CAPTURE_SAMPLE,6551,"Orange",3537,1365,568,5646,3537,1921,1416,515,279,206
CAPTURE_SAMPLE,6669,"Orange",4714,1932,770,7728,4714,2718,1920,504,291,205
CAPTURE_SAMPLE,6787,"Orange",4640,1900,758,7597,4640,2673,1890,504,290,205
CAPTURE_SAMPLE,6906,"Orange",3992,1576,644,6434,3992,2217,1605,511,284,205
CAPTURE_SAMPLE,7024,"Orange",3834,1503,620,6166,3834,2115,1546,512,282,206
CAPTURE_SAMPLE,7141,"Orange",4726,1940,776,7759,4726,2730,1935,503,291,206
CAPTURE_SAMPLE,7260,"Orange",4746,1952,780,7794,4746,2746,1945,503,291,206
CAPTURE_SAMPLE,7378,"Orange",4639,1891,758,7577,4639,2661,1890,505,290,206
CAPTURE_SAMPLE,7497,"Orange",4501,1788,728,7271,4501,2516,1815,510,285,206
CAPTURE_SAMPLE,7614,"Orange",4594,1855,748,7475,4594,2610,1865,507,288,206
CAPTURE_SAMPLE,7733,"Orange",2085,765,340,3256,2085,1076,848,520,268,212
CAPTURE_SAMPLE,7849,"Orange",1753,638,290,2722,1753,898,723,520,266,214
CAPTURE_SAMPLE,7964,"Orange",3299,1260,533,5251,3299,1773,1329,515,277,208
CAPTURE_SAMPLE,8082,"Orange",3788,1474,612,6077,3788,2074,1526,513,281,207
CAPTURE_SAMPLE,8200,"Orange",4465,1796,727,7267,4465,2527,1812,507,287,206
CAPTURE_SAMPLE,8319,"Orange",3728,1449,603,5979,3728,2039,1503,513,280,207
CAPTURE_SAMPLE,8437,"Orange",2502,933,408,3937,2502,1313,1017,518,272,210
CAPTURE_SAMPLE,8553,"Orange",2494,929,407,3924,2494,1307,1015,518,271,211
CAPTURE_SAMPLE,8671,"Orange",3537,1361,570,5649,3537,1915,1421,515,279,207
CAPTURE_SAMPLE,8789,"Orange",4293,1705,695,6951,4293,2399,1733,510,285,206
CAPTURE_SAMPLE,8908,"Orange",3222,1225,520,5115,3222,1724,1296,516,276,208
CAPTURE_SAMPLE,9026,"Orange",3209,1219,520,5097,3209,1715,1296,516,276,208
CAPTURE_SAMPLE,9144,"Orange",3615,1394,585,5778,3615,1961,1458,514,279,207
CAPTURE_SAMPLE,9262,"Orange",3767,1461,611,6040,3767,2056,1523,513,280,207
CAPTURE_SAMPLE,9380,"Orange",3534,1359,574,5643,3534,1912,1431,514,278,208
CAPTURE_SAMPLE,9499,"Orange",3352,1280,543,5334,3352,1801,1354,515,277,208
CAPTURE_SAMPLE,9616,"Orange",3304,1258,534,5250,3304,1770,1331,516,276,208
CAPTURE_SAMPLE,9735,"Orange",3122,1182,506,4948,3122,1663,1261,516,275,209
CAPTURE_SAMPLE,9853,"Orange",2482,920,403,3891,2482,1294,1005,519,271,210
CAPTURE_SAMPLE,9971,"Orange",2986,1123,482,4718,2986,1580,1202,518,274,208
CAPTURE_SAMPLE,10088,"Orange",3146,1190,508,4981,3146,1674,1266,517,275,208
CAPTURE_SAMPLE,10207,"Orange",2698,1005,438,4242,2698,1414,1092,518,272,210
CAPTURE_SAMPLE,10327,"Orange",3038,1267,539,4800,3038,1783,1344,493,289,218
CAPTURE_SAMPLE,10446,"Orange",3365,1279,544,5345,3365,1800,1356,516,276,208
CAPTURE_SAMPLE,10566,"Orange",2993,1123,483,4721,2993,1580,1204,518,273,208
CAPTURE_SAMPLE,10684,"Orange",3728,1433,600,5950,3728,2016,1496,515,278,207
CAPTURE_SAMPLE,10804,"Orange",2884,1078,466,4542,2884,1517,1162,518,273,209
CAPTURE_SAMPLE,10923,"Orange",3615,1384,581,5756,3615,1947,1448,516,278,207
CAPTURE_SAMPLE,11043,"Orange",3006,1127,485,4740,3006,1586,1209,518,273,208
CAPTURE_SAMPLE,11162,"Orange",3449,1313,555,5477,3449,1847,1384,516,276,207
CAPTURE_SAMPLE,11280,"Orange",3356,1272,540,5319,3356,1790,1346,517,276,207
CAPTURE_SAMPLE,11400,"Orange",3374,1281,543,5352,3374,1802,1354,517,276,207
CAPTURE_SAMPLE,11519,"Orange",3092,1167,498,4891,3092,1642,1242,517,275,208
CAPTURE_SAMPLE,11639,"Orange",2142,783,352,3331,2142,1102,878,520,267,213
CAPTURE_SAMPLE,11756,"Orange",2172,790,358,3367,2172,1112,892,520,266,214
CAPTURE_SAMPLE,11873,"Orange",2469,904,404,3843,2469,1272,1007,520,268,212
CAPTURE_SAMPLE,11991,"Orange",3004,1128,485,4746,3004,1587,1209,518,274,208
CAPTURE_SAMPLE,12111,"Orange",2761,1027,446,4338,2761,1445,1112,519,272,209
CAPTURE_SAMPLE,12230,"Orange",2537,931,415,3957,2537,1310,1035,520,268,212
CAPTURE_SAMPLE,12347,"Orange",3296,1241,531,5212,3296,1746,1324,518,274,208
CAPTURE_SAMPLE,12467,"Orange",3103,1170,501,4911,3103,1646,1249,517,274,208
CAPTURE_SAMPLE,12586,"Orange",3002,1127,483,4742,3002,1586,1204,518,274,208
CAPTURE_SAMPLE,12706,"Orange",2586,953,418,4043,2586,1341,1042,520,270,210
CAPTURE_SAMPLE,12824,"Orange",2539,934,413,3968,2539,1314,1030,520,269,211
CAPTURE_SAMPLE,12942,"Orange",2577,954,424,4037,2577,1342,1057,518,270,212
CAPTURE_SAMPLE,13060,"Orange",3005,1171,507,4750,3005,1648,1264,508,279,214
CAPTURE_SAMPLE,13179,"Orange",2982,1112,477,4687,2982,1565,1189,520,273,207
CAPTURE_SAMPLE,13299,"Orange",2882,1073,463,4530,2882,1510,1154,520,272,208
CAPTURE_SAMPLE,13417,"Orange",2688,998,436,4222,2688,1404,1087,519,271,210
CAPTURE_SAMPLE,13536,"Orange",2844,1055,459,4462,2844,1484,1144,520,271,209
CAPTURE_SAMPLE,13655,"Orange",2436,893,399,3795,2436,1256,995,520,268,212
CAPTURE_SAMPLE,13773,"Orange",2626,973,426,4116,2626,1369,1062,519,271,210
CAPTURE_SAMPLE,13891,"Orange",3417,1308,550,5443,3417,1840,1371,516,278,207
CAPTURE_SAMPLE,14010,"Orange",3242,1226,523,5135,3242,1725,1304,517,275,208
CAPTURE_SAMPLE,14129,"Orange",2389,877,392,3726,2389,1234,977,519,268,212
CAPTURE_SAMPLE,14246,"Orange",2426,1196,512,3792,2426,1683,1276,451,313,237
CAPTURE_SAMPLE,14366,"Orange",3993,1550,644,6399,3993,2181,1605,513,280,206
CAPTURE_SAMPLE,14484,"Orange",3221,1217,520,5102,3221,1712,1296,517,275,208
CAPTURE_SAMPLE,14604,"Orange",2552,945,412,4001,2552,1330,1027,520,271,209
CAPTURE_SAMPLE,14722,"Orange",4216,1656,679,6790,4216,2330,1693,512,283,205
CAPTURE_SAMPLE,14842,"Orange",4296,1697,694,6933,4296,2388,1730,511,284,206
CAPTURE_SAMPLE,14961,"Orange",4526,1809,734,7340,4526,2545,1830,508,286,206
CAPTURE_SAMPLE,15079,"Orange",4598,1843,746,7471,4598,2593,1860,508,286,206
CAPTURE_SAMPLE,15199,"Orange",3148,1192,508,4985,3148,1677,1266,517,275,208
CAPTURE_SAMPLE,15318,"Orange",2379,875,386,3717,2379,1231,962,520,269,210
CAPTURE_SAMPLE,15436,"Orange",3918,1526,634,6283,3918,2147,1581,512,281,207
CAPTURE_SAMPLE,15555,"Orange",4507,1825,736,7349,4507,2568,1835,506,288,206
CAPTURE_SAMPLE,15674,"Orange",4576,1869,748,7479,4576,2630,1865,504,290,206
CAPTURE_SAMPLE,15793,"Orange",4535,1682,688,7399,4535,2367,1715,526,275,199
CAPTURE_SAMPLE,15913,"Orange",3548,1358,571,5644,3548,1911,1424,515,278,207
CAPTURE_SAMPLE,16032,"Orange",3694,1426,594,5896,3694,2006,1481,514,279,206
CAPTURE_SAMPLE,16151,"Orange",4572,1861,748,7469,4572,2618,1865,505,289,206
CAPTURE_SAMPLE,16270,"Orange",3812,1477,617,6095,3812,2078,1538,513,280,207
CAPTURE_SAMPLE,16389,"Orange",3742,1443,603,5969,3742,2030,1503,514,279,207
CAPTURE_SAMPLE,16509,"Orange",4450,1780,725,7214,4450,2504,1807,508,286,206
CAPTURE_SAMPLE,16628,"Orange",4397,1750,713,7109,4397,2462,1778,509,285,206
CAPTURE_SAMPLE,16748,"Orange",3581,1369,575,5690,3581,1926,1433,516,278,206
CAPTURE_SAMPLE,16866,"Orange",3832,1484,618,6125,3832,2088,1541,514,280,207
CAPTURE_SAMPLE,16986,"Orange",4662,1891,760,7598,4662,2661,1895,506,289,206
CAPTURE_SAMPLE,17105,"Orange",4275,1685,689,6884,4275,2371,1718,511,283,205
CAPTURE_SAMPLE,17224,"Orange",3856,1489,617,6154,3856,2095,1538,515,280,205
CAPTURE_SAMPLE,17343,"Orange",4443,1771,719,7192,4443,2492,1792,509,286,205
CAPTURE_SAMPLE,17462,"Orange",4670,1889,758,7605,4670,2658,1890,507,288,205
CAPTURE_SAMPLE,17582,"Orange",4613,1849,747,7488,4613,2602,1862,508,287,205
CAPTURE_SAMPLE,17701,"Orange",4071,1594,655,6527,4071,2243,1633,512,282,205
CAPTURE_SAMPLE,17821,"Orange",4671,1895,760,7616,4671,2666,1895,506,289,205
CAPTURE_SAMPLE,17939,"Orange",4759,1945,772,7781,4759,2737,1925,505,291,204
CAPTURE_SAMPLE,18059,"Orange",4731,1933,765,7732,4731,2720,1907,506,291,204
CAPTURE_SAMPLE,18178,"Orange",4621,1877,746,7519,4621,2641,1860,507,290,204
CAPTURE_SAMPLE,18297,"Orange",4555,1853,740,7413,4555,2607,1845,506,289,205
CAPTURE_SAMPLE,18417,"Orange",4678,1906,758,7626,4678,2682,1890,506,290,204
CAPTURE_SAMPLE,18535,"Orange",4768,1947,774,7786,4768,2739,1930,505,290,205
CAPTURE_SAMPLE,18655,"Orange",4727,1926,767,7705,4727,2710,1912,506,290,205
CAPTURE_SAMPLE,18774,"Orange",4696,1905,762,7642,4696,2680,1900,506,289,205
CAPTURE_SAMPLE,18894,"Orange",4366,1728,702,7044,4366,2431,1750,511,284,205
CAPTURE_SAMPLE,19013,"Orange",4746,1936,766,7742,4746,2724,1910,506,290,204
CAPTURE_SAMPLE,19132,"Orange",4662,1885,752,7574,4662,2652,1875,507,289,204
CAPTURE_SAMPLE,19251,"Orange",4436,1718,705,7082,4436,2417,1758,515,281,204
CAPTURE_SAMPLE,19370,"Orange",4338,1654,688,6888,4338,2327,1715,518,278,205
CAPTURE_SAMPLE,19490,"Orange",4588,1856,742,7459,4588,2611,1850,507,289,204
CAPTURE_SAMPLE,19609,"Orange",4019,1488,617,6462,4019,2094,1538,525,274,201
CAPTURE_SAMPLE,19728,"Orange",3516,1355,568,5604,3516,1906,1416,514,279,207
CAPTURE_SAMPLE,19847,"Orange",3684,1425,591,5880,3684,2005,1473,514,280,206
CAPTURE_SAMPLE,19967,"Orange",2901,1090,467,4571,2901,1534,1164,518,274,208
CAPTURE_END,"Orange",169,20033
Timed capture complete for Orange: duration_s=20, elapsed_ms=20033, sample_count=169
cal "Brown" 20
CAPTURE_BEGIN,"Brown",20
Timed capture started for Brown (20 s)
CAPTURE_SAMPLE,54,"Brown",548,303,164,1026,548,426,409,396,308,296
CAPTURE_SAMPLE,178,"Brown",832,470,239,1583,832,661,596,398,316,285
CAPTURE_SAMPLE,289,"Brown",1093,687,329,2207,1093,967,820,380,336,285
CAPTURE_SAMPLE,402,"Brown",1021,752,355,2270,1021,1058,885,344,357,299
CAPTURE_SAMPLE,516,"Brown",1108,726,348,2314,1108,1021,868,370,341,290
CAPTURE_SAMPLE,631,"Brown",1084,724,341,2265,1084,1019,850,367,345,288
CAPTURE_SAMPLE,745,"Brown",1030,745,347,2247,1030,1048,865,350,356,294
CAPTURE_SAMPLE,858,"Brown",181,109,61,358,181,153,152,372,315,313
CAPTURE_SAMPLE,968,"Brown",1078,763,356,2323,1078,1074,888,355,353,292
CAPTURE_SAMPLE,1081,"Brown",972,567,279,1888,972,798,696,394,324,282
CAPTURE_SAMPLE,1193,"Brown",966,556,274,1864,966,782,683,397,322,281
CAPTURE_SAMPLE,1306,"Brown",951,544,273,1831,951,765,681,397,319,284
CAPTURE_SAMPLE,1417,"Brown",1106,676,327,2203,1106,951,815,385,331,284
CAPTURE_SAMPLE,1531,"Brown",1141,708,308,2292,1141,996,768,393,343,264
CAPTURE_SAMPLE,1646,"Brown",1064,626,307,2091,1064,881,765,393,325,282
CAPTURE_SAMPLE,1759,"Brown",1111,697,332,2259,1111,981,828,380,336,284
CAPTURE_SAMPLE,1873,"Brown",876,486,245,1660,876,684,611,404,315,281
CAPTURE_SAMPLE,1986,"Brown",668,358,187,1241,668,504,466,408,308,284
CAPTURE_SAMPLE,2097,"Brown",660,354,184,1229,660,498,459,408,308,284
CAPTURE_SAMPLE,2209,"Brown",1124,693,332,2251,1124,975,828,384,333,283
CAPTURE_SAMPLE,2324,"Brown",1070,650,312,2127,1070,915,778,387,331,282
CAPTURE_SAMPLE,2437,"Brown",1093,676,323,2189,1093,951,805,384,334,283
CAPTURE_SAMPLE,2552,"Brown",1094,657,316,2156,1094,924,788,390,329,281
CAPTURE_SAMPLE,2666,"Brown",852,469,243,1602,852,660,606,402,312,286
CAPTURE_SAMPLE,2777,"Brown",995,573,283,1917,995,806,706,397,321,282
CAPTURE_SAMPLE,2890,"Brown",1031,601,295,1999,1031,846,735,395,324,281
CAPTURE_SAMPLE,3003,"Brown",1023,592,292,1976,1023,833,728,396,322,282
CAPTURE_SAMPLE,3117,"Brown",1179,738,349,2376,1179,1038,870,382,336,282
CAPTURE_SAMPLE,3233,"Brown",1152,787,360,2432,1152,1107,897,365,351,284
CAPTURE_SAMPLE,3348,"Brown",1099,755,349,2336,1099,1062,870,363,350,287
CAPTURE_SAMPLE,3462,"Brown",1163,755,355,2395,1163,1062,885,374,341,285
CAPTURE_SAMPLE,3578,"Brown",1119,669,323,2207,1119,941,805,391,328,281
CAPTURE_SAMPLE,3692,"Brown",901,504,257,1715,901,709,641,400,315,285
CAPTURE_SAMPLE,3804,"Brown",954,536,269,1818,954,754,671,401,317,282
CAPTURE_SAMPLE,3916,"Brown",1045,600,294,2012,1045,844,733,399,322,280
CAPTURE_SAMPLE,4030,"Brown",1191,733,347,2378,1191,1031,865,386,334,280
CAPTURE_SAMPLE,4145,"Brown",1062,602,296,2031,1062,847,738,401,320,279
CAPTURE_SAMPLE,4259,"Brown",939,518,262,1770,939,729,653,405,314,281
CAPTURE_SAMPLE,4370,"Brown",1108,695,329,2233,1108,978,820,381,337,282
CAPTURE_SAMPLE,4485,"Brown",992,564,280,1903,992,794,698,399,320,281
CAPTURE_SAMPLE,4597,"Brown",703,377,201,1301,703,530,501,405,306,289
CAPTURE_SAMPLE,4708,"Brown",965,543,274,1843,965,764,683,400,317,283
CAPTURE_SAMPLE,4821,"Brown",998,702,327,2139,998,988,815,356,353,291
CAPTURE_SAMPLE,4933,"Brown",962,544,271,1839,962,765,676,400,318,281
CAPTURE_SAMPLE,5044,"Brown",747,403,212,1390,747,567,529,405,308,287
CAPTURE_SAMPLE,5157,"Brown",1100,657,316,2170,1100,924,788,391,329,280
CAPTURE_SAMPLE,5271,"Brown",1065,626,304,2082,1065,881,758,394,326,280
CAPTURE_SAMPLE,5384,"Brown",663,356,197,1224,663,501,491,401,303,297
CAPTURE_SAMPLE,5497,"Brown",857,465,239,1601,857,654,596,407,310,283
CAPTURE_SAMPLE,5609,"Brown",1091,648,315,2141,1091,912,785,391,327,282
CAPTURE_SAMPLE,5723,"Brown",983,554,276,1874,983,779,688,401,318,281
CAPTURE_SAMPLE,5835,"Brown",688,374,207,1279,688,526,516,398,304,298
CAPTURE_SAMPLE,5946,"Brown",764,414,220,1421,764,582,548,403,307,289
CAPTURE_SAMPLE,6059,"Brown",1124,711,335,2276,1124,1000,835,380,338,282
CAPTURE_SAMPLE,6174,"Brown",742,401,216,1378,742,564,538,402,306,292
CAPTURE_SAMPLE,6285,"Brown",677,369,204,1260,677,519,509,397,304,299
CAPTURE_SAMPLE,6398,"Brown",792,430,223,1477,792,605,556,406,310,285
CAPTURE_SAMPLE,6510,"Brown",1156,706,337,2300,1156,993,840,387,332,281
CAPTURE_SAMPLE,6623,"Brown",1113,669,323,2197,1113,941,805,389,329,282
CAPTURE_SAMPLE,6738,"Brown",729,398,215,1361,729,560,536,399,307,294
CAPTURE_SAMPLE,6850,"Brown",937,527,264,1784,937,741,658,401,317,282
CAPTURE_SAMPLE,6961,"Brown",1080,640,310,2117,1080,900,773,392,327,281
CAPTURE_SAMPLE,7076,"Brown",1011,582,286,1956,1011,819,713,398,322,280
CAPTURE_SAMPLE,7190,"Brown",770,422,222,1447,770,594,553,402,310,288
CAPTURE_SAMPLE,7301,"Brown",662,363,200,1238,662,511,499,396,306,298
CAPTURE_SAMPLE,7414,"Brown",857,474,242,1621,857,667,603,403,314,283
CAPTURE_SAMPLE,7525,"Brown",1090,647,312,2138,1090,910,778,392,328,280
CAPTURE_SAMPLE,7639,"Brown",1192,750,353,2410,1192,1055,880,381,337,281
CAPTURE_SAMPLE,7755,"Brown",1168,743,349,2376,1168,1045,870,379,339,282
CAPTURE_SAMPLE,7870,"Brown",1018,581,286,1956,1018,817,713,400,321,280
CAPTURE_SAMPLE,7984,"Brown",1134,684,327,2247,1134,962,815,390,330,280
CAPTURE_SAMPLE,8098,"Brown",1127,676,323,2227,1127,951,805,391,330,279
CAPTURE_SAMPLE,8212,"Brown",1179,726,344,2356,1179,1021,858,386,334,281
CAPTURE_SAMPLE,8327,"Brown",1152,756,352,2386,1152,1064,878,372,344,284
CAPTURE_SAMPLE,8442,"Brown",1136,677,326,2359,1136,953,813,391,328,280
CAPTURE_SAMPLE,8556,"Brown",1090,635,308,2116,1090,893,768,396,325,279
CAPTURE_SAMPLE,8670,"Brown",1106,649,314,2156,1106,913,783,395,326,279
CAPTURE_SAMPLE,8784,"Brown",1139,688,330,2266,1139,968,823,389,330,281
CAPTURE_SAMPLE,8899,"Brown",1065,754,354,2301,1065,1061,883,354,353,293
CAPTURE_SAMPLE,9013,"Brown",1150,703,344,2306,1150,989,858,384,330,286
CAPTURE_SAMPLE,9127,"Brown",704,389,217,1325,704,547,541,393,305,302
CAPTURE_SAMPLE,9240,"Brown",760,419,225,1427,760,590,561,398,309,294
CAPTURE_SAMPLE,9351,"Brown",977,556,278,1881,977,782,693,398,319,283
CAPTURE_SAMPLE,9463,"Brown",1036,601,298,2019,1036,846,743,395,322,283
CAPTURE_SAMPLE,9578,"Brown",736,400,208,1373,736,563,519,405,310,285
CAPTURE_SAMPLE,9689,"Brown",614,334,184,1141,614,470,459,398,305,297
CAPTURE_SAMPLE,9801,"Brown",831,459,234,1568,831,646,583,403,314,283
CAPTURE_SAMPLE,9913,"Brown",1030,603,295,2006,1030,848,735,394,325,281
CAPTURE_SAMPLE,10027,"Brown",822,455,232,1553,822,640,578,403,314,283
CAPTURE_SAMPLE,10140,"Brown",664,362,196,1238,664,509,489,400,306,294
CAPTURE_SAMPLE,10253,"Brown",854,476,241,1618,854,670,601,402,315,283
CAPTURE_SAMPLE,10366,"Brown",1029,597,292,1994,1029,840,728,396,323,280
CAPTURE_SAMPLE,10481,"Brown",954,543,270,1831,954,764,673,399,320,281
CAPTURE_SAMPLE,10594,"Brown",722,396,211,1355,722,557,526,400,309,291
CAPTURE_SAMPLE,10707,"Brown",734,401,210,1373,734,564,524,403,310,288
CAPTURE_SAMPLE,10821,"Brown",1104,669,321,2194,1104,941,800,388,331,281
CAPTURE_SAMPLE,10935,"Brown",1054,616,300,2050,1054,867,748,395,325,280
CAPTURE_SAMPLE,11050,"Brown",1108,674,323,2201,1108,948,805,387,331,281
CAPTURE_SAMPLE,11166,"Brown",1083,643,311,2126,1083,905,775,392,328,280
CAPTURE_SAMPLE,11280,"Brown",789,436,232,1483,789,613,578,398,310,292
CAPTURE_SAMPLE,11393,"Brown",987,556,277,1884,987,782,691,401,318,281
CAPTURE_SAMPLE,11507,"Brown",1118,659,319,2183,1118,927,795,394,326,280
CAPTURE_SAMPLE,11621,"Brown",1155,712,338,2307,1155,1002,843,385,334,281
CAPTURE_SAMPLE,11738,"Brown",1143,742,348,2345,1143,1044,868,374,342,284
CAPTURE_SAMPLE,11854,"Brown",786,435,226,1482,786,612,563,401,312,287
CAPTURE_SAMPLE,11967,"Brown",850,473,241,1611,850,666,601,402,315,284
CAPTURE_SAMPLE,12080,"Brown",1091,648,313,2138,1091,912,780,392,328,280
CAPTURE_SAMPLE,12195,"Brown",1108,710,333,2262,1108,999,830,377,340,283
CAPTURE_SAMPLE,12310,"Brown",1124,720,340,2262,1124,1013,848,377,339,284
CAPTURE_SAMPLE,12426,"Brown",1008,575,284,1936,1008,809,708,399,320,280
CAPTURE_SAMPLE,12541,"Brown",961,546,272,1843,961,768,678,399,319,282
CAPTURE_SAMPLE,12655,"Brown",1068,634,308,2096,1068,892,768,391,327,282
CAPTURE_SAMPLE,12769,"Brown",1145,706,337,2291,1145,993,840,384,333,282
CAPTURE_SAMPLE,12884,"Brown",1088,644,312,2130,1088,906,778,392,327,281
CAPTURE_SAMPLE,13000,"Brown",831,461,234,1569,831,649,583,403,315,283
CAPTURE_SAMPLE,13112,"Brown",987,566,279,1901,987,796,696,398,321,281
CAPTURE_SAMPLE,13225,"Brown",1131,733,345,2323,1131,1031,860,374,341,285
CAPTURE_SAMPLE,13342,"Brown",1086,651,314,2139,1086,916,783,390,329,281
CAPTURE_SAMPLE,13456,"Brown",721,395,207,1352,721,556,516,402,310,288
CAPTURE_SAMPLE,13570,"Brown",895,504,252,1707,895,709,628,401,318,281
CAPTURE_SAMPLE,13683,"Brown",967,553,274,1860,967,778,683,398,320,281
CAPTURE_SAMPLE,13795,"Brown",1107,692,329,2231,1107,974,820,382,336,283
CAPTURE_SAMPLE,13911,"Brown",1090,654,315,2149,1090,920,785,390,329,281
CAPTURE_SAMPLE,14026,"Brown",932,525,262,1777,932,739,653,401,318,281
CAPTURE_SAMPLE,14138,"Brown",1023,594,291,1983,1023,836,725,396,324,281
CAPTURE_SAMPLE,14254,"Brown",1126,700,333,2262,1126,985,830,383,335,282
CAPTURE_SAMPLE,14369,"Brown",1102,735,344,2296,1102,1034,858,368,345,287
CAPTURE_SAMPLE,14486,"Brown",1149,704,336,2291,1149,991,838,386,333,281
CAPTURE_SAMPLE,14600,"Brown",1163,741,349,2366,1163,1043,870,378,339,283
CAPTURE_SAMPLE,14716,"Brown",1145,703,335,2283,1145,989,835,386,333,281
CAPTURE_SAMPLE,14832,"Brown",1147,754,352,2372,1147,1061,878,372,344,285
CAPTURE_SAMPLE,14947,"Brown",1147,751,351,2365,1147,1057,875,373,343,284
CAPTURE_SAMPLE,15064,"Brown",1022,732,337,2210,1022,1030,840,353,356,290
CAPTURE_SAMPLE,15180,"Brown",1099,752,349,2320,1099,1058,870,363,350,287
CAPTURE_SAMPLE,15296,"Brown",1148,721,341,2315,1148,1014,850,381,337,282
CAPTURE_SAMPLE,15412,"Brown",869,486,246,1653,869,684,613,401,316,283
CAPTURE_SAMPLE,15525,"Brown",1082,642,310,2120,1082,903,773,392,327,280
CAPTURE_SAMPLE,15641,"Brown",1140,731,344,2325,1140,1029,858,377,340,283
CAPTURE_SAMPLE,15756,"Brown",1074,750,347,2293,1074,1055,865,359,352,289
CAPTURE_SAMPLE,15872,"Brown",1158,752,352,2378,1158,1058,878,374,342,284
CAPTURE_SAMPLE,15989,"Brown",1045,598,294,2009,1045,841,733,399,321,280
CAPTURE_SAMPLE,16103,"Brown",1114,665,320,2190,1114,936,798,391,329,280
CAPTURE_SAMPLE,16219,"Brown",1123,768,355,2371,1123,1081,885,364,350,287
CAPTURE_SAMPLE,16335,"Brown",1160,737,347,2355,1160,1037,865,379,339,282
CAPTURE_SAMPLE,16451,"Brown",880,489,247,1666,880,688,616,403,315,282
CAPTURE_SAMPLE,16564,"Brown",938,530,265,1791,938,746,661,400,318,282
CAPTURE_SAMPLE,16677,"Brown",1180,725,344,2357,1180,1020,858,386,334,281
CAPTURE_SAMPLE,16793,"Brown",1177,760,355,2411,1177,1069,885,376,341,283
CAPTURE_SAMPLE,16909,"Brown",1167,775,358,2427,1167,1090,892,371,346,283
CAPTURE_SAMPLE,17025,"Brown",1017,581,286,1953,1017,817,713,399,321,280
CAPTURE_SAMPLE,17141,"Brown",878,491,246,1668,878,691,613,402,317,281
CAPTURE_SAMPLE,17253,"Brown",1041,610,298,2029,1041,858,743,394,325,281
CAPTURE_SAMPLE,17368,"Brown",1140,758,355,2377,1140,1067,885,369,345,286
CAPTURE_SAMPLE,17485,"Brown",1103,765,356,2353,1103,1076,888,360,351,290
CAPTURE_SAMPLE,17601,"Brown",1089,761,354,2331,1089,1071,883,358,352,290
CAPTURE_SAMPLE,17717,"Brown",1155,720,341,2324,1155,1013,850,383,336,282
CAPTURE_SAMPLE,17833,"Brown",930,524,261,1774,930,737,651,401,318,281
CAPTURE_SAMPLE,17946,"Brown",1127,675,324,2220,1127,950,808,391,329,280
CAPTURE_SAMPLE,18061,"Brown",1169,766,358,2416,1169,1078,892,372,343,284
CAPTURE_SAMPLE,18177,"Brown",1155,778,361,2421,1155,1095,900,367,348,286
CAPTURE_SAMPLE,18293,"Brown",1149,783,362,2422,1149,1102,902,364,350,286
CAPTURE_SAMPLE,18410,"Brown",1171,725,344,2350,1171,1020,858,384,335,281
CAPTURE_SAMPLE,18525,"Brown",1128,680,326,2231,1128,957,813,389,330,281
CAPTURE_SAMPLE,18641,"Brown",1176,793,367,2465,1176,1116,915,367,348,285
CAPTURE_SAMPLE,18757,"Brown",1179,781,363,2449,1179,1099,905,370,345,284
CAPTURE_SAMPLE,18872,"Brown",1130,683,328,2238,1130,961,818,388,330,281
CAPTURE_SAMPLE,18988,"Brown",1111,667,321,2192,1111,938,800,390,329,281
CAPTURE_SAMPLE,19103,"Brown",1174,753,354,2399,1174,1059,883,377,340,283
CAPTURE_SAMPLE,19220,"Brown",1148,764,356,2388,1148,1075,888,369,346,285
CAPTURE_SAMPLE,19335,"Brown",1175,769,359,2425,1175,1082,895,373,343,284
CAPTURE_SAMPLE,19451,"Brown",1164,732,346,2352,1164,1030,863,381,337,282
CAPTURE_SAMPLE,19568,"Brown",1008,581,285,1947,1008,817,711,397,322,280
CAPTURE_SAMPLE,19682,"Brown",1115,675,354,2210,1115,950,883,378,322,300
CAPTURE_SAMPLE,19798,"Brown",1117,757,353,2350,1117,1065,880,365,348,287
CAPTURE_SAMPLE,19914,"Brown",1041,738,342,2243,1041,1038,853,355,354,291
CAPTURE_END,"Brown",175,20030
Timed capture complete for Brown: duration_s=20, elapsed_ms=20030, sample_count=175
Cal "Black" 20
CAPTURE_BEGIN,"Black",20
Timed capture started for Black (20 s)
CAPTURE_SAMPLE,54,"Black",206,144,84,437,206,203,209,333,328,338
CAPTURE_SAMPLE,176,"Black",255,203,110,597,255,286,274,313,351,336
CAPTURE_SAMPLE,287,"Black",239,234,122,629,239,329,304,274,377,349
CAPTURE_SAMPLE,396,"Black",72,77,49,206,72,108,122,238,358,404
CAPTURE_SAMPLE,505,"Black",104,138,91,348,104,194,227,198,370,432
CAPTURE_SAMPLE,613,"Black",309,260,148,748,309,366,369,296,351,353
CAPTURE_SAMPLE,723,"Black",294,221,126,665,294,311,314,320,338,342
CAPTURE_SAMPLE,833,"Black",309,258,142,751,309,363,354,301,354,345
CAPTURE_SAMPLE,943,"Black",240,263,137,683,240,370,342,252,389,359
CAPTURE_SAMPLE,1053,"Black",133,193,116,467,133,272,289,192,392,416
CAPTURE_SAMPLE,1164,"Black",148,216,127,519,148,304,317,192,395,412
CAPTURE_SAMPLE,1275,"Black",147,212,122,507,147,298,304,196,398,406
CAPTURE_SAMPLE,1385,"Black",305,282,155,782,305,397,386,280,365,355
CAPTURE_SAMPLE,1497,"Black",300,247,138,720,300,348,344,302,351,347
CAPTURE_SAMPLE,1608,"Black",249,273,148,720,249,384,369,249,383,368
CAPTURE_SAMPLE,1718,"Black",197,244,130,618,197,343,324,228,397,375
CAPTURE_SAMPLE,1830,"Black",264,252,133,691,264,355,332,278,373,349
CAPTURE_SAMPLE,1940,"Black",249,215,116,610,249,303,289,296,360,344
CAPTURE_SAMPLE,2051,"Black",270,260,137,709,270,366,342,276,374,350
CAPTURE_SAMPLE,2163,"Black",210,261,141,653,210,367,352,226,395,379
CAPTURE_SAMPLE,2273,"Black",250,214,117,610,250,301,292,297,357,346
CAPTURE_SAMPLE,2384,"Black",241,210,115,595,241,295,287,293,358,349
CAPTURE_SAMPLE,2494,"Black",270,287,155,763,270,404,386,255,381,364
CAPTURE_SAMPLE,2606,"Black",293,254,140,722,293,357,349,293,357,349
CAPTURE_SAMPLE,2717,"Black",187,135,79,408,187,190,197,326,331,343
CAPTURE_SAMPLE,2826,"Black",233,171,97,515,233,241,242,325,337,338
CAPTURE_SAMPLE,2937,"Black",287,253,136,714,287,356,339,292,363,345
CAPTURE_SAMPLE,3047,"Black",263,264,139,705,263,371,347,268,378,354
CAPTURE_SAMPLE,3158,"Black",213,247,128,627,213,348,319,242,395,363
CAPTURE_SAMPLE,3270,"Black",264,207,113,610,264,291,282,315,348,337
CAPTURE_SAMPLE,3380,"Black",219,164,95,491,219,231,237,319,336,345
CAPTURE_SAMPLE,3490,"Black",226,181,104,535,226,255,259,305,345,350
CAPTURE_SAMPLE,3601,"Black",257,241,136,673,257,339,339,275,363,363
CAPTURE_SAMPLE,3712,"Black",252,246,136,672,252,346,339,269,369,362
CAPTURE_SAMPLE,3823,"Black",269,274,157,743,269,386,391,257,369,374
CAPTURE_SAMPLE,3934,"Black",263,221,122,629,263,311,304,300,354,346
CAPTURE_SAMPLE,4045,"Black",242,186,103,546,242,262,257,318,344,338
CAPTURE_SAMPLE,4155,"Black",255,246,128,675,255,346,319,277,376,347
CAPTURE_SAMPLE,4266,"Black",170,208,109,528,170,293,272,231,399,370
CAPTURE_SAMPLE,4378,"Black",118,155,93,392,118,218,232,208,384,408
CAPTURE_SAMPLE,4487,"Black",316,262,147,759,316,369,366,301,351,348
CAPTURE_SAMPLE,4598,"Black",216,149,87,453,216,210,217,336,327,337
CAPTURE_SAMPLE,4708,"Black",238,179,100,527,238,252,249,322,341,337
CAPTURE_SAMPLE,4819,"Black",278,290,161,786,278,408,401,256,375,369
CAPTURE_SAMPLE,4929,"Black",256,293,164,767,256,412,409,238,383,380
CAPTURE_SAMPLE,5041,"Black",290,280,153,762,290,394,381,272,370,358
CAPTURE_SAMPLE,5152,"Black",230,171,96,506,230,241,239,324,339,337
CAPTURE_SAMPLE,5261,"Black",293,248,132,709,293,349,329,302,359,339
CAPTURE_SAMPLE,5373,"Black",198,251,134,626,198,353,334,224,399,377
CAPTURE_SAMPLE,5483,"Black",131,189,113,460,131,266,282,193,392,415
CAPTURE_SAMPLE,5594,"Black",258,201,110,587,258,283,274,317,347,336
CAPTURE_SAMPLE,5706,"Black",233,161,94,501,233,227,234,336,327,337
CAPTURE_SAMPLE,5815,"Black",296,255,135,721,296,359,337,298,362,340
CAPTURE_SAMPLE,5926,"Black",314,302,160,824,314,425,399,276,373,351
CAPTURE_SAMPLE,6036,"Black",311,251,136,729,311,353,339,310,352,338
CAPTURE_SAMPLE,6148,"Black",212,154,87,463,212,217,217,328,336,336
CAPTURE_SAMPLE,6258,"Black",276,259,137,706,276,364,342,281,371,348
CAPTURE_SAMPLE,6368,"Black",244,282,154,737,244,397,384,238,387,375
CAPTURE_SAMPLE,6480,"Black",289,210,119,641,289,295,297,328,335,337
CAPTURE_SAMPLE,6590,"Black",290,214,119,643,290,301,297,327,339,334
CAPTURE_SAMPLE,6701,"Black",269,288,148,744,269,405,369,258,388,354
CAPTURE_SAMPLE,6813,"Black",251,260,133,679,251,366,332,264,386,350
CAPTURE_SAMPLE,6923,"Black",261,206,111,612,261,290,277,315,350,335
CAPTURE_SAMPLE,7034,"Black",270,232,126,665,270,326,314,297,358,345
CAPTURE_SAMPLE,7145,"Black",231,272,147,699,231,383,366,236,391,373
CAPTURE_SAMPLE,7256,"Black",300,282,149,773,300,397,371,281,372,347
CAPTURE_SAMPLE,7367,"Black",289,213,117,639,289,300,292,328,341,331
CAPTURE_SAMPLE,7478,"Black",331,260,138,718,331,366,344,318,352,330
CAPTURE_SAMPLE,7589,"Black",324,252,138,744,324,355,344,317,347,336
CAPTURE_SAMPLE,7699,"Black",229,154,92,475,229,217,229,339,321,339
CAPTURE_SAMPLE,7810,"Black",227,156,92,479,227,219,229,336,324,339
CAPTURE_SAMPLE,7920,"Black",265,207,114,612,265,291,284,315,346,338
CAPTURE_SAMPLE,8030,"Black",270,239,129,674,270,336,322,291,362,347
CAPTURE_SAMPLE,8141,"Black",274,242,130,684,274,340,324,292,362,345
CAPTURE_SAMPLE,8252,"Black",285,225,123,662,285,317,307,314,349,338
CAPTURE_SAMPLE,8363,"Black",289,255,135,718,289,359,337,293,364,342
CAPTURE_SAMPLE,8474,"Black",268,272,145,728,268,383,361,265,378,357
CAPTURE_SAMPLE,8585,"Black",196,247,135,622,196,348,337,222,395,383
CAPTURE_SAMPLE,8696,"Black",254,202,110,598,254,284,274,313,350,337
CAPTURE_SAMPLE,8806,"Black",266,215,119,638,266,303,297,307,350,343
CAPTURE_SAMPLE,8918,"Black",235,259,142,690,235,364,354,247,382,371
CAPTURE_SAMPLE,9029,"Black",258,269,148,723,258,378,369,257,376,367
CAPTURE_SAMPLE,9139,"Black",249,226,119,636,249,318,297,288,368,344
CAPTURE_SAMPLE,9251,"Black",218,248,130,635,218,349,324,245,392,364
CAPTURE_SAMPLE,9361,"Black",186,235,126,583,186,331,314,224,398,378
CAPTURE_SAMPLE,9472,"Black",246,248,132,664,246,349,329,266,378,356
CAPTURE_SAMPLE,9584,"Black",267,229,124,649,267,322,309,297,359,344
CAPTURE_SAMPLE,9694,"Black",260,243,131,667,260,342,327,280,368,352
CAPTURE_SAMPLE,9805,"Black",267,239,128,669,267,336,319,290,364,346
CAPTURE_SAMPLE,9916,"Black",271,256,136,703,271,360,339,279,371,349
CAPTURE_SAMPLE,10027,"Black",277,260,140,722,277,366,349,279,369,352
CAPTURE_SAMPLE,10139,"Black",270,247,131,690,270,348,327,286,368,346
CAPTURE_SAMPLE,10251,"Black",266,245,131,684,266,345,327,284,368,349
CAPTURE_SAMPLE,10363,"Black",257,271,145,720,257,381,361,257,381,361
CAPTURE_SAMPLE,10474,"Black",270,245,129,678,270,345,322,288,368,344
CAPTURE_SAMPLE,10586,"Black",264,207,113,607,264,291,282,315,348,337
CAPTURE_SAMPLE,10699,"Black",292,223,122,654,292,314,304,321,345,334
CAPTURE_SAMPLE,10810,"Black",316,282,148,799,316,397,369,292,367,341
CAPTURE_SAMPLE,10922,"Black",323,259,136,754,323,364,339,315,355,330
CAPTURE_SAMPLE,11035,"Black",293,230,120,670,293,324,299,320,354,326
CAPTURE_SAMPLE,11146,"Black",315,215,123,670,315,303,307,341,328,332
CAPTURE_SAMPLE,11258,"Black",285,211,117,627,285,297,292,326,340,334
CAPTURE_SAMPLE,11370,"Black",233,179,100,530,233,252,249,317,343,339
CAPTURE_SAMPLE,11482,"Black",287,229,125,663,287,322,312,312,350,339
CAPTURE_SAMPLE,11594,"Black",331,296,159,835,331,416,396,290,364,346
CAPTURE_SAMPLE,11706,"Black",325,294,153,831,325,414,381,290,370,340
CAPTURE_SAMPLE,11818,"Black",330,269,146,785,330,378,364,308,353,340
CAPTURE_SAMPLE,11930,"Black",308,244,135,711,308,343,337,312,347,341
CAPTURE_SAMPLE,12042,"Black",312,260,142,743,312,366,354,302,355,343
CAPTURE_SAMPLE,12154,"Black",258,206,113,600,258,290,282,311,349,340
CAPTURE_SAMPLE,12265,"Black",262,212,115,612,262,298,287,309,352,339
CAPTURE_SAMPLE,12378,"Black",294,283,149,774,294,398,371,277,374,349
CAPTURE_SAMPLE,12490,"Black",287,268,140,748,287,377,349,283,372,345
CAPTURE_SAMPLE,12601,"Black",312,261,138,754,312,367,344,305,359,336
CAPTURE_SAMPLE,12714,"Black",325,249,136,750,325,350,339,321,345,334
CAPTURE_SAMPLE,12826,"Black",272,199,111,612,272,280,277,328,338,334
CAPTURE_SAMPLE,12937,"Black",276,206,118,618,276,290,294,321,337,342
CAPTURE_SAMPLE,13050,"Black",276,211,116,638,276,297,289,320,345,335
CAPTURE_SAMPLE,13161,"Black",272,234,122,669,272,329,304,301,364,336
CAPTURE_SAMPLE,13273,"Black",273,227,118,656,273,319,294,308,360,332
CAPTURE_SAMPLE,13386,"Black",277,220,116,647,277,310,289,316,354,330
CAPTURE_SAMPLE,13497,"Black",300,222,127,681,300,312,317,323,336,341
CAPTURE_SAMPLE,13609,"Black",287,210,122,639,287,295,304,324,333,343
CAPTURE_SAMPLE,13722,"Black",266,197,107,600,266,277,267,328,342,330
CAPTURE_SAMPLE,13833,"Black",264,199,107,597,264,280,267,326,345,329
CAPTURE_SAMPLE,13945,"Black",276,221,118,641,276,311,294,313,353,334
CAPTURE_SAMPLE,14057,"Black",270,245,128,680,270,345,319,289,369,342
CAPTURE_SAMPLE,14169,"Black",271,226,117,643,271,318,292,308,361,331
CAPTURE_SAMPLE,14281,"Black",275,236,123,664,275,332,307,301,363,336
CAPTURE_SAMPLE,14393,"Black",275,228,120,650,275,321,299,307,359,334
CAPTURE_SAMPLE,14505,"Black",275,219,117,633,275,308,292,314,352,334
CAPTURE_SAMPLE,14617,"Black",255,190,104,568,255,267,259,327,342,332
CAPTURE_SAMPLE,14729,"Black",235,169,94,516,235,238,234,332,337,331
CAPTURE_SAMPLE,14840,"Black",248,188,102,560,248,265,254,323,346,331
CAPTURE_SAMPLE,14951,"Black",268,214,115,621,268,301,287,313,352,335
CAPTURE_SAMPLE,15064,"Black",174,219,117,550,174,308,292,225,398,377
CAPTURE_SAMPLE,15176,"Black",190,221,113,563,190,311,282,243,397,360
CAPTURE_SAMPLE,15287,"Black",282,220,118,650,282,310,294,318,350,332
CAPTURE_SAMPLE,15400,"Black",275,194,113,605,275,273,282,331,329,340
CAPTURE_SAMPLE,15511,"Black",255,184,105,567,255,259,262,329,334,338
CAPTURE_SAMPLE,15623,"Black",245,178,99,545,245,250,247,330,337,333
CAPTURE_SAMPLE,15735,"Black",274,221,118,642,274,311,294,312,354,334
CAPTURE_SAMPLE,15846,"Black",269,217,115,628,269,305,287,312,354,333
CAPTURE_SAMPLE,15958,"Black",272,230,121,654,272,324,302,303,361,336
CAPTURE_SAMPLE,16071,"Black",270,197,109,604,270,277,272,330,338,332
CAPTURE_SAMPLE,16182,"Black",250,180,102,544,250,253,254,330,334,336
CAPTURE_SAMPLE,16294,"Black",258,186,104,571,258,262,259,331,336,332
CAPTURE_SAMPLE,16406,"Black",262,199,109,600,262,280,272,322,344,334
CAPTURE_SAMPLE,16518,"Black",297,222,128,676,297,312,319,320,336,344
CAPTURE_SAMPLE,16630,"Black",287,212,124,647,287,298,309,321,333,346
CAPTURE_SAMPLE,16742,"Black",271,196,113,598,271,276,282,327,333,340
CAPTURE_SAMPLE,16854,"Black",272,194,110,601,272,273,274,332,333,335
CAPTURE_SAMPLE,16966,"Black",270,184,105,613,270,259,262,341,327,331
CAPTURE_SAMPLE,17078,"Black",259,177,100,549,259,249,249,342,329,329
CAPTURE_SAMPLE,17190,"Black",228,152,89,481,228,214,222,343,322,334
CAPTURE_SAMPLE,17300,"Black",239,163,93,506,239,229,232,341,327,331
CAPTURE_SAMPLE,17412,"Black",251,175,97,534,251,246,242,340,333,327
CAPTURE_SAMPLE,17523,"Black",263,183,103,566,263,257,257,338,331,331
CAPTURE_SAMPLE,17634,"Black",287,213,117,643,287,300,292,327,341,332
CAPTURE_SAMPLE,17747,"Black",294,239,128,698,294,336,319,310,354,336
CAPTURE_SAMPLE,17859,"Black",302,225,123,677,302,317,307,326,342,332
CAPTURE_SAMPLE,17970,"Black",289,203,112,625,289,286,279,338,335,327
CAPTURE_SAMPLE,18083,"Black",250,162,94,515,250,228,234,351,320,329
CAPTURE_SAMPLE,18193,"Black",287,201,110,612,287,283,274,340,335,325
CAPTURE_SAMPLE,18305,"Black",272,239,123,671,272,336,307,297,367,336
CAPTURE_SAMPLE,18418,"Black",306,254,134,737,306,357,334,307,358,335
CAPTURE_SAMPLE,18529,"Black",277,189,107,590,277,266,267,342,328,330
CAPTURE_SAMPLE,18641,"Black",279,196,108,604,279,276,269,339,335,326
CAPTURE_SAMPLE,18753,"Black",289,212,114,641,289,298,284,332,342,326
CAPTURE_SAMPLE,18865,"Black",161,110,66,337,161,155,165,335,322,343
CAPTURE_SAMPLE,18976,"Black",269,191,129,588,269,269,322,313,313,374
CAPTURE_SAMPLE,19088,"Black",293,222,119,669,293,312,297,325,346,329
CAPTURE_SAMPLE,19200,"Black",292,210,115,649,292,295,287,334,338,328
CAPTURE_SAMPLE,19312,"Black",294,250,131,719,294,352,327,302,362,336
CAPTURE_SAMPLE,19424,"Black",302,266,139,748,302,374,347,295,366,339
CAPTURE_SAMPLE,19536,"Black",261,175,102,548,261,246,254,343,323,334
CAPTURE_SAMPLE,19647,"Black",251,172,97,528,251,242,242,341,329,329
CAPTURE_SAMPLE,19759,"Black",301,231,126,683,301,325,314,320,346,334
CAPTURE_SAMPLE,19871,"Black",277,200,110,603,277,281,274,333,338,329
CAPTURE_SAMPLE,19982,"Black",230,152,89,473,230,214,222,345,321,333
CAPTURE_END,"Black",180,20041
Timed capture complete for Black: duration_s=20, elapsed_ms=20041, sample_count=180
cal "Grey" 20
CAPTURE_BEGIN,"Grey",20
Timed capture started for Grey (20 s)
CAPTURE_SAMPLE,53,"Grey",1931,1472,809,4416,1931,2071,2017,321,344,335
CAPTURE_SAMPLE,180,"Grey",1971,1519,834,4542,1971,2137,2079,319,345,336
CAPTURE_SAMPLE,295,"Grey",2068,1672,906,4905,2068,2353,2259,310,352,338
CAPTURE_SAMPLE,411,"Grey",2034,1584,864,4713,2034,2229,2154,317,347,336
CAPTURE_SAMPLE,525,"Grey",1664,1155,662,3623,1664,1625,1650,337,329,334
CAPTURE_SAMPLE,640,"Grey",2008,1574,857,4670,2008,2215,2137,316,348,336
CAPTURE_SAMPLE,756,"Grey",2151,1632,892,4902,2151,2296,2224,322,344,333
CAPTURE_SAMPLE,870,"Grey",1604,1122,638,3478,1604,1579,1591,336,331,333
CAPTURE_SAMPLE,986,"Grey",1774,1252,705,3848,1774,1762,1758,335,333,332
CAPTURE_SAMPLE,1101,"Grey",2303,1768,970,5331,2303,2488,2418,319,345,335
CAPTURE_SAMPLE,1216,"Grey",1851,1403,778,4245,1851,1974,1940,321,342,337
CAPTURE_SAMPLE,1333,"Grey",2149,1841,982,5272,2149,2590,2448,299,360,341
CAPTURE_SAMPLE,1449,"Grey",1820,1410,770,4199,1820,1984,1920,318,347,335
CAPTURE_SAMPLE,1566,"Grey",2008,1698,906,4910,2008,2389,2259,302,359,339
CAPTURE_SAMPLE,1681,"Grey",1590,1616,847,4335,1590,2274,2112,266,381,353
CAPTURE_SAMPLE,1797,"Grey",1457,1496,786,4003,1457,2105,1959,264,381,355
CAPTURE_SAMPLE,1914,"Grey",1795,1683,886,4671,1795,2368,2209,282,372,347
CAPTURE_SAMPLE,2029,"Grey",1805,1654,873,4638,1805,2327,2176,286,369,345
CAPTURE_SAMPLE,2146,"Grey",1618,1558,823,4301,1618,2192,2052,276,374,350
CAPTURE_SAMPLE,2262,"Grey",1325,1361,727,3687,1325,1915,1812,262,379,359
CAPTURE_SAMPLE,2378,"Grey",1818,1604,853,4564,1818,2257,2127,293,364,343
CAPTURE_SAMPLE,2494,"Grey",1377,978,563,3017,1377,1376,1404,331,331,338
CAPTURE_SAMPLE,2609,"Grey",1751,1300,720,3947,1751,1829,1795,326,340,334
CAPTURE_SAMPLE,2726,"Grey",1828,1358,752,4118,1828,1911,1875,326,340,334
CAPTURE_SAMPLE,2841,"Grey",1773,1293,723,3947,1773,1819,1802,329,337,334
CAPTURE_SAMPLE,2957,"Grey",1794,1326,734,4026,1794,1866,1830,327,340,333
CAPTURE_SAMPLE,3074,"Grey",1890,1434,784,4311,1890,2018,1955,322,344,333
CAPTURE_SAMPLE,3190,"Grey",1953,1518,826,4525,1953,2136,2059,318,347,335
CAPTURE_SAMPLE,3306,"Grey",1921,1488,810,4446,1921,2094,2019,318,347,335
CAPTURE_SAMPLE,3422,"Grey",1582,1116,634,3458,1582,1570,1581,334,332,334
CAPTURE_SAMPLE,3538,"Grey",1746,1265,705,3874,1746,1780,1758,330,337,333
CAPTURE_SAMPLE,3655,"Grey",1641,1162,657,3594,1641,1635,1638,334,333,333
CAPTURE_SAMPLE,3770,"Grey",1883,1398,771,4240,1883,1967,1922,326,341,333
CAPTURE_SAMPLE,3887,"Grey",2000,1547,842,4620,2000,2177,2099,319,347,334
CAPTURE_SAMPLE,4003,"Grey",1670,1196,671,3682,1670,1683,1673,332,335,333
CAPTURE_SAMPLE,4118,"Grey",1256,864,497,2703,1256,1216,1239,338,328,334
CAPTURE_SAMPLE,4234,"Grey",1485,1042,591,3237,1485,1466,1473,336,331,333
CAPTURE_SAMPLE,4350,"Grey",1956,1550,838,4589,1956,2181,2089,314,350,336
CAPTURE_SAMPLE,4467,"Grey",1728,1270,704,3865,1728,1787,1755,328,339,333
CAPTURE_SAMPLE,4582,"Grey",1376,981,554,3020,1376,1380,1381,333,334,334
CAPTURE_SAMPLE,4697,"Grey",1904,1494,810,4418,1904,2102,2019,316,349,335
CAPTURE_SAMPLE,4814,"Grey",1905,1669,884,4745,1905,2348,2204,295,364,341
CAPTURE_SAMPLE,4929,"Grey",1698,1287,709,3873,1698,1811,1768,322,343,335
CAPTURE_SAMPLE,5046,"Grey",1828,1427,780,4242,1828,2008,1945,316,347,336
CAPTURE_SAMPLE,5162,"Grey",1885,1499,812,4426,1885,2109,2024,313,350,336
CAPTURE_SAMPLE,5278,"Grey",1775,1346,738,4048,1775,1894,1840,322,344,334
CAPTURE_SAMPLE,5394,"Grey",1447,1095,615,3288,1447,1541,1533,320,341,339
CAPTURE_SAMPLE,5510,"Grey",2002,1661,898,4847,2002,2337,2239,304,355,340
CAPTURE_SAMPLE,5627,"Grey",1925,1602,860,4654,1925,2254,2144,304,356,339
CAPTURE_SAMPLE,5742,"Grey",1858,1469,799,4352,1858,2067,1992,314,349,337
CAPTURE_SAMPLE,5858,"Grey",1701,1284,708,3867,1701,1807,1765,323,343,335
CAPTURE_SAMPLE,5975,"Grey",1760,1361,747,4068,1760,1915,1862,318,346,336
CAPTURE_SAMPLE,6091,"Grey",1762,1374,756,4105,1762,1933,1885,316,346,338
CAPTURE_SAMPLE,6207,"Grey",1863,1647,880,4693,1863,2317,2194,292,364,344
CAPTURE_SAMPLE,6323,"Grey",1893,1596,856,4614,1893,2246,2134,302,358,340
CAPTURE_SAMPLE,6439,"Grey",1802,1440,782,4239,1802,2026,1950,312,351,337
CAPTURE_SAMPLE,6556,"Grey",1880,1617,865,4642,1880,2275,2156,298,360,342
CAPTURE_SAMPLE,6671,"Grey",1727,1698,900,4691,1727,2389,2244,272,376,353
CAPTURE_SAMPLE,6788,"Grey",2050,1695,909,4935,2050,2385,2266,306,356,338
CAPTURE_SAMPLE,6904,"Grey",1987,1737,923,4933,1987,2444,2301,295,363,342
CAPTURE_SAMPLE,7019,"Grey",1391,1435,789,3881,1391,2019,1967,259,375,366
CAPTURE_SAMPLE,7136,"Grey",1956,1585,860,4691,1956,2230,2144,309,352,339
CAPTURE_SAMPLE,7252,"Grey",1920,1610,864,4672,1920,2265,2154,303,357,340
CAPTURE_SAMPLE,7369,"Grey",1605,1613,857,4391,1605,2269,2137,267,377,356
CAPTURE_SAMPLE,7484,"Grey",1982,1601,864,5157,1982,2253,2154,310,353,337
CAPTURE_SAMPLE,7600,"Grey",1970,1622,875,4728,1970,2282,2181,306,355,339
CAPTURE_SAMPLE,7717,"Grey",1985,1773,939,4997,1985,2495,2341,291,366,343
CAPTURE_SAMPLE,7832,"Grey",1960,1561,851,4623,1960,2196,2122,312,350,338
CAPTURE_SAMPLE,7949,"Grey",1844,1520,849,4219,1844,2139,2117,302,351,347
CAPTURE_SAMPLE,8065,"Grey",2274,2002,1072,5721,2274,2817,2672,293,363,344
CAPTURE_SAMPLE,8182,"Grey",2113,1777,956,5156,2113,2500,2383,302,357,341
CAPTURE_SAMPLE,8298,"Grey",2078,1646,898,4894,2078,2316,2239,313,349,338
CAPTURE_SAMPLE,8414,"Grey",1917,1822,967,5068,1917,2564,2411,278,372,350
CAPTURE_SAMPLE,8531,"Grey",1884,1620,867,4664,1884,2279,2161,298,360,342
CAPTURE_SAMPLE,8647,"Grey",1694,1695,896,4584,1694,2385,2234,268,378,354
CAPTURE_SAMPLE,8762,"Grey",1681,1658,883,4556,1681,2333,2201,270,375,354
CAPTURE_SAMPLE,8879,"Grey",1893,1482,812,4423,1893,2085,2024,315,347,337
CAPTURE_SAMPLE,8995,"Grey",2114,1639,901,4930,2114,2306,2246,317,346,337
CAPTURE_SAMPLE,9111,"Grey",2496,1944,1066,5819,2496,2735,2658,316,347,337
CAPTURE_SAMPLE,9228,"Grey",2504,2050,1108,6015,2504,2884,2762,307,354,339
CAPTURE_SAMPLE,9345,"Grey",1939,1533,843,4571,1939,2157,2102,313,348,339
CAPTURE_SAMPLE,9462,"Grey",2612,2018,1111,6093,2612,2839,2770,318,345,337
CAPTURE_SAMPLE,9578,"Grey",2743,2114,1170,6400,2743,2974,2917,318,344,338
CAPTURE_SAMPLE,9696,"Grey",2827,2214,1223,6609,2827,3115,3049,314,346,339
CAPTURE_SAMPLE,9813,"Grey",2679,2037,1129,6144,2679,2866,2815,320,343,337
CAPTURE_SAMPLE,9930,"Grey",1329,977,552,2985,1329,1375,1376,326,337,337
CAPTURE_SAMPLE,10045,"Grey",1498,1147,634,3450,1498,1614,1581,319,344,337
CAPTURE_SAMPLE,10162,"Grey",1952,1536,841,4588,1952,2161,2097,314,348,338
CAPTURE_SAMPLE,10280,"Grey",2368,1797,987,5379,2368,2528,2461,322,344,335
CAPTURE_SAMPLE,10397,"Grey",1765,1267,713,3900,1765,1783,1778,331,335,334
CAPTURE_SAMPLE,10513,"Grey",1872,1479,809,4410,1872,2081,2017,314,349,338
CAPTURE_SAMPLE,10631,"Grey",2016,1878,1009,5258,2016,2642,2515,281,368,351
CAPTURE_SAMPLE,10749,"Grey",1906,1531,833,4539,1906,2154,2077,311,351,338
CAPTURE_SAMPLE,10867,"Grey",1487,1125,624,3393,1487,1583,1556,321,342,336
CAPTURE_SAMPLE,10983,"Grey",1949,1565,850,4631,1949,2202,2119,311,351,338
CAPTURE_SAMPLE,11101,"Grey",1987,1622,878,4774,1987,2282,2189,308,353,339
CAPTURE_SAMPLE,11218,"Grey",1504,1115,625,3398,1504,1569,1558,325,339,336
CAPTURE_SAMPLE,11335,"Grey",2006,1655,892,4832,2006,2329,2224,306,355,339
CAPTURE_SAMPLE,11452,"Grey",1954,1597,863,4688,1954,2247,2151,308,354,339
CAPTURE_SAMPLE,11569,"Grey",1964,1685,906,4841,1964,2371,2259,298,360,343
CAPTURE_SAMPLE,11687,"Grey",1721,1764,931,4720,1721,2482,2321,264,380,356
CAPTURE_SAMPLE,11804,"Grey",1901,1696,903,4796,1901,2386,2251,291,365,344
CAPTURE_SAMPLE,11920,"Grey",1864,1672,893,4724,1864,2353,2226,289,365,345
CAPTURE_SAMPLE,12038,"Grey",1885,1758,936,4932,1885,2474,2333,282,370,349
CAPTURE_SAMPLE,12155,"Grey",2067,1825,978,5225,2067,2568,2438,292,363,345
CAPTURE_SAMPLE,12273,"Grey",2000,1648,889,4815,2000,2319,2216,306,355,339
CAPTURE_SAMPLE,12389,"Grey",1814,1706,913,4791,1814,2400,2276,280,370,351
CAPTURE_SAMPLE,12507,"Grey",1925,1758,940,4992,1925,2474,2343,286,367,348
CAPTURE_SAMPLE,12624,"Grey",1719,1391,758,4101,1719,1957,1890,309,352,340
CAPTURE_SAMPLE,12741,"Grey",1807,1586,852,4545,1807,2232,2124,293,362,345
CAPTURE_SAMPLE,12858,"Grey",1923,1736,931,4953,1923,2443,2321,288,365,347
CAPTURE_SAMPLE,12975,"Grey",1710,1390,758,4095,1710,1956,1890,308,352,340
CAPTURE_SAMPLE,13093,"Grey",1808,1558,841,4501,1808,2192,2097,297,360,344
CAPTURE_SAMPLE,13209,"Grey",1938,1662,899,4835,1938,2338,2241,297,359,344
CAPTURE_SAMPLE,13326,"Grey",1738,1424,776,4190,1738,2004,1935,306,353,341
CAPTURE_SAMPLE,13444,"Grey",1840,1602,863,4620,1840,2254,2151,295,361,344
CAPTURE_SAMPLE,13561,"Grey",1925,1826,986,5106,1925,2569,2458,277,370,354
CAPTURE_SAMPLE,13678,"Grey",1709,1378,753,4079,1709,1939,1877,309,351,340
CAPTURE_SAMPLE,13795,"Grey",1880,1747,936,4934,1880,2458,2333,282,368,350
CAPTURE_SAMPLE,13913,"Grey",1911,1750,939,4969,1911,2462,2341,285,367,349
CAPTURE_SAMPLE,14030,"Grey",1797,1549,837,4478,1797,2179,2087,296,359,344
CAPTURE_SAMPLE,14146,"Grey",1726,1434,781,4192,1726,2018,1947,303,355,342
CAPTURE_SAMPLE,14264,"Grey",1755,1451,787,4257,1755,2042,1962,305,355,341
CAPTURE_SAMPLE,14381,"Grey",1832,1646,882,4689,1832,2316,2199,289,365,346
CAPTURE_SAMPLE,14499,"Grey",1831,1650,883,4696,1831,2322,2201,288,365,346
CAPTURE_SAMPLE,14615,"Grey",1782,1638,876,4620,1782,2305,2184,284,368,348
CAPTURE_SAMPLE,14732,"Grey",1781,1646,879,4632,1781,2316,2191,283,368,348
CAPTURE_SAMPLE,14850,"Grey",1770,1641,874,4606,1770,2309,2179,283,369,348
CAPTURE_SAMPLE,14967,"Grey",1810,1504,812,4396,1810,2116,2024,304,356,340
CAPTURE_SAMPLE,15084,"Grey",1593,1229,676,3695,1593,1729,1685,318,345,337
CAPTURE_SAMPLE,15201,"Grey",1546,1190,656,3582,1546,1674,1635,318,345,337
CAPTURE_SAMPLE,15319,"Grey",1721,1394,759,4108,1721,1961,1892,309,352,339
CAPTURE_SAMPLE,15436,"Grey",1814,1598,855,4561,1814,2248,2132,293,363,344
CAPTURE_SAMPLE,15552,"Grey",1810,1578,847,4521,1810,2220,2112,295,361,344
CAPTURE_SAMPLE,15670,"Grey",1747,1422,773,4177,1747,2001,1927,308,353,340
CAPTURE_SAMPLE,15787,"Grey",1747,1430,777,4029,1747,2012,1937,307,353,340
CAPTURE_SAMPLE,15905,"Grey",1795,1617,865,4576,1795,2275,2156,288,365,346
CAPTURE_SAMPLE,16021,"Grey",1724,1629,866,4531,1724,2292,2159,279,371,350
CAPTURE_SAMPLE,16138,"Grey",1809,1553,836,4475,1809,2185,2084,298,359,343
CAPTURE_SAMPLE,16256,"Grey",1759,1451,786,4240,1759,2042,1959,305,355,340
CAPTURE_SAMPLE,16373,"Grey",1805,1541,830,4450,1805,2168,2069,299,359,342
CAPTURE_SAMPLE,16490,"Grey",1778,1625,868,4578,1778,2286,2164,285,367,347
CAPTURE_SAMPLE,16607,"Grey",1814,1593,855,4556,1814,2241,2132,293,362,345
CAPTURE_SAMPLE,16725,"Grey",1760,1430,778,4202,1760,2012,1940,308,352,340
CAPTURE_SAMPLE,16842,"Grey",1797,1620,866,4587,1797,2279,2159,288,366,346
CAPTURE_SAMPLE,16958,"Grey",1720,1624,863,4516,1720,2285,2151,279,371,349
CAPTURE_SAMPLE,17076,"Grey",1807,1405,766,4455,1807,1977,1910,317,347,335
CAPTURE_SAMPLE,17193,"Grey",1737,1410,768,4151,1737,1984,1915,308,352,340
CAPTURE_SAMPLE,17311,"Grey",1794,1619,866,4582,1794,2278,2159,288,366,346
CAPTURE_SAMPLE,17427,"Grey",1742,1628,866,4550,1742,2291,2159,281,370,349
CAPTURE_SAMPLE,17544,"Grey",1733,1388,757,4106,1733,1953,1887,311,350,339
CAPTURE_SAMPLE,17662,"Grey",1731,1402,764,4135,1731,1973,1905,309,352,340
CAPTURE_SAMPLE,17779,"Grey",1715,1378,751,4070,1715,1939,1872,310,351,339
CAPTURE_SAMPLE,17896,"Grey",1801,1503,811,4368,1801,2115,2022,303,356,341
CAPTURE_SAMPLE,18013,"Grey",1744,1346,747,4054,1744,1894,1862,317,344,339
CAPTURE_SAMPLE,18131,"Grey",1293,944,536,2903,1293,1328,1336,327,336,338
CAPTURE_SAMPLE,18247,"Grey",1687,1319,724,3932,1687,1856,1805,315,347,338
CAPTURE_SAMPLE,18363,"Grey",1803,1631,868,4599,1803,2295,2164,288,366,346
CAPTURE_SAMPLE,18481,"Grey",1574,1218,675,3651,1574,1714,1683,317,345,339
CAPTURE_SAMPLE,18598,"Grey",1826,1564,841,4501,1826,2201,2097,298,359,342
CAPTURE_SAMPLE,18716,"Grey",1795,1638,872,4604,1795,2305,2174,286,367,347
CAPTURE_SAMPLE,18832,"Grey",1711,1385,755,4075,1711,1949,1882,309,352,340
CAPTURE_SAMPLE,18949,"Grey",1545,1188,656,3563,1545,1672,1635,318,345,337
CAPTURE_SAMPLE,19067,"Grey",1586,1222,675,3667,1586,1719,1683,318,345,337
CAPTURE_SAMPLE,19184,"Grey",1679,1347,736,3977,1679,1895,1835,310,350,339
CAPTURE_SAMPLE,19301,"Grey",1791,1533,825,4419,1791,2157,2057,298,359,343
CAPTURE_SAMPLE,19418,"Grey",1760,1438,780,4216,1760,2023,1945,307,353,340
CAPTURE_SAMPLE,19535,"Grey",1579,1207,666,3627,1579,1698,1660,320,344,336
CAPTURE_SAMPLE,19653,"Grey",1602,1250,689,3731,1602,1759,1718,315,346,338
CAPTURE_SAMPLE,19769,"Grey",1788,1618,863,4580,1788,2277,2151,288,366,346
CAPTURE_SAMPLE,19887,"Grey",1783,1513,815,4382,1783,2129,2032,300,358,342
CAPTURE_END,"Grey",171,20004
Timed capture complete for Grey: duration_s=20, elapsed_ms=20004, sample_count=171

cal "nothing" 20
CAPTURE_BEGIN,"nothing",20
Timed capture started for nothing (20 s)
CAPTURE_SAMPLE,58,"nothing",74,66,67,159,74,93,167,222,278,500
CAPTURE_SAMPLE,178,"nothing",74,66,67,158,74,93,167,222,278,500
CAPTURE_SAMPLE,287,"nothing",74,66,67,158,74,93,167,222,278,500
CAPTURE_SAMPLE,395,"nothing",74,66,66,158,74,93,165,223,280,497
CAPTURE_SAMPLE,503,"nothing",74,66,66,158,74,93,165,223,280,497
CAPTURE_SAMPLE,611,"nothing",74,66,66,158,74,93,165,223,280,497
CAPTURE_SAMPLE,720,"nothing",74,66,66,158,74,93,165,223,280,497
CAPTURE_SAMPLE,829,"nothing",73,66,66,158,73,93,165,221,281,498
CAPTURE_SAMPLE,937,"nothing",73,66,66,158,73,93,165,221,281,498
CAPTURE_SAMPLE,1046,"nothing",73,66,66,157,73,93,165,221,281,498
CAPTURE_SAMPLE,1153,"nothing",73,66,66,157,73,93,165,221,281,498
CAPTURE_SAMPLE,1262,"nothing",73,66,66,157,73,93,165,221,281,498
CAPTURE_SAMPLE,1370,"nothing",73,66,66,156,73,93,165,221,281,498
CAPTURE_SAMPLE,1479,"nothing",73,65,66,156,73,91,165,222,277,502
CAPTURE_SAMPLE,1587,"nothing",73,65,66,156,73,91,165,222,277,502
CAPTURE_SAMPLE,1696,"nothing",73,65,66,156,73,91,165,222,277,502
CAPTURE_SAMPLE,1804,"nothing",73,65,66,155,73,91,165,222,277,502
CAPTURE_SAMPLE,1912,"nothing",73,65,66,155,73,91,165,222,277,502
CAPTURE_SAMPLE,2020,"nothing",72,65,66,155,72,91,165,220,277,503
CAPTURE_SAMPLE,2129,"nothing",72,65,65,155,72,91,162,222,280,498
CAPTURE_SAMPLE,2238,"nothing",73,65,66,155,73,91,165,222,277,502
CAPTURE_SAMPLE,2346,"nothing",73,65,66,155,73,91,165,222,277,502
CAPTURE_SAMPLE,2455,"nothing",73,65,66,156,73,91,165,222,277,502
CAPTURE_SAMPLE,2563,"nothing",73,65,66,156,73,91,165,222,277,502
CAPTURE_SAMPLE,2671,"nothing",73,65,66,156,73,91,165,222,277,502
CAPTURE_SAMPLE,2779,"nothing",73,65,66,156,73,91,165,222,277,502
CAPTURE_SAMPLE,2888,"nothing",73,65,66,156,73,91,165,222,277,502
CAPTURE_SAMPLE,2996,"nothing",73,65,66,156,73,91,165,222,277,502
CAPTURE_SAMPLE,3105,"nothing",73,65,66,156,73,91,165,222,277,502
CAPTURE_SAMPLE,3213,"nothing",73,65,66,156,73,91,165,222,277,502
CAPTURE_SAMPLE,3321,"nothing",73,65,66,156,73,91,165,222,277,502
CAPTURE_SAMPLE,3429,"nothing",73,65,66,156,73,91,165,222,277,502
CAPTURE_SAMPLE,3538,"nothing",73,65,66,156,73,91,165,222,277,502
CAPTURE_SAMPLE,3647,"nothing",73,65,66,156,73,91,165,222,277,502
CAPTURE_SAMPLE,3755,"nothing",73,65,66,156,73,91,165,222,277,502
CAPTURE_SAMPLE,3864,"nothing",73,65,66,156,73,91,165,222,277,502
CAPTURE_SAMPLE,3972,"nothing",73,65,66,156,73,91,165,222,277,502
CAPTURE_SAMPLE,4080,"nothing",73,65,66,155,73,91,165,222,277,502
CAPTURE_SAMPLE,4188,"nothing",72,65,65,155,72,91,162,222,280,498
CAPTURE_SAMPLE,4297,"nothing",72,65,65,155,72,91,162,222,280,498
CAPTURE_SAMPLE,4405,"nothing",72,65,65,155,72,91,162,222,280,498
CAPTURE_SAMPLE,4514,"nothing",72,65,65,155,72,91,162,222,280,498
CAPTURE_SAMPLE,4622,"nothing",72,65,65,155,72,91,162,222,280,498
CAPTURE_SAMPLE,4731,"nothing",72,65,65,155,72,91,162,222,280,498
CAPTURE_SAMPLE,4839,"nothing",72,65,65,155,72,91,162,222,280,498
CAPTURE_SAMPLE,4947,"nothing",72,65,65,155,72,91,162,222,280,498
CAPTURE_SAMPLE,5056,"nothing",72,65,65,155,72,91,162,222,280,498
CAPTURE_SAMPLE,5164,"nothing",72,65,65,155,72,91,162,222,280,498
CAPTURE_SAMPLE,5273,"nothing",72,65,65,155,72,91,162,222,280,498
CAPTURE_SAMPLE,5381,"nothing",72,65,65,155,72,91,162,222,280,498
CAPTURE_SAMPLE,5490,"nothing",72,65,65,155,72,91,162,222,280,498
CAPTURE_SAMPLE,5597,"nothing",72,65,65,155,72,91,162,222,280,498
CAPTURE_SAMPLE,5706,"nothing",72,65,65,155,72,91,162,222,280,498
CAPTURE_SAMPLE,5814,"nothing",72,65,65,155,72,91,162,222,280,498
CAPTURE_SAMPLE,5923,"nothing",72,65,65,155,72,91,162,222,280,498
CAPTURE_SAMPLE,6031,"nothing",72,65,65,155,72,91,162,222,280,498
CAPTURE_SAMPLE,6140,"nothing",72,65,65,155,72,91,162,222,280,498
CAPTURE_SAMPLE,6249,"nothing",72,65,65,155,72,91,162,222,280,498
CAPTURE_SAMPLE,6356,"nothing",72,65,65,155,72,91,162,222,280,498
CAPTURE_SAMPLE,6465,"nothing",72,65,65,155,72,91,162,222,280,498
CAPTURE_SAMPLE,6573,"nothing",72,65,65,155,72,91,162,222,280,498
CAPTURE_SAMPLE,6682,"nothing",72,65,65,155,72,91,162,222,280,498
CAPTURE_SAMPLE,6790,"nothing",72,65,65,155,72,91,162,222,280,498
CAPTURE_SAMPLE,6899,"nothing",72,65,65,155,72,91,162,222,280,498
CAPTURE_SAMPLE,7007,"nothing",72,65,65,155,72,91,162,222,280,498
CAPTURE_SAMPLE,7115,"nothing",72,65,65,155,72,91,162,222,280,498
CAPTURE_SAMPLE,7223,"nothing",72,65,65,155,72,91,162,222,280,498
CAPTURE_SAMPLE,7332,"nothing",72,65,65,155,72,91,162,222,280,498
CAPTURE_SAMPLE,7440,"nothing",72,65,65,155,72,91,162,222,280,498
CAPTURE_SAMPLE,7549,"nothing",72,65,65,155,72,91,162,222,280,498
CAPTURE_SAMPLE,7658,"nothing",72,65,65,155,72,91,162,222,280,498
CAPTURE_SAMPLE,7766,"nothing",72,65,65,155,72,91,162,222,280,498
CAPTURE_SAMPLE,7874,"nothing",72,65,65,155,72,91,162,222,280,498
CAPTURE_SAMPLE,7982,"nothing",72,65,65,155,72,91,162,222,280,498
CAPTURE_SAMPLE,8091,"nothing",72,65,65,155,72,91,162,222,280,498
CAPTURE_SAMPLE,8199,"nothing",72,65,65,155,72,91,162,222,280,498
CAPTURE_SAMPLE,8308,"nothing",72,65,65,155,72,91,162,222,280,498
CAPTURE_SAMPLE,8416,"nothing",72,65,65,155,72,91,162,222,280,498
CAPTURE_SAMPLE,8525,"nothing",72,65,65,155,72,91,162,222,280,498
CAPTURE_SAMPLE,8632,"nothing",72,65,65,155,72,91,162,222,280,498
CAPTURE_SAMPLE,8741,"nothing",72,65,65,154,72,91,162,222,280,498
CAPTURE_SAMPLE,8850,"nothing",72,65,65,155,72,91,162,222,280,498
CAPTURE_SAMPLE,8958,"nothing",72,65,65,154,72,91,162,222,280,498
CAPTURE_SAMPLE,9067,"nothing",72,65,65,155,72,91,162,222,280,498
CAPTURE_SAMPLE,9175,"nothing",72,65,65,154,72,91,162,222,280,498
CAPTURE_SAMPLE,9284,"nothing",72,65,65,155,72,91,162,222,280,498
CAPTURE_SAMPLE,9392,"nothing",72,65,65,155,72,91,162,222,280,498
CAPTURE_SAMPLE,9500,"nothing",72,65,65,154,72,91,162,222,280,498
CAPTURE_SAMPLE,9608,"nothing",72,65,65,154,72,91,162,222,280,498
CAPTURE_SAMPLE,9717,"nothing",72,65,65,154,72,91,162,222,280,498
CAPTURE_SAMPLE,9825,"nothing",72,65,65,154,72,91,162,222,280,498
CAPTURE_SAMPLE,9934,"nothing",72,65,65,154,72,91,162,222,280,498
CAPTURE_SAMPLE,10042,"nothing",72,65,65,154,72,91,162,222,280,498
CAPTURE_SAMPLE,10151,"nothing",72,65,65,154,72,91,162,222,280,498
CAPTURE_SAMPLE,10260,"nothing",72,65,65,154,72,91,162,222,280,498
CAPTURE_SAMPLE,10368,"nothing",72,65,65,154,72,91,162,222,280,498
CAPTURE_SAMPLE,10478,"nothing",72,65,65,154,72,91,162,222,280,498
CAPTURE_SAMPLE,10586,"nothing",72,65,65,154,72,91,162,222,280,498
CAPTURE_SAMPLE,10695,"nothing",72,65,65,154,72,91,162,222,280,498
CAPTURE_SAMPLE,10804,"nothing",72,65,65,154,72,91,162,222,280,498
CAPTURE_SAMPLE,10913,"nothing",72,65,65,154,72,91,162,222,280,498
CAPTURE_SAMPLE,11021,"nothing",72,65,65,154,72,91,162,222,280,498
CAPTURE_SAMPLE,11130,"nothing",72,65,65,155,72,91,162,222,280,498
CAPTURE_SAMPLE,11240,"nothing",72,65,65,155,72,91,162,222,280,498
CAPTURE_SAMPLE,11348,"nothing",72,65,65,155,72,91,162,222,280,498
CAPTURE_SAMPLE,11457,"nothing",72,65,65,154,72,91,162,222,280,498
CAPTURE_SAMPLE,11566,"nothing",72,65,65,154,72,91,162,222,280,498
CAPTURE_SAMPLE,11675,"nothing",72,65,65,154,72,91,162,222,280,498
CAPTURE_SAMPLE,11783,"nothing",72,65,65,154,72,91,162,222,280,498
CAPTURE_SAMPLE,11892,"nothing",72,64,65,154,72,90,162,222,278,500
CAPTURE_SAMPLE,12001,"nothing",72,64,65,154,72,90,162,222,278,500
CAPTURE_SAMPLE,12110,"nothing",72,64,65,153,72,90,162,222,278,500
CAPTURE_SAMPLE,12218,"nothing",72,64,65,153,72,90,162,222,278,500
CAPTURE_SAMPLE,12328,"nothing",72,64,65,153,72,90,162,222,278,500
CAPTURE_SAMPLE,12437,"nothing",72,64,65,153,72,90,162,222,278,500
CAPTURE_SAMPLE,12545,"nothing",72,64,65,153,72,90,162,222,278,500
CAPTURE_SAMPLE,12654,"nothing",72,64,65,153,72,90,162,222,278,500
CAPTURE_SAMPLE,12763,"nothing",72,64,65,153,72,90,162,222,278,500
CAPTURE_SAMPLE,12872,"nothing",72,64,65,154,72,90,162,222,278,500
CAPTURE_SAMPLE,12980,"nothing",72,65,65,154,72,91,162,222,280,498
CAPTURE_SAMPLE,13090,"nothing",72,65,65,154,72,91,162,222,280,498
CAPTURE_SAMPLE,13198,"nothing",72,65,65,154,72,91,162,222,280,498
CAPTURE_SAMPLE,13307,"nothing",72,65,65,154,72,91,162,222,280,498
CAPTURE_SAMPLE,13416,"nothing",72,65,65,154,72,91,162,222,280,498
CAPTURE_SAMPLE,13525,"nothing",72,65,65,155,72,91,162,222,280,498
CAPTURE_SAMPLE,13634,"nothing",72,65,65,155,72,91,162,222,280,498
CAPTURE_SAMPLE,13742,"nothing",72,65,65,155,72,91,162,222,280,498
CAPTURE_SAMPLE,13852,"nothing",72,65,65,155,72,91,162,222,280,498
CAPTURE_SAMPLE,13960,"nothing",72,65,65,155,72,91,162,222,280,498
CAPTURE_SAMPLE,14069,"nothing",72,65,65,155,72,91,162,222,280,498
CAPTURE_SAMPLE,14177,"nothing",72,65,65,155,72,91,162,222,280,498
CAPTURE_SAMPLE,14287,"nothing",72,65,65,155,72,91,162,222,280,498
CAPTURE_SAMPLE,14395,"nothing",72,65,65,156,72,91,162,222,280,498
CAPTURE_SAMPLE,14504,"nothing",73,65,65,156,73,91,162,224,279,497
CAPTURE_SAMPLE,14614,"nothing",72,65,65,156,72,91,162,222,280,498
CAPTURE_SAMPLE,14722,"nothing",72,65,65,156,72,91,162,222,280,498
CAPTURE_SAMPLE,14831,"nothing",72,65,65,156,72,91,162,222,280,498
CAPTURE_SAMPLE,14939,"nothing",72,65,65,156,72,91,162,222,280,498
CAPTURE_SAMPLE,15049,"nothing",72,65,65,156,72,91,162,222,280,498
CAPTURE_SAMPLE,15157,"nothing",72,65,65,156,72,91,162,222,280,498
CAPTURE_SAMPLE,15266,"nothing",72,65,65,156,72,91,162,222,280,498
CAPTURE_SAMPLE,15375,"nothing",72,65,65,156,72,91,162,222,280,498
CAPTURE_SAMPLE,15484,"nothing",72,65,65,156,72,91,162,222,280,498
CAPTURE_SAMPLE,15593,"nothing",72,65,65,156,72,91,162,222,280,498
CAPTURE_SAMPLE,15701,"nothing",72,65,65,156,72,91,162,222,280,498
CAPTURE_SAMPLE,15811,"nothing",72,65,65,156,72,91,162,222,280,498
CAPTURE_SAMPLE,15919,"nothing",72,65,65,156,72,91,162,222,280,498
CAPTURE_SAMPLE,16028,"nothing",72,65,65,156,72,91,162,222,280,498
CAPTURE_SAMPLE,16137,"nothing",73,65,65,156,73,91,162,224,279,497
CAPTURE_SAMPLE,16246,"nothing",73,65,65,156,73,91,162,224,279,497
CAPTURE_SAMPLE,16354,"nothing",73,65,65,156,73,91,162,224,279,497
CAPTURE_SAMPLE,16463,"nothing",72,65,65,156,72,91,162,222,280,498
CAPTURE_SAMPLE,16573,"nothing",72,65,65,156,72,91,162,222,280,498
CAPTURE_SAMPLE,16681,"nothing",72,65,65,156,72,91,162,222,280,498
CAPTURE_SAMPLE,16790,"nothing",72,65,65,155,72,91,162,222,280,498
CAPTURE_SAMPLE,16899,"nothing",72,65,65,155,72,91,162,222,280,498
CAPTURE_SAMPLE,17008,"nothing",72,65,65,155,72,91,162,222,280,498
CAPTURE_SAMPLE,17116,"nothing",72,65,65,155,72,91,162,222,280,498
CAPTURE_SAMPLE,17225,"nothing",72,65,65,156,72,91,162,222,280,498
CAPTURE_SAMPLE,17334,"nothing",72,65,65,155,72,91,162,222,280,498
CAPTURE_SAMPLE,17443,"nothing",72,65,65,155,72,91,162,222,280,498
CAPTURE_SAMPLE,17551,"nothing",72,65,65,155,72,91,162,222,280,498
CAPTURE_SAMPLE,17661,"nothing",72,65,65,155,72,91,162,222,280,498
CAPTURE_SAMPLE,17770,"nothing",72,65,65,155,72,91,162,222,280,498
CAPTURE_SAMPLE,17878,"nothing",72,65,65,155,72,91,162,222,280,498
CAPTURE_SAMPLE,17987,"nothing",72,65,65,155,72,91,162,222,280,498
CAPTURE_SAMPLE,18096,"nothing",72,65,65,155,72,91,162,222,280,498
CAPTURE_SAMPLE,18205,"nothing",72,65,65,155,72,91,162,222,280,498
CAPTURE_SAMPLE,18313,"nothing",72,65,65,155,72,91,162,222,280,498
CAPTURE_SAMPLE,18423,"nothing",72,65,65,155,72,91,162,222,280,498
CAPTURE_SAMPLE,18531,"nothing",72,65,65,155,72,91,162,222,280,498
CAPTURE_SAMPLE,18640,"nothing",72,65,65,155,72,91,162,222,280,498
CAPTURE_SAMPLE,18749,"nothing",72,65,65,155,72,91,162,222,280,498
CAPTURE_SAMPLE,18858,"nothing",72,65,65,155,72,91,162,222,280,498
CAPTURE_SAMPLE,18967,"nothing",72,65,65,155,72,91,162,222,280,498
CAPTURE_SAMPLE,19075,"nothing",72,65,65,155,72,91,162,222,280,498
CAPTURE_SAMPLE,19185,"nothing",72,65,65,155,72,91,162,222,280,498
CAPTURE_SAMPLE,19293,"nothing",72,65,65,155,72,91,162,222,280,498
CAPTURE_SAMPLE,19402,"nothing",72,65,65,155,72,91,162,222,280,498
CAPTURE_SAMPLE,19510,"nothing",72,65,65,155,72,91,162,222,280,498
CAPTURE_SAMPLE,19620,"nothing",72,65,65,155,72,91,162,222,280,498
CAPTURE_SAMPLE,19728,"nothing",72,65,65,155,72,91,162,222,280,498
CAPTURE_SAMPLE,19837,"nothing",72,65,65,155,72,91,162,222,280,498
CAPTURE_SAMPLE,19946,"nothing",72,65,65,155,72,91,162,222,280,498
CAPTURE_END,"nothing",184,20002
Timed capture complete for nothing: duration_s=20, elapsed_ms=20002, sample_count=184
