capture_label,elapsed_ms,raw_r,raw_g,raw_b,raw_c,balanced_r,balanced_g,balanced_b,normalized_r,normalized_g,normalized_b
White,55,2495,1846,1042,5544,2495,2597,2598,324,338,338
White,185,3030,2273,1275,6818,3030,3198,3179,322,340,338
White,302,2904,2170,1219,6509,2904,3053,3039,323,339,338
White,419,3202,2411,1350,7226,3202,3392,3366,321,341,338
White,537,3469,2635,1466,7875,3469,3707,3655,320,342,337
White,654,3301,2488,1390,7456,3301,3501,3465,322,341,337
White,771,3177,2384,1334,7152,3177,3354,3326,322,340,337
White,888,4110,3180,1749,9437,4110,4474,4360,318,346,337
White,1005,4542,3565,1946,10525,4542,5016,4851,315,348,337
White,1125,4771,3770,2048,11103,4771,5304,5106,314,349,336
White,1243,5015,3992,2160,11733,5015,5617,5385,313,351,336
White,1363,5091,4058,2192,11924,5091,5710,5465,313,351,336
White,1482,5179,4150,2235,12159,5179,5839,5572,312,352,336
White,1602,5142,4117,2218,12065,5142,5793,5529,312,352,336
White,1721,4375,3356,1841,10001,4375,4722,4590,320,345,335
White,1839,5316,4231,2276,12429,5316,5953,5674,314,351,335
White,1959,5888,4896,2574,14155,5888,6889,6417,307,359,334
White,2078,5895,4944,2582,14243,5895,6956,6437,306,361,334
White,2198,5879,4956,2578,14256,5879,6973,6427,305,362,333
White,2317,5879,4963,2576,14273,5879,6983,6422,305,362,333
White,2436,5568,4787,2448,13644,5568,6735,6103,303,366,332
White,2555,5719,4871,2531,13942,5719,6853,6310,303,363,334
White,2675,5191,4188,2240,12231,5191,5893,5584,311,354,335
White,2794,4071,3258,1613,9469,4071,4584,4021,321,362,317
White,2912,5402,4330,2325,12704,5402,6092,5796,312,352,335
White,3031,5754,4708,2491,13699,5754,6624,6210,310,356,334
White,3150,5890,4846,2543,14064,5890,6818,6340,309,358,333
White,3270,5682,4869,2492,13877,5682,6851,6213,303,365,331
White,3389,5170,4452,2252,12646,5170,6264,5614,303,367,329
White,3509,5384,4649,2370,13212,5384,6541,5908,302,367,331
White,3627,5344,4607,2347,13093,5344,6482,5851,302,367,331
White,3747,5866,4815,2526,13984,5866,6775,6297,310,358,333
White,3866,5864,4957,2558,14227,5864,6974,6377,305,363,332
White,3985,4987,4222,2109,12018,4987,5940,5258,308,367,325
White,4104,4755,3940,1945,11283,4755,5544,4849,314,366,320
White,4223,4970,4221,2113,12008,4970,5939,5268,307,367,326
White,4343,5762,4887,2528,13997,5762,6876,6302,304,363,333
White,4462,5676,4859,2494,13851,5676,6837,6218,303,365,332
White,4582,5081,3991,2156,11811,5081,5615,5375,316,349,334
White,4700,5619,4616,2444,12530,5619,6495,6093,309,357,335
White,4820,5706,4827,2520,13857,5706,6792,6282,304,362,335
White,4939,5722,4696,2480,13653,5722,6607,6183,309,357,334
White,5058,5749,4767,2509,13799,5749,6707,6255,307,358,334
White,5178,5632,4819,2494,13756,5632,6780,6218,302,364,334
White,5296,5464,4720,2423,13418,5464,6641,6041,301,366,333
White,5416,5117,4414,2232,12513,5117,6210,5564,303,368,329
White,5535,5326,4259,2279,12505,5326,5992,5682,313,352,334
White,5655,4403,3353,1843,10051,4403,4718,4595,321,344,335
White,5774,5373,4312,2306,12648,5373,6067,5749,313,353,334
White,5893,5677,4732,2486,13665,5677,6658,6198,306,359,334
White,6012,5679,4823,2505,13807,5679,6786,6245,304,363,334
White,6131,5588,4793,2466,13655,5588,6744,6148,302,365,333
White,6251,5666,4804,2492,13761,5666,6759,6213,304,363,333
White,6370,5634,4606,2438,13405,5634,6481,6078,310,356,334
White,6489,5546,4538,2405,13209,5546,6385,5996,309,356,334
White,6608,5576,4593,2431,13343,5576,6462,6060,308,357,335
White,6728,4608,3538,1934,10567,4608,4978,4821,320,346,335
White,6847,5350,4284,2292,12577,5350,6028,5714,313,353,334
White,6967,5669,4723,2479,13637,5669,6645,6180,307,359,334
White,7085,5688,4693,2470,13607,5688,6603,6158,308,358,334
White,7204,5629,4728,2473,13610,5629,6652,6165,305,361,334
White,7324,5508,4470,2378,13057,5508,6289,5928,311,355,334
White,7443,5513,4488,2384,13093,5513,6315,5943,310,355,334
White,7563,5618,4770,2478,13668,5618,6711,6178,304,363,334
White,7681,5627,4740,2473,13625,5627,6669,6165,305,361,334
White,7801,5327,4595,2349,13061,5327,6465,5856,302,366,332
White,7920,5516,4719,2427,13468,5516,6640,6051,303,365,332
White,8040,5099,4378,2205,12422,5099,6160,5497,304,368,328
White,8159,5842,4914,2549,14130,5842,6914,6355,306,362,333
White,8277,5689,4872,2489,13887,5689,6855,6205,303,366,331
White,8397,5081,4287,2134,12210,5081,6032,5320,309,367,324
White,8516,5304,4528,2275,12867,5304,6371,5672,306,367,327
White,8636,5766,4925,2550,14079,5766,6929,6357,303,364,334
White,8754,5254,4519,2286,12847,5254,6358,5699,304,367,329
White,8874,5484,4708,2384,13391,5484,6624,5943,304,367,329
White,8993,5327,4546,2282,12944,5327,6396,5689,306,367,327
White,9113,5229,4447,2224,12662,5229,6257,5544,307,367,326
White,9232,5389,4610,2316,13125,5389,6486,5774,305,367,327
White,9350,5378,4608,2316,13117,5378,6483,5774,305,368,327
White,9470,5116,4334,2161,12360,5116,6098,5387,308,367,324
White,9589,4841,3997,1971,11495,4841,5624,4914,315,366,320
White,9709,5311,4539,2281,12918,5311,6386,5687,306,367,327
White,9828,5358,4617,2339,13112,5358,6496,5831,303,367,330
White,9947,4996,4265,2141,12122,4996,6001,5338,306,367,327
White,10066,5333,4572,2305,12995,5333,6433,5746,305,367,328
White,10187,5258,4478,2244,12750,5258,6301,5594,307,367,326
White,10307,5378,4614,2319,13130,5378,6492,5781,305,368,328
White,10427,5473,4703,2377,13370,5473,6617,5926,304,367,329
White,10547,5861,4868,2552,14089,5861,6849,6362,307,359,334
White,10667,5582,4495,2394,13172,5582,6324,5968,312,354,334
White,10788,5575,4491,2392,13165,5575,6319,5963,312,354,334
White,10908,5821,4923,2553,14125,5821,6927,6365,305,362,333
White,11029,5779,4940,2541,14101,5779,6951,6335,303,365,332
White,11149,5838,4977,2561,14238,5838,7003,6385,304,364,332
White,11269,5877,4913,2565,14191,5877,6913,6395,306,360,333
White,11389,5839,4845,2543,14037,5839,6817,6340,307,359,334
White,11510,5854,4883,2554,14104,5854,6870,6367,307,360,334
White,11630,5561,4510,2399,13176,5561,6346,5981,311,355,334
White,11751,5687,4622,2451,13496,5687,6503,6110,311,355,334
White,11871,5521,4416,2360,12989,5521,6213,5883,313,353,334
White,11991,5636,4559,2426,13353,5636,6415,6048,311,354,334
White,12111,5317,4223,2266,12448,5317,5942,5649,314,351,334
White,12231,5020,3945,2136,11683,5020,5551,5325,316,349,335
White,12352,5264,4165,2241,12304,5264,5860,5587,315,351,334
White,12472,5535,4439,2370,13052,5535,6246,5908,313,353,334
White,12592,5220,4114,2214,12177,5220,5788,5520,316,350,334
White,12712,5321,4223,2267,12463,5321,5942,5652,315,351,334
White,12833,5464,4391,2344,12885,5464,6178,5844,312,353,334
White,12953,5708,4741,2493,13719,5708,6671,6215,307,359,334
White,13074,5613,4570,2426,13343,5613,6430,6048,310,355,334
White,13194,5332,4247,2277,12508,5332,5976,5677,314,352,334
White,13314,5028,3930,2129,11673,5028,5530,5308,317,349,335
White,13434,4943,3848,2085,11447,4943,5414,5198,318,348,334
White,13555,4908,3814,2070,11355,4908,5366,5161,318,348,334
White,13675,4899,3816,2070,11350,4899,5369,5161,318,348,334
White,13795,4484,3448,1887,10305,4484,4851,4704,319,346,335
White,13915,4440,3407,1870,10196,4440,4794,4662,320,345,335
White,14035,4568,3522,1924,10517,4568,4955,4797,319,346,335
White,14156,4741,3677,2001,10957,4741,5174,4988,318,347,335
White,14276,5112,4041,2180,11946,5112,5686,5435,315,350,335
White,14397,5611,4552,2422,13317,5611,6405,6038,311,355,334
White,14517,5877,4913,2574,14202,5877,6913,6417,306,360,334
White,14637,5879,5019,2597,14368,5879,7062,6474,303,364,333
White,14757,5699,4655,2466,13580,5699,6550,6148,310,356,334
White,14878,4969,3879,2101,11529,4969,5458,5238,317,348,334
White,14998,4930,3845,2085,11433,4930,5410,5198,317,348,335
White,15119,5768,4768,2514,13832,5768,6709,6267,308,358,334
White,15238,5898,4994,2601,14342,5898,7027,6484,304,362,334
White,15358,5637,4861,2473,13805,5637,6839,6165,302,367,331
White,15479,5806,4991,2564,14225,5806,7022,6392,302,365,333
White,15599,5800,4796,2530,13918,5800,6748,6307,308,358,335
White,15720,5020,3940,2132,11687,5020,5544,5315,316,349,335
White,15840,4801,3727,2026,11109,4801,5244,5051,318,347,335
White,15960,5541,4480,2390,13130,5541,6303,5958,311,354,335
White,16080,5835,4849,2551,14049,5835,6823,6360,307,359,334
White,16201,5819,5010,2574,14281,5819,7049,6417,302,366,333
White,16321,5736,4952,2525,14086,5736,6967,6295,302,367,331
White,16442,5891,4935,2586,14250,5891,6944,6447,306,360,334
White,16561,5304,4220,2269,12448,5304,5938,5657,314,351,335
White,16681,4830,3760,2044,11191,4830,5290,5096,317,348,335
White,16802,5241,4162,2240,12289,5241,5856,5584,314,351,335
White,16922,5893,4934,2587,14251,5893,6942,6449,306,360,334
White,17043,5867,5040,2591,14380,5867,7091,6459,302,365,333
White,17163,5302,4511,2256,12833,5302,6347,5624,307,367,326
White,17283,5729,4942,2519,14058,5729,6953,6280,302,367,331
White,17403,5745,4721,2498,13738,5745,6642,6228,309,357,335
White,17524,5346,4268,2290,12569,5346,6005,5709,313,352,335
White,17644,5726,4712,2494,13709,5726,6630,6218,308,357,335
White,17765,5923,5018,2611,14415,5923,7060,6509,304,362,334
White,17884,5733,4947,2518,14069,5733,6960,6277,302,367,331
White,18005,5184,4360,2165,12451,5184,6135,5397,310,367,323
White,18125,4982,4087,2008,11771,4982,5750,5006,317,365,318
White,18245,5015,4136,2034,11887,5015,5819,5071,315,366,319
White,18366,5906,4975,2594,14329,5906,7000,6467,305,361,334
White,18486,5676,4645,2464,13543,5676,6536,6143,309,356,335
White,18606,5554,4507,2404,13193,5554,6341,5993,310,354,335
White,18726,5849,4975,2587,14263,5849,7000,6449,303,363,334
White,18847,5826,5015,2576,14295,5826,7056,6422,302,366,333
White,18967,5795,4995,2557,14226,5795,7028,6375,302,366,332
White,19088,4853,3902,1895,11297,4853,5490,4724,322,364,314
White,19207,5463,4679,2351,13313,5463,6583,5861,305,368,327
White,19328,5888,5035,2599,14398,5888,7084,6479,303,364,333
White,19448,5719,4697,2488,13675,5719,6609,6203,309,357,335
White,19569,5628,4601,2445,13425,5628,6474,6095,309,356,335
White,19689,5860,4923,2580,14194,5860,6927,6432,305,360,335
White,19810,5558,4776,2411,13584,5558,6720,6011,304,367,329
White,19929,4575,3498,1670,10291,4575,4922,4163,335,360,305
Red,54,626,187,166,887,626,263,414,480,202,318
Red,171,700,192,169,975,700,270,421,503,194,303
Red,279,655,192,170,929,655,270,424,486,200,314
Red,388,661,193,171,934,661,272,426,486,200,313
Red,496,1095,271,214,1503,1095,381,534,545,190,266
Red,608,1202,301,232,1661,1202,424,578,545,192,262
Red,719,1043,255,205,1420,1043,359,511,545,188,267
Red,829,946,238,195,1295,946,335,486,535,190,275
Red,939,1030,252,199,1407,1030,355,496,548,189,264
Red,1049,1180,295,223,1629,1180,415,556,549,193,258
Red,1161,1165,294,222,1611,1165,414,553,546,194,259
Red,1273,1222,309,231,1696,1222,435,576,547,195,258
Red,1385,1191,298,225,1658,1191,419,561,549,193,258
Red,1497,1148,292,222,1594,1148,411,553,544,195,262
Red,1608,1104,271,207,1517,1104,381,516,552,190,258
Red,1721,1220,309,231,1699,1220,435,576,547,195,258
Red,1833,1292,342,248,1821,1292,481,618,540,201,258
Red,1944,1287,337,244,1800,1287,474,608,543,200,257
Red,2057,1313,368,266,1887,1313,518,663,526,208,266
Red,2169,1308,375,268,1894,1308,528,668,522,211,267
Red,2280,1195,299,224,1652,1195,421,558,550,194,257
Red,2393,879,217,173,1204,879,305,431,544,189,267
Red,2502,794,201,164,1086,794,283,409,534,190,275
Red,2612,836,211,170,1148,836,297,424,537,191,272
Red,2723,846,204,166,1145,846,287,414,547,186,268
Red,2832,889,213,172,1204,889,300,429,549,185,265
Red,2942,818,202,164,1116,818,284,409,541,188,271
Red,3052,1053,271,209,1471,1053,381,521,539,195,266
Red,3164,1045,264,202,1450,1045,371,504,544,193,263
Red,3275,982,247,192,1354,982,348,479,543,192,265
Red,3386,1055,272,208,1466,1055,383,519,539,196,265
Red,3498,1098,272,207,1506,1098,383,516,550,192,258
Red,3609,1125,280,212,1546,1125,394,529,549,192,258
Red,3722,1290,342,250,1771,1290,481,623,539,201,260
Red,3834,1373,384,274,1961,1373,540,683,529,208,263
Red,3945,1336,360,259,1882,1336,507,646,537,204,260
Red,4058,1361,377,268,1935,1361,530,668,532,207,261
Red,4169,1334,363,263,1889,1334,511,656,533,204,262
Red,4281,1057,267,206,1461,1057,376,514,543,193,264
Red,4394,1091,275,211,1512,1091,387,526,544,193,262
Red,4505,1322,362,257,1868,1322,509,641,535,206,259
Red,4617,1337,360,257,1885,1337,507,641,538,204,258
Red,4730,1354,375,267,1936,1354,528,666,531,207,261
Red,4841,1309,388,270,1898,1309,546,673,518,216,266
Red,4953,1339,385,270,1924,1339,542,673,524,212,264
Red,5065,1296,389,270,1883,1296,547,673,515,217,267
Red,5177,1357,375,267,1932,1357,528,666,532,207,261
Red,5289,1191,294,223,1639,1191,414,556,551,192,257
Red,5401,1136,277,212,1557,1136,390,529,553,190,257
Red,5513,1134,277,212,1558,1134,390,529,552,190,258
Red,5625,1252,316,235,1735,1252,445,586,548,195,257
Red,5737,1349,367,263,1911,1349,516,656,535,205,260
Red,5849,1266,383,268,1837,1266,539,668,512,218,270
Red,5960,1207,378,264,1764,1207,532,658,504,222,275
Red,6073,1187,376,262,1739,1187,529,653,501,223,276
Red,6185,1284,382,268,1857,1284,537,668,516,216,268
Red,6296,1282,327,242,1782,1282,460,603,547,196,257
Red,6409,1082,260,201,1475,1082,366,501,555,188,257
Red,6521,1055,256,199,1447,1055,360,496,552,188,260
Red,6632,1188,293,221,1642,1188,412,551,552,192,256
Red,6745,1318,352,254,1867,1318,495,633,539,202,259
Red,6856,1335,382,269,1916,1335,537,671,525,211,264
Red,6968,1239,388,269,1821,1239,546,671,504,222,273
Red,7081,1248,386,268,1826,1248,543,668,508,221,272
Red,7192,1286,335,245,1803,1286,471,611,543,199,258
Red,7304,1146,294,222,1600,1146,414,553,542,196,262
Red,7417,1216,313,231,1691,1216,440,576,545,197,258
Red,7528,1154,291,218,1595,1154,409,543,548,194,258
Red,7640,1281,337,245,1719,1281,474,611,541,200,258
Red,7752,1336,369,263,1898,1336,519,656,532,207,261
Red,7864,1357,383,274,1956,1357,539,683,526,209,265
Red,7976,1333,406,286,1956,1333,571,713,509,218,272
Red,8088,1297,403,282,1905,1297,567,703,505,221,274
Red,8200,1321,354,255,1872,1321,498,636,538,203,259
Red,8312,1115,274,209,1539,1115,386,521,551,191,258
Red,8424,1110,274,209,1535,1110,386,521,550,191,258
Red,8536,1263,327,241,1776,1263,460,601,543,198,259
Red,8647,1335,365,261,1905,1335,514,651,534,206,260
Red,8760,1301,397,278,1912,1301,559,693,510,219,271
Red,8872,1270,391,272,1863,1270,550,678,508,220,271
Red,8983,1332,357,257,1882,1332,502,641,538,203,259
Red,9096,1243,315,233,1731,1243,443,581,548,195,256
Red,9208,1156,283,214,1590,1156,398,534,554,191,256
Red,9319,1143,279,213,1568,1143,393,531,553,190,257
Red,9432,1278,327,241,1780,1278,460,601,546,197,257
Red,9543,1336,355,257,1881,1336,499,641,540,202,259
Red,9655,1357,378,269,1936,1357,532,671,530,208,262
Red,9768,1356,383,271,1944,1356,539,676,527,210,263
Red,9879,1252,316,235,1737,1252,445,586,548,195,257
Red,9991,1125,275,210,1546,1125,387,524,553,190,257
Red,10104,1109,270,207,1522,1109,380,516,553,190,257
Red,10216,1195,297,224,1647,1195,418,558,550,193,257
Red,10329,1339,355,257,1884,1339,499,641,540,201,259
Red,10442,1362,370,265,1929,1362,521,661,535,205,260
Red,10555,1352,383,272,1939,1352,539,678,526,210,264
Red,10668,1337,351,254,1874,1337,494,633,543,200,257
Red,10781,1244,313,233,1723,1244,440,581,549,194,257
Red,10894,1019,246,192,1391,1019,346,479,553,188,260
Red,11007,1082,263,203,1483,1082,370,506,553,189,258
Red,11120,1256,319,237,1745,1256,449,591,547,196,257
Red,11233,1300,338,248,1819,1300,476,618,543,199,258
Red,11346,1337,358,259,1887,1337,504,646,538,203,260
Red,11459,1319,387,273,1903,1319,545,681,518,214,268
Red,11572,1296,390,275,1880,1296,549,686,512,217,271
Red,11685,1304,390,275,1890,1304,549,686,514,216,270
Red,11798,1302,390,275,1887,1302,549,686,513,216,270
Red,11911,1298,339,248,1815,1298,477,618,542,199,258
Red,12025,1237,312,232,1713,1237,439,578,549,195,256
Red,12137,1276,328,240,1776,1276,461,598,546,197,256
Red,12250,1329,373,266,1893,1329,525,663,528,209,263
Red,12363,1321,380,269,1893,1321,535,671,523,212,266
Red,12476,1291,380,267,1860,1291,535,666,518,215,267
Red,12589,1283,380,265,1851,1283,535,661,518,216,267
Red,12702,1326,371,263,1889,1326,522,656,530,208,262
Red,12815,1297,337,244,1810,1297,474,608,545,199,256
Red,12928,1272,323,237,1769,1272,454,591,549,196,255
Red,13041,1262,318,234,1747,1262,447,583,551,195,254
Red,13154,1280,327,241,1780,1280,460,601,547,196,257
Red,13267,1311,369,261,1865,1311,519,651,528,209,262
Red,13380,1314,370,262,1870,1314,521,653,528,209,262
Red,13493,1309,372,261,1866,1309,523,651,527,211,262
Red,13606,1296,370,259,1853,1296,521,646,526,212,262
Red,13719,1329,367,261,1883,1329,516,651,532,207,261
Red,13832,1206,296,222,1657,1206,416,553,554,191,254
Red,13946,1229,305,228,1693,1229,429,568,552,193,255
Red,14058,1300,332,246,1814,1300,467,613,546,196,258
Red,14171,1335,353,258,1881,1335,497,643,539,201,260
Red,14285,1348,371,267,1918,1348,522,666,532,206,263
Red,14397,1310,387,275,1896,1310,545,686,516,214,270
Red,14510,1350,367,265,1914,1350,516,661,534,204,262
Red,14623,1280,320,239,1774,1280,450,596,550,193,256
Red,14736,1255,309,232,1733,1255,435,578,553,192,255
Red,14849,1211,295,224,1666,1211,415,558,554,190,255
Red,14962,1305,331,246,1716,1305,466,613,547,195,257
Red,15075,1357,354,255,1898,1357,498,636,545,200,255
Red,15188,1378,367,262,1936,1378,516,653,541,203,256
Red,15301,1377,381,269,1956,1377,536,671,533,207,260
Red,15414,1380,383,270,1962,1380,539,673,532,208,260
Red,15527,1381,385,271,1965,1381,542,676,531,209,260
Red,15640,1380,385,271,1965,1380,542,676,531,209,260
Red,15753,1348,350,253,1883,1348,492,631,546,199,255
Red,15866,1290,325,241,1792,1290,457,601,549,195,256
Red,15979,1301,327,241,1804,1301,460,601,551,195,254
Red,16092,1316,332,244,1825,1316,467,608,550,195,254
Red,16206,1367,358,258,1913,1367,504,643,544,200,256
Red,16318,1402,385,273,1987,1402,542,681,534,206,259
Red,16431,1409,391,277,2005,1409,550,691,532,208,261
Red,16544,1412,394,279,2012,1412,554,696,530,208,261
Red,16657,1425,397,284,2039,1425,559,708,529,208,263
Red,16770,1353,353,259,1897,1353,497,646,542,199,259
Red,16883,1270,319,238,1757,1270,449,593,549,194,256
Red,16996,1205,300,227,1666,1205,422,566,549,192,258
Red,17109,1214,303,229,1680,1214,426,571,549,193,258
Red,17222,1269,321,240,1767,1269,452,598,547,195,258
Red,17335,1384,356,260,1936,1384,501,648,546,198,256
Red,17448,1403,374,269,1983,1403,526,671,540,202,258
Red,17561,1409,397,282,2019,1409,559,703,528,209,263
Red,17674,1406,390,279,2006,1406,549,696,530,207,263
Red,17787,1406,396,281,2013,1406,557,701,528,209,263
Red,17900,1399,396,284,2007,1399,557,708,525,209,266
Red,18013,1412,398,283,2024,1412,560,706,527,209,264
Red,18127,1415,395,282,2025,1415,556,703,529,208,263
Red,18239,1416,393,280,2024,1416,553,698,531,207,262
Red,18352,1417,386,275,2015,1417,543,686,536,205,259
Red,18466,1416,384,275,2013,1416,540,686,536,204,260
Red,18578,1328,344,254,1863,1328,484,633,543,198,259
Red,18691,1363,346,254,1899,1363,487,633,549,196,255
Red,18804,1326,325,240,1821,1326,457,598,557,192,251
Red,18917,1108,259,200,1502,1108,364,499,562,185,253
Red,19030,1123,269,207,1536,1123,378,516,557,187,256
Red,19143,1348,339,249,1869,1348,477,621,551,195,254
Red,19256,1373,350,255,1909,1373,492,636,549,197,254
Red,19369,1362,375,266,1928,1362,528,663,533,207,260
Red,19482,1334,378,266,1897,1334,532,663,527,210,262
Red,19595,1348,384,271,1925,1348,540,676,526,211,264
Red,19708,1180,292,220,1625,1180,411,548,552,192,256
Red,19821,1142,280,213,1567,1142,394,531,552,191,257
Red,19934,1112,269,205,1519,1112,378,511,556,189,255
Yellow,56,2144,1356,492,4114,2144,1908,1227,406,361,232
Yellow,187,3414,2218,740,6674,3414,3121,1845,407,372,220
Yellow,304,4430,2956,953,8789,4430,4159,2376,404,379,217
Yellow,422,5809,4112,1270,11907,5809,5786,3166,394,392,214
Yellow,540,5891,4188,1287,12097,5891,5893,3208,393,393,214
Yellow,659,5795,4057,1249,11812,5795,5708,3114,396,391,213
Yellow,779,5763,4012,1237,11715,5763,5645,3084,398,390,213
Yellow,898,5024,3384,1069,10034,5024,4761,2665,404,382,214
Yellow,1018,3865,2533,825,7599,3865,3564,2057,407,376,217
Yellow,1135,3600,2359,772,7078,3600,3319,1925,407,375,218
Yellow,1254,3270,2136,706,6410,3270,3005,1760,407,374,219
Yellow,1372,3060,1991,664,5982,3060,2801,1655,407,373,220
Yellow,1490,3678,2411,790,7233,3678,3392,1969,407,375,218
Yellow,1609,4760,3203,1016,9512,4760,4507,2533,403,382,215
Yellow,1727,5768,4087,1251,11839,5768,5750,3119,394,393,213
Yellow,1848,6040,4398,1324,12570,6040,6188,3301,389,398,213
Yellow,1968,5035,3466,1087,10176,5035,4877,2710,399,386,215
Yellow,2089,4482,3025,964,8965,4482,4256,2403,402,382,216
Yellow,2207,4255,2869,919,8499,4255,4037,2291,402,381,216
Yellow,2325,3978,2664,862,7925,3978,3748,2149,403,380,218
Yellow,2443,4733,3230,1024,9534,4733,4545,2553,400,384,216
Yellow,2562,6036,4428,1337,12617,6036,6230,3333,387,399,214
Yellow,2683,6029,4419,1339,12596,6029,6218,3338,387,399,214
Yellow,2803,5340,3726,1163,10884,5340,5242,2899,396,389,215
Yellow,2923,4655,3145,996,9322,4655,4425,2483,403,383,215
Yellow,3041,4093,2729,878,7980,4093,3840,2189,404,379,216
Yellow,3160,4453,2998,953,8895,4453,4218,2376,403,382,215
Yellow,3278,5522,3861,1192,11259,5522,5432,2972,397,390,213
Yellow,3398,6014,4335,1308,12455,6014,6099,3261,391,397,212
Yellow,3518,6129,4525,1341,12834,6129,6367,3343,387,402,211
Yellow,3639,6133,4522,1335,12831,6133,6362,3328,388,402,210
Yellow,3759,5572,3900,1200,11362,5572,5487,2992,397,391,213
Yellow,3879,3856,2549,822,7611,3856,3586,2049,406,378,216
Yellow,3998,3705,2438,790,7295,3705,3430,1969,407,377,216
Yellow,4115,4259,2845,909,8460,4259,4003,2266,405,380,215
Yellow,4234,5239,3598,1121,10574,5239,5062,2795,400,387,213
Yellow,4354,5774,4068,1245,11816,5774,5724,3104,395,392,213
Yellow,4475,5820,4103,1258,11912,5820,5773,3136,395,392,213
Yellow,4595,4112,2741,878,8160,4112,3857,2189,405,380,215
Yellow,4713,3494,2294,746,6868,3494,3228,1860,407,376,217
Yellow,4831,3694,2436,789,7283,3694,3427,1967,406,377,216
Yellow,4949,3295,2156,706,6896,3295,3033,1760,407,375,218
Yellow,5068,2751,1790,595,5371,2751,2519,1483,407,373,220
Yellow,5185,3238,2119,694,6355,3238,2981,1730,407,375,218
Yellow,5304,4479,3014,958,8937,4479,4241,2388,403,382,215
Yellow,5422,5362,3701,1147,10847,5362,5207,2859,399,388,213
Yellow,5543,6056,4345,1317,12510,6056,6113,3283,392,396,212
Yellow,5663,6213,4549,1352,12962,6213,6400,3371,389,400,211
Yellow,5783,6192,4585,1346,12988,6192,6451,3356,387,403,210
Yellow,5903,6242,4607,1361,13075,6242,6482,3393,387,402,211
Yellow,6024,6101,4407,1327,12647,6101,6201,3308,391,397,212
Yellow,6144,5825,4130,1262,11963,5825,5811,3146,394,393,213
Yellow,6264,5576,3911,1201,11381,5576,5503,2994,396,391,213
Yellow,6384,5350,3716,1148,10858,5350,5228,2862,398,389,213
Yellow,6504,4625,3125,986,9250,4625,4397,2458,403,383,214
Yellow,6623,4054,2710,866,8056,4054,3813,2159,404,380,215
Yellow,6741,4113,2755,880,8179,4113,3876,2194,404,381,215
Yellow,6860,3345,2199,717,6578,3345,3094,1787,407,376,217
Yellow,6977,2948,1922,634,5767,2948,2704,1581,408,374,219
Yellow,7096,3491,2296,745,6869,3491,3230,1857,407,377,216
Yellow,7214,3762,2490,802,7427,3762,3503,1999,406,378,216
Yellow,7332,4448,2993,950,8872,4448,4211,2368,403,382,215
Yellow,7450,4748,3202,1017,9496,4748,4505,2535,403,382,215
Yellow,7569,4916,3321,1046,9840,4916,4673,2608,403,383,214
Yellow,7689,5240,3592,1120,10568,5240,5054,2792,400,386,213
Yellow,7809,5484,3800,1175,11122,5484,5347,2929,399,389,213
Yellow,7930,5807,4078,1245,11862,5807,5738,3104,396,392,212
Yellow,8049,6006,4274,1294,12353,6006,6014,3226,394,394,212
Yellow,8170,6151,4416,1325,12711,6151,6213,3303,393,397,211
Yellow,8290,5907,4177,1274,12113,5907,5877,3176,395,393,212
Yellow,8410,5200,3571,1118,10498,5200,5024,2787,400,386,214
Yellow,8531,4952,3365,1061,9942,4952,4735,2645,402,384,214
Yellow,8650,4898,3324,1052,9827,4898,4677,2623,402,383,215
Yellow,8769,5046,3451,1086,10164,5046,4856,2707,400,385,215
Yellow,8889,4315,2898,930,8606,4315,4077,2318,403,381,216
Yellow,9008,3900,2594,831,7715,3900,3650,2072,405,379,215
Yellow,9126,4562,3079,978,8744,4562,4332,2438,403,382,215
Yellow,9244,4872,3311,1048,9782,4872,4659,2613,401,384,215
Yellow,9363,5344,3695,1151,10824,5344,5199,2869,398,388,214
Yellow,9483,5825,4105,1256,11921,5825,5776,3131,395,392,213
Yellow,9604,6195,4470,1343,12833,6195,6289,3348,391,397,211
Yellow,9724,6308,4612,1373,13164,6308,6489,3423,389,400,211
Yellow,9845,6110,4372,1327,12612,6110,6151,3308,392,395,212
Yellow,9964,5569,3882,1208,11336,5569,5462,3012,397,389,214
Yellow,10085,5289,3644,1142,10696,5289,5127,2847,399,387,215
Yellow,10206,5385,3721,1164,10910,5385,5235,2902,398,387,215
Yellow,10328,5571,3871,1208,11319,5571,5446,3012,397,388,215
Yellow,10449,5650,3934,1221,11489,5650,5535,3044,397,389,214
Yellow,10571,5944,4193,1284,12170,5944,5900,3201,395,392,213
Yellow,10691,5997,4240,1295,12294,5997,5966,3228,395,393,212
Yellow,10813,6141,4384,1327,12654,6141,6168,3308,393,395,212
Yellow,10934,6190,4429,1335,12768,6190,6232,3328,393,396,211
Yellow,11056,6329,4606,1370,13167,6329,6481,3415,390,399,210
Yellow,11177,6026,4461,1290,12625,6026,6277,3216,388,404,207
Yellow,11299,6022,4452,1288,12610,6022,6264,3211,389,404,207
Yellow,11419,6133,4548,1321,12868,6133,6399,3293,388,404,208
Yellow,11540,6344,4648,1379,13251,6344,6540,3438,389,401,211
Yellow,11662,5875,4146,1275,12035,5875,5833,3179,395,392,214
Yellow,11783,5711,4001,1240,11657,5711,5629,3091,396,390,214
Yellow,11905,5828,4107,1268,11932,5828,5779,3161,395,391,214
Yellow,12026,6209,4477,1352,12863,6209,6299,3371,391,397,212
Yellow,12148,6310,4600,1376,13142,6310,6472,3430,389,399,212
Yellow,12268,6315,4665,1372,13239,6315,6564,3420,387,403,210
Yellow,12390,6229,4619,1350,13080,6229,6499,3366,387,404,209
Yellow,12511,6052,4483,1302,12690,6052,6308,3246,388,404,208
Yellow,12633,6231,4618,1351,13081,6231,6498,3368,387,404,209
Yellow,12754,6336,4657,1377,13250,6336,6552,3433,388,401,210
Yellow,12876,6269,4542,1365,13022,6269,6391,3403,390,398,212
Yellow,12996,6057,4321,1318,12477,6057,6080,3286,393,394,213
Yellow,13118,5781,4063,1251,11822,5781,5717,3119,395,391,213
Yellow,13239,5799,4078,1256,11858,5799,5738,3131,395,391,213
Yellow,13361,6155,4415,1336,12721,6155,6212,3331,392,396,212
Yellow,13482,6305,4587,1370,13118,6305,6454,3415,390,399,211
Yellow,13604,6337,4643,1377,13233,6337,6533,3433,389,401,211
Yellow,13724,6301,4654,1365,13203,6301,6548,3403,388,403,209
Yellow,13846,6187,4583,1332,12979,6187,6448,3321,388,404,208
Yellow,13967,6111,4529,1314,12818,6111,6372,3276,388,404,208
Yellow,14088,6038,4469,1295,12655,6038,6288,3228,388,404,208
Yellow,14210,6100,4523,1314,12800,6100,6364,3276,388,404,208
Yellow,14331,6336,4660,1376,13253,6336,6557,3430,388,402,210
Yellow,14453,6265,4533,1362,12999,6265,6378,3395,391,398,212
Yellow,14573,6183,4442,1344,12777,6183,6250,3351,392,396,212
Yellow,14695,6163,4424,1341,12736,6163,6225,3343,392,396,213
Yellow,14816,6176,4440,1343,12772,6176,6247,3348,392,396,212
Yellow,14938,6102,4366,1330,12589,6102,6143,3316,392,395,213
Yellow,15059,6082,4346,1325,12531,6082,6115,3303,392,395,213
Yellow,15181,6232,4500,1360,12919,6232,6331,3390,391,397,212
Yellow,15301,6339,4647,1383,13244,6339,6538,3448,388,400,211
Yellow,15423,6312,4663,1373,13232,6312,6561,3423,387,403,210
Yellow,15544,6292,4651,1366,13194,6292,6544,3405,387,403,210
Yellow,15666,6103,4520,1313,12798,6103,6360,3273,388,404,208
Yellow,15787,6163,4569,1331,12934,6163,6429,3318,387,404,209
Yellow,15909,6332,4635,1380,13215,6332,6521,3440,389,400,211
Yellow,16030,6189,4458,1350,12809,6189,6272,3366,391,396,213
Yellow,16151,5987,4264,1310,12326,5987,5999,3266,393,393,214
Yellow,16272,6041,4315,1322,12454,6041,6071,3296,392,394,214
Yellow,16394,6229,4507,1365,12932,6229,6341,3403,390,397,213
Yellow,16515,6330,4654,1383,13251,6330,6548,3448,388,401,211
Yellow,16636,6231,4626,1359,13102,6231,6509,3388,386,404,210
Yellow,16758,6035,4467,1301,12660,6035,6285,3243,388,404,208
Yellow,16878,6057,4492,1308,12711,6057,6320,3261,387,404,209
Yellow,17000,6303,4664,1378,13233,6303,6562,3435,387,403,211
Yellow,17121,6225,4504,1366,12926,6225,6337,3405,390,397,213
Yellow,17243,6039,4317,1322,12460,6039,6074,3296,392,394,214
Yellow,17364,5908,4193,1292,12141,5908,5900,3221,393,393,214
Yellow,17486,5331,3698,1156,10823,5331,5203,2882,397,388,215
Yellow,17606,4923,3368,1063,9918,4923,4739,2650,400,385,215
Yellow,17727,4890,3342,1050,9835,4890,4702,2618,400,385,214
Yellow,17847,5367,3731,1163,10901,5367,5250,2899,397,388,214
Yellow,17969,5486,3829,1192,11170,5486,5387,2972,396,389,215
Yellow,18090,6066,4348,1329,12534,6066,6118,3313,391,395,214
Yellow,18212,6279,4583,1382,13103,6279,6448,3445,388,399,213
Yellow,18332,6263,4561,1375,13050,6263,6417,3428,389,398,213
Yellow,18454,6204,4617,1358,13061,6204,6496,3385,386,404,210
Yellow,18575,6109,4538,1321,12830,6109,6385,3293,387,404,209
Yellow,18697,6233,4633,1357,13105,6233,6519,3383,386,404,210
Yellow,18818,6171,4455,1351,12802,6171,6268,3368,390,397,213
Yellow,18940,5896,4188,1290,12129,5896,5893,3216,393,393,214
Yellow,19061,5526,3866,1200,11268,5526,5439,2992,396,390,214
Yellow,19181,5057,3479,1093,10218,5057,4895,2725,399,386,215
Yellow,19303,4873,3334,1053,9817,4873,4691,2625,400,385,215
Yellow,19423,5036,3470,1091,10188,5036,4882,2720,398,386,215
Yellow,19545,4753,3268,1020,9588,4753,4598,2543,400,387,214
Yellow,19665,4908,3388,1058,9929,4908,4767,2638,399,387,214
Yellow,19786,4791,3300,1032,9684,4791,4643,2573,399,387,214
Yellow,19905,5492,3864,1199,11235,5492,5437,2989,395,391,215
Magenta,59,2528,807,739,4022,2528,1135,1842,459,206,335
Magenta,189,2782,921,827,4480,2782,1296,2062,453,211,336
Magenta,306,2903,1018,901,4784,2903,1432,2246,441,218,341
Magenta,425,2888,1034,913,4793,2888,1455,2276,436,220,344
Magenta,543,2590,960,858,4321,2590,1351,2139,426,222,352
Magenta,659,2605,967,863,4349,2605,1361,2151,426,222,352
Magenta,777,2609,968,862,4358,2609,1362,2149,426,223,351
Magenta,894,2473,912,820,4103,2473,1283,2044,426,221,352
Magenta,1012,2548,944,841,4243,2548,1328,2097,427,222,351
Magenta,1129,2876,1043,915,4788,2876,1468,2281,434,222,344
Magenta,1249,2908,1012,896,4773,2908,1424,2234,443,217,340
Magenta,1368,2805,948,850,4555,2805,1334,2119,448,213,339
Magenta,1486,2794,947,850,4546,2794,1332,2119,447,213,339
Magenta,1604,2781,941,845,4520,2781,1324,2107,448,213,339
Magenta,1722,2744,923,831,4449,2744,1299,2072,449,212,339
Magenta,1841,2802,954,856,4566,2802,1342,2134,446,214,340
Magenta,1959,2895,1028,912,4793,2895,1446,2274,438,219,344
Magenta,2079,2592,958,864,4322,2592,1348,2154,425,221,353
Magenta,2196,2700,996,891,4515,2700,1401,2221,427,222,351
Magenta,2314,1773,541,508,2759,1773,761,1266,467,200,333
Magenta,2432,1864,572,535,2908,1864,805,1334,466,201,333
Magenta,2549,2896,992,888,4737,2896,1396,2214,445,215,340
Magenta,2667,2906,1039,924,4824,2906,1462,2304,436,219,345
Magenta,2786,2610,948,859,4322,2610,1334,2141,429,219,352
Magenta,2905,2708,987,887,4503,2708,1389,2211,429,220,351
Magenta,3023,2305,737,676,3669,2305,1037,1685,459,206,335
Magenta,3140,2275,725,665,3613,2275,1020,1658,459,206,335
Magenta,3259,2884,994,888,4730,2884,1399,2214,444,215,341
Magenta,3377,2722,995,892,4533,2722,1400,2224,429,221,350
Magenta,3496,2431,870,798,3971,2431,1224,1989,431,217,352
Magenta,3614,2302,804,749,3701,2302,1131,1867,434,213,352
Magenta,3732,2638,962,867,4377,2638,1354,2161,429,220,351
Magenta,3850,2750,910,822,4441,2750,1280,2049,452,211,337
Magenta,3968,2784,926,834,4497,2784,1303,2079,452,211,337
Magenta,4087,2856,985,882,4651,2856,1386,2199,443,215,341
Magenta,4204,2902,1035,920,4815,2902,1456,2294,436,219,345
Magenta,4324,2652,972,870,4412,2652,1368,2169,429,221,350
Magenta,4442,2710,998,888,4521,2710,1404,2214,428,222,350
Magenta,4561,2479,910,824,4096,2479,1280,2054,426,220,353
Magenta,4678,2528,934,840,4201,2528,1314,2094,426,221,353
Magenta,4797,2894,1044,924,4822,2894,1469,2304,434,220,346
Magenta,4916,2759,920,826,4462,2759,1294,2059,451,212,337
Magenta,5034,2545,822,747,4065,2545,1157,1862,457,208,335
Magenta,5153,2628,857,776,4215,2628,1206,1935,456,209,335
Magenta,5270,2645,866,784,4251,2645,1218,1955,455,209,336
Magenta,5389,2799,939,842,4542,2799,1321,2099,450,212,338
Magenta,5507,2676,879,796,4312,2676,1237,1984,454,210,336
Magenta,5626,2350,751,688,3746,2350,1057,1715,459,206,335
Magenta,5743,2705,899,811,4379,2705,1265,2022,451,211,337
Magenta,5861,2873,990,882,4712,2873,1393,2199,444,215,340
Magenta,5980,2910,1011,898,4786,2910,1422,2239,443,216,341
Magenta,6099,2901,998,885,4745,2901,1404,2206,446,216,339
Magenta,6218,2863,969,863,4656,2863,1363,2151,449,214,337
Magenta,6335,2728,898,809,4392,2728,1263,2017,454,210,336
Magenta,6454,2683,877,794,4317,2683,1234,1979,455,209,336
Magenta,6572,2610,848,770,4192,2610,1193,1920,456,208,335
Magenta,6690,2750,914,821,4443,2750,1286,2047,452,211,337
Magenta,6808,2855,961,859,4636,2855,1352,2141,450,213,337
Magenta,6926,2610,835,758,4157,2610,1175,1890,460,207,333
Magenta,7045,2622,835,758,4163,2622,1175,1890,461,207,332
Magenta,7163,2471,777,707,3892,2471,1093,1763,464,205,331
Magenta,7282,2710,874,790,4329,2710,1230,1969,459,208,333
Magenta,7399,2578,844,767,4155,2578,1188,1912,454,209,337
Magenta,7518,2534,838,759,4101,2534,1179,1892,452,210,338
Magenta,7636,2798,974,870,4618,2798,1370,2169,442,216,342
Magenta,7754,2588,825,746,4108,2588,1161,1860,461,207,332
Magenta,7872,2635,832,753,4160,2635,1171,1877,464,206,330
Magenta,7990,2927,1000,883,4773,2927,1407,2201,448,215,337
Magenta,8110,2759,1023,912,4631,2759,1439,2274,426,222,351
Magenta,8229,2811,1037,924,4723,2811,1459,2304,428,222,350
Magenta,8349,2848,1044,927,4776,2848,1469,2311,430,222,349
Magenta,8467,2696,1003,898,4521,2696,1411,2239,425,222,353
Magenta,8586,2593,962,866,4330,2593,1354,2159,425,222,354
Magenta,8705,2884,1010,897,4758,2884,1421,2236,441,217,342
Magenta,8824,2569,835,757,4116,2569,1175,1887,456,209,335
Magenta,8942,2896,1040,919,4816,2896,1463,2291,435,220,345
Magenta,9061,2590,959,861,4318,2590,1349,2146,426,222,353
Magenta,9180,2528,933,842,4201,2528,1313,2099,426,221,353
Magenta,9298,2667,873,787,4285,2667,1228,1962,455,210,335
Magenta,9417,2084,641,595,3264,2084,902,1483,466,202,332
Magenta,9533,2062,636,590,3237,2062,895,1471,466,202,332
Magenta,9650,2371,745,682,3748,2371,1048,1700,463,205,332
Magenta,9769,2489,783,712,3926,2489,1102,1775,464,205,331
Magenta,9887,2614,836,759,4161,2614,1176,1892,460,207,333
Magenta,10005,2685,890,801,4336,2685,1252,1997,452,211,337
Magenta,10124,2585,862,781,4198,2585,1213,1947,450,211,339
Magenta,10244,2726,918,826,4439,2726,1292,2059,449,213,339
Magenta,10363,2609,869,785,4227,2609,1223,1957,451,211,338
Magenta,10482,2648,881,792,4279,2648,1240,1974,452,212,337
Magenta,10601,2751,913,815,4433,2751,1285,2032,453,212,335
Magenta,10720,2273,700,643,3542,2273,985,1603,468,203,330
Magenta,10839,2321,720,660,3633,2321,1013,1645,466,203,330
Magenta,10958,2636,868,783,4245,2636,1221,1952,454,210,336
Magenta,11077,2646,882,793,4275,2646,1241,1977,451,212,337
Magenta,11196,2793,941,841,4541,2793,1324,2097,449,213,337
Magenta,11316,2847,1036,908,4748,2847,1458,2264,433,222,345
Magenta,11436,2577,956,847,4303,2577,1345,2112,427,223,350
Magenta,11555,2576,955,848,4298,2576,1344,2114,427,223,350
Magenta,11674,1405,425,404,2172,1405,598,1007,467,199,335
Magenta,11792,1655,503,473,2572,1655,708,1179,467,200,333
Magenta,11911,1595,501,469,2516,1595,705,1169,460,203,337
Magenta,12029,2008,634,585,3185,2008,892,1458,461,205,335
Magenta,12148,2473,789,716,3934,2473,1110,1785,461,207,333
Magenta,12266,2420,750,688,3798,2420,1055,1715,466,203,330
Magenta,12386,2348,716,658,3658,2348,1007,1640,470,202,328
Magenta,12505,2628,847,767,4202,2628,1192,1912,458,208,334
Magenta,12624,1853,579,540,2925,1853,815,1346,462,203,335
Magenta,12742,1783,559,523,2820,1783,787,1304,460,203,337
Magenta,12860,2654,855,771,4236,2654,1203,1922,459,208,333
Magenta,12980,2522,784,714,3957,2522,1103,1780,467,204,329
Magenta,13099,2233,689,633,3489,2233,969,1578,467,203,330
Magenta,13218,1885,578,540,2946,1885,813,1346,466,201,333
Magenta,13335,1946,593,554,3039,1946,834,1381,468,200,332
Magenta,13454,2159,664,617,3387,2159,934,1538,466,202,332
Magenta,13572,2106,663,610,3326,2106,933,1521,462,205,334
Magenta,13690,1809,565,527,2844,1809,795,1314,462,203,335
Magenta,13808,2002,621,577,3149,2002,874,1438,464,203,333
Magenta,13926,2178,673,624,3428,2178,947,1556,465,202,332
Magenta,14045,2166,678,623,3418,2166,954,1553,464,204,332
Magenta,14163,2022,633,585,3182,2022,891,1458,463,204,334
Magenta,14281,1980,615,573,3114,1980,865,1428,463,202,334
Magenta,14399,2171,677,678,3425,2171,953,1690,451,198,351
Magenta,14517,2414,767,699,3837,2414,1079,1743,461,206,333
Magenta,14637,2287,725,663,3626,2287,1020,1653,461,206,333
Magenta,14756,2366,752,688,3762,2366,1058,1715,460,206,334
Magenta,14875,2457,785,716,3915,2457,1104,1785,460,207,334
Magenta,14994,2486,796,724,3960,2486,1120,1805,459,207,334
Magenta,15114,2546,812,736,4043,2546,1142,1835,461,207,332
Magenta,15233,2766,904,812,4444,2766,1272,2024,456,210,334
Magenta,15352,2732,891,804,4388,2732,1254,2004,456,209,335
Magenta,15471,2676,872,787,4295,2676,1227,1962,456,209,335
Magenta,15590,2344,743,679,3716,2344,1045,1693,461,206,333
Magenta,15710,2573,834,755,4120,2573,1173,1882,457,208,334
Magenta,15829,2775,925,827,4489,2775,1301,2062,452,212,336
Magenta,15949,2862,970,863,4664,2862,1365,2151,449,214,337
Magenta,16067,2914,1001,890,4778,2914,1408,2219,445,215,339
Magenta,16188,2921,1037,915,4840,2921,1459,2281,439,219,342
Magenta,16308,2815,1039,914,4701,2815,1462,2279,429,223,348
Magenta,16428,2821,955,852,4594,2821,1344,2124,449,214,338
Magenta,16548,2197,697,639,3485,2197,981,1593,460,206,334
Magenta,16665,2608,851,770,4189,2608,1197,1920,456,209,335
Magenta,16785,2879,1039,915,4791,2879,1462,2281,435,221,344
Magenta,16905,2670,987,874,4458,2670,1389,2179,428,223,349
Magenta,17025,2645,979,868,4418,2645,1377,2164,428,223,350
Magenta,17144,2414,780,713,3866,2414,1097,1778,456,207,336
Magenta,17263,2333,747,684,3719,2333,1051,1705,458,207,335
Magenta,17382,2709,903,811,4385,2709,1271,2022,451,212,337
Magenta,17501,2801,1028,907,4684,2801,1446,2261,430,222,347
Magenta,17622,2559,948,849,4264,2559,1334,2117,426,222,352
Magenta,17741,2480,912,823,4105,2480,1283,2052,426,221,353
Magenta,17860,2741,920,824,4449,2741,1294,2054,450,213,337
Magenta,17979,2396,774,707,3834,2396,1089,1763,457,208,336
Magenta,18099,2418,782,713,3871,2418,1100,1778,457,208,336
Magenta,18218,2877,974,865,4684,2877,1370,2156,449,214,337
Magenta,18338,2849,950,846,4606,2849,1337,2109,453,212,335
Magenta,18456,2613,849,767,4185,2613,1195,1912,457,209,334
Magenta,18575,2188,699,644,3482,2188,983,1605,458,206,336
Magenta,18694,2318,754,690,3722,2318,1061,1720,455,208,337
Magenta,18813,2611,866,782,4220,2611,1218,1950,452,211,337
Magenta,18933,2785,930,833,4513,2785,1309,2077,451,212,337
Magenta,19051,2471,801,729,3958,2471,1127,1817,456,208,336
Magenta,19171,2411,778,711,3860,2411,1095,1773,457,207,336
Magenta,19290,2647,875,791,4276,2647,1231,1972,452,210,337
Magenta,19410,2898,1005,893,4765,2898,1414,2226,443,216,340
Magenta,19530,2901,1008,895,4773,2901,1418,2231,443,216,341
Magenta,19649,2874,1042,918,4793,2874,1466,2289,434,221,345
Magenta,19770,2848,1039,916,4760,2848,1462,2284,432,222,346
Magenta,19890,2837,1037,915,4744,2837,1459,2281,431,222,347
Cyan,54,711,1301,1136,2543,711,1831,2832,132,341,527
Cyan,179,963,1437,1247,3829,963,2022,3109,158,332,510
Cyan,294,948,1562,1347,4073,948,2198,3358,146,338,516
Cyan,407,750,1454,1268,3693,750,2046,3161,126,343,531
Cyan,521,752,1471,1288,3735,752,2070,3211,125,343,532
Cyan,636,918,1525,1336,4005,918,2146,3331,144,336,521
Cyan,749,834,1240,1100,3338,834,1745,2742,157,328,515
Cyan,863,903,1425,1252,3793,903,2005,3121,150,333,518
Cyan,978,912,1416,1239,3776,912,1992,3089,152,332,515
Cyan,1091,918,1461,1278,3871,918,2056,3186,149,334,517
Cyan,1206,917,1519,1318,3970,917,2137,3286,145,337,518
Cyan,1322,907,1384,1212,3692,907,1947,3022,154,331,514
Cyan,1436,778,1115,987,3005,778,1569,2461,162,326,512
Cyan,1551,941,1612,1390,4183,941,2268,3465,141,340,519
Cyan,1666,498,1022,913,2573,498,1438,2276,118,341,540
Cyan,1779,361,700,637,1778,361,985,1588,123,336,541
Cyan,1892,369,720,653,1828,369,1013,1628,123,337,541
Cyan,2005,900,1591,1379,4110,900,2239,3438,137,340,523
Cyan,2119,581,1189,1056,3010,581,1673,2633,119,342,539
Cyan,2235,121,202,210,525,121,284,524,130,306,564
Cyan,2345,95,155,173,406,95,218,431,128,293,579
Cyan,2453,150,251,248,649,150,353,618,134,315,551
Cyan,2563,687,1365,1193,3459,687,1921,2974,123,344,533
Cyan,2679,922,1648,1413,4235,922,2319,3523,136,343,521
Cyan,2793,944,1652,1420,4264,944,2324,3540,139,341,520
Cyan,2909,750,1472,1276,3729,750,2071,3181,125,345,530
Cyan,3024,221,392,369,1012,221,552,920,131,326,543
Cyan,3134,91,149,168,391,91,210,419,126,292,582
Cyan,3243,394,763,685,1942,394,1074,1708,124,338,538
Cyan,3356,866,1615,1379,4108,866,2272,3438,132,345,523
Cyan,3471,966,1633,1399,4233,966,2298,3488,143,340,517
Cyan,3586,931,1652,1412,4241,931,2324,3520,137,343,520
Cyan,3702,543,1099,967,2768,543,1546,2411,121,344,536
Cyan,3815,411,798,716,2031,411,1123,1785,124,338,538
Cyan,3928,591,1204,1059,3040,591,1694,2640,120,344,536
Cyan,4044,677,1377,1204,3472,677,1937,3002,121,345,535
Cyan,4158,662,1349,1187,3404,662,1898,2959,120,344,536
Cyan,4274,594,1221,1078,3072,594,1718,2687,119,344,538
Cyan,4389,698,1396,1211,3513,698,1964,3019,123,346,531
Cyan,4503,931,1544,1342,4032,931,2172,3346,144,337,519
Cyan,4619,927,1461,1287,3878,927,2056,3208,150,332,518
Cyan,4734,751,1479,1297,3752,751,2081,3233,124,343,533
Cyan,4848,577,1218,993,3057,577,1714,2476,121,360,519
Cyan,4963,674,1372,1208,3455,674,1930,3012,120,344,536
Cyan,5078,912,1603,1399,4149,912,2255,3488,137,339,524
Cyan,5193,922,1482,1306,3921,922,2085,3256,147,333,520
Cyan,5308,906,1421,1260,3780,906,1999,3141,150,331,520
Cyan,5423,925,1594,1390,4141,925,2243,3465,139,338,522
Cyan,5539,784,1537,1356,3917,784,2163,3381,124,342,534
Cyan,5653,667,1378,1229,3480,667,1939,3064,118,342,540
Cyan,5769,823,1556,1368,3978,823,2189,3410,128,341,531
Cyan,5884,811,1172,1042,3166,811,1649,2598,160,326,514
Cyan,5998,840,1227,1092,3314,840,1726,2722,159,326,515
Cyan,6114,904,1374,1216,3680,904,1933,3031,154,329,517
Cyan,6229,879,1548,1363,4027,879,2178,3398,136,337,526
Cyan,6343,832,1543,1345,3973,832,2171,3353,131,342,528
Cyan,6459,731,1441,1281,3680,731,2027,3194,123,341,537
Cyan,6574,827,1534,1350,3945,827,2158,3366,130,340,530
Cyan,6690,907,1391,1227,3708,907,1957,3059,153,330,516
Cyan,6804,834,1182,1043,3196,834,1663,2600,164,326,510
Cyan,6919,925,1410,1237,3763,925,1984,3084,154,331,515
Cyan,7035,939,1496,1300,3950,939,2105,3241,149,335,516
Cyan,7149,921,1357,1194,3636,921,1909,2977,159,329,513
Cyan,7265,802,1097,972,2993,802,1543,2423,168,324,508
Cyan,7379,626,838,752,2298,626,1179,1875,170,320,510
Cyan,7491,631,846,756,2313,631,1190,1885,170,321,509
Cyan,7605,647,916,825,2488,647,1289,2057,162,323,515
Cyan,7718,766,1134,1018,3060,766,1596,2538,156,326,518
Cyan,7832,895,1345,1182,3598,895,1892,2947,156,330,514
Cyan,7948,926,1647,1432,4257,926,2317,3570,136,340,524
Cyan,8063,938,1618,1413,4214,938,2277,3523,139,338,523
Cyan,8178,886,1427,1257,3771,886,2008,3134,147,333,520
Cyan,8293,881,1394,1234,3705,881,1961,3076,149,331,520
Cyan,8408,966,1588,1382,3816,966,2234,3445,145,336,518
Cyan,8524,772,1498,1314,3816,772,2108,3276,125,342,532
Cyan,8638,765,1497,1306,3804,765,2106,3256,125,344,531
Cyan,8753,941,1581,1377,4124,941,2224,3433,143,337,520
Cyan,8869,946,1548,1347,4062,946,2178,3358,146,336,518
Cyan,8983,884,1630,1415,4173,884,2293,3528,132,342,526
Cyan,9099,830,1577,1373,4025,830,2219,3423,128,343,529
Cyan,9214,674,1382,1217,3482,674,1944,3034,119,344,537
Cyan,9328,684,1392,1230,3521,684,1959,3066,120,343,537
Cyan,9444,729,1462,1284,3696,729,2057,3201,122,344,535
Cyan,9559,732,1470,1281,3708,732,2068,3194,122,345,533
Cyan,9675,489,998,886,2504,489,1404,2209,119,342,539
Cyan,9787,442,892,796,2241,442,1255,1984,120,341,539
Cyan,9900,527,1088,961,2721,527,1531,2396,118,344,538
Cyan,10014,967,1642,1412,4259,967,2310,3520,142,340,518
Cyan,10130,972,1608,1383,4189,972,2262,3448,145,339,516
Cyan,10246,878,1623,1395,4143,878,2284,3478,132,344,524
Cyan,10363,479,978,873,2458,479,1376,2176,119,341,540
Cyan,10476,426,850,762,2141,426,1196,1900,121,340,539
Cyan,10591,809,1553,1339,3936,809,2185,3338,128,345,527
Cyan,10707,927,1650,1417,4236,927,2322,3533,137,342,521
Cyan,10822,961,1640,1416,4257,961,2307,3530,141,339,519
Cyan,10939,822,1581,1363,4010,822,2224,3398,128,345,527
Cyan,11055,569,1176,1039,2953,569,1655,2590,118,344,538
Cyan,11172,442,888,796,2238,442,1249,1984,120,340,540
Cyan,11285,339,644,585,1635,339,906,1458,125,335,539
Cyan,11398,437,1164,1022,2195,437,1638,2548,95,354,551
Cyan,11514,811,1565,1343,3955,811,2202,3348,127,346,526
Cyan,11629,936,1645,1409,4228,936,2315,3513,138,342,519
Cyan,11745,961,1643,1413,4252,961,2312,3523,141,340,518
Cyan,11862,639,1296,789,3252,639,1823,1967,144,412,444
Cyan,11976,406,805,729,2041,406,1133,1817,121,338,541
Cyan,12091,527,1078,956,2715,527,1517,2383,119,343,538
Cyan,12206,730,1451,1250,3649,730,2042,3116,124,347,529
Cyan,12322,964,1651,1415,4269,964,2323,3528,141,341,518
Cyan,12438,905,1640,1401,4188,905,2307,3493,135,344,521
Cyan,12554,579,1185,1039,2972,579,1667,2590,120,345,536
Cyan,12671,413,817,735,2068,413,1150,1832,122,339,540
Cyan,12784,691,1391,1212,3511,691,1957,3022,122,345,533
Cyan,12900,835,1575,1364,4020,835,2216,3400,129,344,527
Cyan,13017,935,1577,1377,4113,935,2219,3433,142,337,521
Cyan,13133,967,1485,1297,3942,967,2089,3233,154,332,514
Cyan,13249,882,1269,1121,3423,882,1785,2795,161,327,512
Cyan,13365,888,1317,1168,3532,888,1853,2912,157,328,515
Cyan,13481,887,1291,1140,3473,887,1816,2842,160,328,513
Cyan,13597,726,987,881,2694,726,1389,2196,168,322,509
Cyan,13711,678,939,851,2555,678,1321,2122,165,321,515
Cyan,13826,844,1186,1050,3215,844,1669,2618,164,325,510
Cyan,13942,907,1327,1160,3547,907,1867,2892,160,330,510
Cyan,14057,868,1196,1052,3263,868,1683,2623,168,325,507
Cyan,14174,805,1107,987,3020,805,1558,2461,167,323,510
Cyan,14289,668,904,818,2476,668,1272,2039,168,320,512
Cyan,14402,848,1197,1054,3221,848,1684,2628,164,326,509
Cyan,14519,794,1093,966,2957,794,1538,2408,168,324,508
Cyan,14634,777,1083,962,2926,777,1524,2398,165,324,510
Cyan,14749,936,1387,1238,3701,936,1952,3086,157,327,517
Cyan,14865,919,1359,1195,3641,919,1912,2979,158,329,513
Cyan,14981,786,1100,986,2991,786,1548,2458,164,323,513
Cyan,15097,670,912,820,2482,670,1283,2044,168,321,511
Cyan,15210,604,801,723,2190,604,1127,1802,171,319,510
Cyan,15325,575,766,696,2094,575,1078,1735,170,318,512
Cyan,15439,542,690,621,1896,542,971,1548,177,317,506
Cyan,15551,525,663,597,1822,525,933,1488,178,317,505
Cyan,15665,523,662,596,1818,523,931,1486,178,317,505
Cyan,15778,589,784,710,2142,589,1103,1770,170,319,511
Cyan,15891,729,1028,930,2790,729,1446,2318,162,322,516
Cyan,16007,715,1001,905,2719,715,1408,2256,163,322,515
Cyan,16122,707,980,880,2663,707,1379,2194,165,322,513
Cyan,16235,734,1010,903,2748,734,1421,2251,167,323,511
Cyan,16351,700,949,852,2586,700,1335,2124,168,321,511
Cyan,16465,722,1001,899,2721,722,1408,2241,165,322,513
Cyan,16580,819,1199,1074,3230,819,1687,2677,158,325,516
Cyan,16696,781,1125,1010,3040,781,1583,2518,160,324,516
Cyan,16812,654,860,769,2356,654,1210,1917,173,320,507
Cyan,16926,720,977,871,2660,720,1375,2171,169,322,509
Cyan,17040,779,1094,974,2961,779,1539,2428,164,324,512
Cyan,17156,748,1036,924,2811,748,1458,2304,166,323,511
Cyan,17271,662,871,777,2383,662,1225,1937,173,320,507
Cyan,17384,769,1066,948,2891,769,1500,2363,166,324,510
Cyan,17500,819,1190,1066,3211,819,1674,2658,159,325,516
Cyan,17616,811,1183,1063,3192,811,1664,2650,158,325,517
Cyan,17731,730,984,874,2681,730,1384,2179,170,322,508
Cyan,17846,734,989,880,2697,734,1392,2194,170,322,508
Cyan,17960,854,1213,1071,3274,854,1707,2670,163,326,510
Cyan,18076,850,1227,1087,3304,850,1726,2710,161,327,513
Cyan,18192,767,1042,923,2835,767,1466,2301,169,323,507
Cyan,18307,655,885,834,2414,655,1245,2079,165,313,522
Cyan,18422,841,1175,1035,3181,841,1653,2580,166,326,508
Cyan,18537,902,1325,1166,3552,902,1864,2907,159,329,512
Cyan,18654,855,1209,1065,3266,855,1701,2655,164,326,509
Cyan,18770,736,991,881,2706,736,1394,2196,170,322,508
Cyan,18883,812,1117,986,3032,812,1572,2458,168,325,508
Cyan,18999,854,1195,1053,3235,854,1681,2625,166,326,509
Cyan,19115,876,1284,1136,3449,876,1807,2832,159,328,514
Cyan,19231,867,1255,1110,3380,867,1766,2767,161,327,512
Cyan,19347,933,1428,1258,3806,933,2009,3136,154,331,516
Cyan,19463,925,1428,1262,3802,925,2009,3146,152,330,517
Cyan,19580,925,1437,1273,3825,925,2022,3174,151,330,519
Cyan,19695,909,1325,1164,3560,909,1864,2902,160,328,511
Cyan,19812,777,1069,947,2911,777,1504,2361,167,324,509
Cyan,19927,806,1114,986,3032,806,1567,2458,167,324,509
Green,54,569,842,320,1793,569,1185,798,223,464,313
Green,179,911,1505,536,3136,911,2118,1336,209,485,306
Green,294,640,1671,549,3096,640,2351,1369,147,539,314
Green,407,778,1870,618,3539,778,2631,1541,157,532,311
Green,521,935,1688,589,3438,935,2375,1468,196,497,307
Green,636,878,1506,534,3109,878,2119,1331,203,490,308
Green,749,842,1406,503,2921,842,1978,1254,207,486,308
Green,863,958,1709,600,3493,958,2405,1496,197,495,308
Green,978,981,1967,669,3904,981,2768,1668,181,511,308
Green,1091,819,1932,638,3676,819,2718,1591,160,530,310
Green,1207,736,1835,603,3444,736,2582,1503,153,536,312
Green,1322,700,1780,585,3324,700,2504,1458,150,537,313
Green,1436,992,1840,636,3721,992,2589,1586,192,501,307
Green,1552,999,1921,654,3846,999,2703,1630,187,507,306
Green,1667,776,1881,621,3555,776,2647,1548,156,532,311
Green,1782,523,1442,475,2635,523,2029,1184,140,543,317
Green,1897,593,1584,519,2918,593,2229,1294,144,542,314
Green,2012,998,1921,654,3844,998,2703,1630,187,507,306
Green,2128,919,1618,567,3311,919,2277,1414,199,494,307
Green,2242,985,1843,632,3713,985,2593,1576,191,503,306
Green,2357,844,1963,647,3746,844,2762,1613,162,529,309
Green,2473,345,1004,326,1798,345,1413,813,134,550,316
Green,2586,625,1646,538,3046,625,2316,1341,146,541,313
Green,2702,971,1993,669,3918,971,2804,1668,178,515,306
Green,2817,984,1835,630,3697,984,2582,1571,192,503,306
Green,2931,995,1896,647,3800,995,2668,1613,189,506,306
Green,3047,946,2011,673,3923,946,2829,1678,173,519,308
Green,3162,743,1851,605,3476,743,2604,1508,153,536,311
Green,3278,745,1850,607,3477,745,2603,1513,153,535,311
Green,3392,973,1986,668,3912,973,2794,1665,179,514,307
Green,3507,975,1863,635,3727,975,2621,1583,188,506,306
Green,3623,979,1887,644,3771,979,2655,1605,187,507,306
Green,3737,963,1989,668,3907,963,2799,1665,177,516,307
Green,3852,827,1956,644,3718,827,2752,1605,160,531,310
Green,3968,781,1906,626,3595,781,2682,1561,155,534,311
Green,4082,694,1783,584,3323,694,2509,1456,149,539,313
Green,4198,732,1839,602,3445,732,2587,1501,152,537,311
Green,4313,915,2001,666,3873,915,2815,1660,170,522,308
Green,4427,974,1906,647,3790,974,2682,1613,185,509,306
Green,4543,943,1996,668,3894,943,2808,1665,174,518,307
Green,4658,786,1912,627,3610,786,2690,1563,156,534,310
Green,4774,579,1574,516,2897,579,2215,1286,142,543,315
Green,4888,468,1321,433,2404,468,1859,1079,137,546,317
Green,5003,230,746,230,1286,230,1050,573,124,567,309
Green,5117,214,714,217,1219,214,1005,541,122,571,307
Green,5229,335,990,319,1768,335,1393,795,133,552,315
Green,5342,783,1905,626,3596,783,2680,1561,156,533,311
Green,5458,831,1954,645,3720,831,2749,1608,160,530,310
Green,5572,645,1695,555,3141,645,2385,1384,146,540,314
Green,5687,470,1327,434,2415,470,1867,1082,137,546,316
Green,5803,303,911,293,1616,303,1282,730,131,554,315
Green,5915,188,656,193,1101,188,923,481,118,580,302
Green,6028,368,1071,348,1923,368,1507,868,134,549,316
Green,6142,748,1858,610,3489,748,2614,1521,153,535,311
Green,6256,825,1947,642,3702,825,2739,1601,160,530,310
Green,6372,883,1989,660,3825,883,2799,1645,166,525,309
Green,6487,861,1978,653,3786,861,2783,1628,163,528,309
Green,6601,857,1977,653,3781,857,2782,1628,163,528,309
Green,6717,726,1836,602,3437,726,2583,1501,151,537,312
Green,6832,513,1429,468,2610,513,2011,1167,139,545,316
Green,6948,308,935,300,1656,308,1316,748,130,555,315
Green,7060,365,1071,348,1922,365,1507,868,133,550,317
Green,7174,607,1631,534,3009,607,2295,1331,143,542,314
Green,7290,787,1913,628,3613,787,2692,1566,156,534,310
Green,7404,830,1955,645,3720,830,2751,1608,160,530,310
Green,7519,724,1829,601,3608,724,2573,1498,151,537,312
Green,7635,540,1491,488,2732,540,2098,1217,140,544,316
Green,7749,272,854,268,1494,272,1202,668,127,561,312
Green,7863,167,622,176,1023,167,875,439,113,591,296
Green,7975,295,909,288,1603,295,1279,718,129,558,313
Green,8087,564,1542,505,2833,564,2170,1259,141,543,315
Green,8203,800,1924,634,3642,800,2707,1581,157,532,311
Green,8318,841,1965,650,3744,841,2765,1620,161,529,310
Green,8432,761,1882,618,3539,761,2648,1541,154,535,311
Green,8548,611,1640,536,3026,611,2307,1336,144,542,314
Green,8663,265,840,262,1465,265,1182,653,126,563,311
Green,8776,170,633,179,1042,170,891,446,113,591,296
Green,8888,344,1021,330,1825,344,1437,823,132,552,316
Green,9002,491,1381,451,2518,491,1943,1124,138,546,316
Green,9117,666,1741,585,3234,666,2450,1458,146,536,319
Green,9232,762,1884,619,3545,762,2651,1543,154,535,311
Green,9347,724,1834,601,3431,724,2580,1498,151,537,312
Green,9462,627,1670,546,3088,627,2350,1361,145,542,314
Green,9577,322,975,311,1732,322,1372,775,130,556,314
Green,9691,218,738,222,1258,218,1038,553,121,574,306
Green,9803,149,587,163,951,149,826,406,108,598,294
Green,9914,487,1366,446,2492,487,1922,1112,138,546,316
Green,10030,652,1717,562,3185,652,2416,1401,146,541,313
Green,10145,787,1911,629,3611,787,2689,1568,156,533,311
Green,10261,882,1991,661,3826,882,2801,1648,165,525,309
Green,10378,821,1947,643,3699,821,2739,1603,159,531,310
Green,10494,644,1698,557,3149,644,2389,1389,146,540,314
Green,10610,448,1273,417,2313,448,1791,1040,137,546,317
Green,10726,153,590,165,961,153,830,411,110,595,295
Green,10838,423,1210,396,2192,423,1702,987,136,547,317
Green,10953,654,1716,563,3185,654,2414,1404,146,540,314
Green,11069,833,1957,647,3724,833,2753,1613,160,530,310
Green,11185,913,1995,665,3865,913,2807,1658,170,522,308
Green,11302,863,1980,656,3787,863,2786,1635,163,527,309
Green,11417,650,1708,561,3167,650,2403,1399,146,540,314
Green,11534,400,1153,377,2081,400,1622,940,135,548,317
Green,11649,366,1069,348,1920,366,1504,868,134,549,317
Green,11763,475,1338,440,2436,475,1883,1097,137,545,318
Green,11880,799,1927,636,3648,799,2711,1586,157,532,311
Green,11996,888,1996,664,3839,888,2808,1655,166,525,309
Green,12113,896,1997,665,3848,896,2810,1658,167,524,309
Green,12228,845,1970,652,3756,845,2772,1625,161,529,310
Green,12344,624,1662,546,3074,624,2338,1361,144,541,315
Green,12461,466,1320,433,2401,466,1857,1079,137,546,317
Green,12576,449,1274,418,2315,449,1793,1042,137,546,317
Green,12693,487,1365,448,2490,487,1921,1117,138,545,317
Green,12809,694,1785,587,3328,694,2511,1463,149,538,313
Green,12925,888,1992,663,3833,888,2803,1653,166,525,309
Green,13041,923,1997,667,3878,923,2810,1663,171,521,308
Green,13157,895,1999,666,3849,895,2813,1660,167,524,309
Green,13274,742,1854,609,3478,742,2609,1518,152,536,312
Green,13390,624,1664,546,3077,624,2341,1361,144,541,315
Green,13505,431,1235,404,2238,431,1738,1007,136,547,317
Green,13622,436,1247,408,2262,436,1755,1017,136,547,317
Green,13738,793,1923,634,3637,793,2706,1581,156,533,311
Green,13854,927,2002,670,3891,927,2817,1670,171,520,308
Green,13970,961,1958,661,3859,961,2755,1648,179,514,307
Green,14086,905,2006,669,3872,905,2822,1668,168,523,309
Green,14203,750,1865,615,3506,750,2624,1533,153,535,312
Green,14318,526,1462,480,2678,526,2057,1197,139,544,317
Green,14435,478,1348,443,2457,478,1897,1104,137,545,317
Green,14551,577,1567,515,2886,577,2205,1284,142,542,316
Green,14666,672,1749,575,3253,672,2461,1433,147,539,314
Green,14783,821,1952,646,3706,821,2746,1610,159,530,311
Green,14899,924,1998,667,3879,924,2811,1663,171,521,308
Green,15016,941,1987,666,3882,941,2796,1660,174,518,308
Green,15131,886,1997,664,3837,886,2810,1655,166,525,309
Green,15247,761,1884,620,3544,761,2651,1546,153,535,312
Green,15364,564,1539,506,2829,564,2165,1261,141,543,316
Green,15479,493,1380,454,2519,493,1942,1132,138,544,317
Green,15596,503,1405,462,2567,503,1977,1152,138,544,317
Green,15712,749,1865,614,3502,749,2624,1531,153,535,312
Green,15828,899,2004,668,3858,899,2820,1665,167,524,309
Green,15944,933,1996,668,3887,933,2808,1665,173,519,308
Green,16060,931,1998,668,3889,931,2811,1665,172,520,308
Green,16177,831,1960,647,3729,831,2758,1613,160,530,310
Green,16293,561,1533,504,2817,561,2157,1256,141,543,316
Green,16408,535,1478,486,2707,535,2080,1212,140,544,317
Green,16525,528,1463,481,2678,528,2058,1199,139,544,317
Green,16641,731,1840,604,3446,731,2589,1506,151,536,312
Green,16757,888,1999,665,3846,888,2813,1658,166,525,309
Green,16873,964,1900,647,3778,964,2673,1613,184,509,307
Green,16989,963,1921,652,3807,963,2703,1625,182,511,307
Green,17106,965,1959,662,3867,965,2756,1650,180,513,307
Green,17221,948,2013,677,3934,948,2832,1688,173,518,309
Green,17338,922,2023,677,3921,922,2846,1688,169,522,309
Green,17454,924,1641,576,3357,924,2309,1436,198,495,308
Green,17569,899,1580,558,3241,899,2223,1391,199,493,308
Green,17686,976,1894,649,3785,976,2665,1618,186,507,308
Green,17802,982,1900,650,3799,982,2673,1620,186,507,307
Green,17919,912,2040,680,3936,912,2870,1695,167,524,309
Green,18034,998,1936,660,3867,998,2724,1645,186,508,307
Green,18150,982,1799,623,3650,982,2531,1553,194,500,307
Green,18267,955,1706,596,3483,955,2400,1486,197,496,307
Green,18383,992,2002,676,3962,992,2817,1685,181,513,307
Green,18499,919,2041,681,3952,919,2872,1698,167,523,309
Green,18615,849,1993,659,3803,849,2804,1643,160,529,310
Green,18731,685,1762,577,3291,685,2479,1438,149,539,312
Green,18847,960,2027,679,3964,960,2852,1693,174,518,308
Green,18963,848,1431,510,2959,848,2013,1271,205,487,308
Green,19080,896,1536,544,3169,896,2161,1356,203,490,307
Green,19196,989,1825,632,3695,989,2568,1576,193,500,307
Green,19311,999,1956,664,3902,999,2752,1655,185,509,306
Green,19428,914,1581,556,3251,914,2224,1386,202,492,306
Green,19544,732,1178,430,2464,732,1657,1072,211,479,310
Green,19660,745,1209,438,2521,745,1701,1092,211,481,309
Green,19776,877,1493,529,3084,877,2101,1319,204,489,307
Green,19892,965,1727,602,3526,965,2430,1501,197,496,307
Orange,56,3279,1225,528,5183,3279,1724,1316,519,273,208
Orange,186,3580,1361,575,5695,3580,1915,1433,517,276,207
Orange,304,3386,1277,544,5370,3386,1797,1356,518,275,207
Orange,421,3623,1371,581,5760,3623,1929,1448,518,276,207
Orange,538,3404,1284,545,5391,3404,1807,1359,518,275,207
Orange,655,2252,822,367,3510,2252,1157,915,521,268,212
Orange,770,3448,1294,547,5455,3448,1821,1364,520,275,206
Orange,888,4162,1606,661,6669,4162,2260,1648,516,280,204
Orange,1005,2984,1105,477,4684,2984,1555,1189,521,271,208
Orange,1122,2367,866,383,3691,2367,1218,955,521,268,210
Orange,1239,2441,898,396,3817,2441,1263,987,520,269,210
Orange,1355,2902,1086,471,4729,2902,1528,1174,518,273,209
Orange,1474,3300,1240,525,5224,3300,1745,1309,519,275,206
Orange,1591,3593,1367,572,5713,3593,1923,1426,518,277,205
Orange,1710,3921,1514,627,6278,3921,2130,1563,515,280,205
Orange,1828,3825,1484,616,6131,3825,2088,1536,513,280,206
Orange,1946,2650,990,434,4181,2650,1393,1082,517,272,211
Orange,2063,3210,1212,523,5087,3210,1705,1304,516,274,210
Orange,2181,3730,1418,596,5923,3730,1995,1486,517,277,206
Orange,2300,4272,1649,681,6834,4272,2320,1698,515,280,205
Orange,2418,4241,1634,677,6776,4241,2299,1688,515,279,205
Orange,2536,3142,1175,511,4961,3142,1653,1274,518,272,210
Orange,2654,2768,1033,444,4367,2768,1453,1107,520,273,208
Orange,2772,3060,1160,491,4862,3060,1632,1224,517,276,207
Orange,2891,3105,1178,498,4937,3105,1657,1242,517,276,207
Orange,3009,3811,1491,615,6144,3811,2098,1533,512,282,206
Orange,3127,3911,1545,633,6329,3911,2174,1578,510,284,206
Orange,3245,4006,1594,650,6501,4006,2243,1620,509,285,206
Orange,3364,3439,1338,558,5531,3439,1883,1391,512,281,207
Orange,3482,2389,895,390,3772,2389,1259,972,517,273,210
Orange,3597,2272,846,376,3576,2272,1190,937,516,271,213
Orange,3714,4111,1637,671,6668,4111,2303,1673,508,285,207
Orange,3832,3903,1541,636,6307,3903,2168,1586,510,283,207
Orange,3951,2828,1062,459,4477,2828,1494,1144,517,273,209
Orange,4068,2691,1004,437,4244,2691,1413,1089,518,272,210
Orange,4187,3245,1233,524,5158,3245,1735,1306,516,276,208
Orange,4305,3986,1557,642,6406,3986,2191,1601,512,282,206
Orange,4423,4303,1709,696,6965,4303,2405,1735,510,285,205
Orange,4541,4687,1915,766,7670,4687,2694,1910,504,290,206
Orange,4659,4750,1946,778,7782,4750,2738,1940,504,290,206
Orange,4778,4745,1943,776,7771,4745,2734,1935,504,290,206
Orange,4896,4561,1851,738,7431,4561,2604,1840,506,289,204
Orange,5015,4510,1835,735,7352,4510,2582,1832,505,289,205
Orange,5132,4103,1635,667,6645,4103,2300,1663,509,285,206
Orange,5250,4443,1803,724,7251,4443,2537,1805,506,289,205
Orange,5369,4588,1876,751,7495,4588,2640,1872,504,290,206
Orange,5487,4470,1802,726,7272,4470,2535,1810,507,288,205
Orange,5605,4535,1855,743,7421,4535,2610,1852,504,290,206
Orange,5723,4641,1899,760,7586,4641,2672,1895,504,290,206
Orange,5842,3234,1232,520,5129,3234,1733,1296,516,277,207
Orange,5960,2728,1018,440,4290,2728,1432,1097,519,272,209
Orange,6077,3713,1441,597,5936,3713,2027,1488,514,280,206
Orange,6196,4413,1781,717,7167,4413,2506,1787,507,288,205
Orange,6314,4079,1620,661,6586,4079,2279,1648,509,285,206
Orange,6433,2921,1101,471,4615,2921,1549,1174,518,274,208
Orange,6551,3537,1365,568,5646,3537,1921,1416,515,279,206
Orange,6669,4714,1932,770,7728,4714,2718,1920,504,291,205
Orange,6787,4640,1900,758,7597,4640,2673,1890,504,290,205
Orange,6906,3992,1576,644,6434,3992,2217,1605,511,284,205
Orange,7024,3834,1503,620,6166,3834,2115,1546,512,282,206
Orange,7141,4726,1940,776,7759,4726,2730,1935,503,291,206
Orange,7260,4746,1952,780,7794,4746,2746,1945,503,291,206
Orange,7378,4639,1891,758,7577,4639,2661,1890,505,290,206
Orange,7497,4501,1788,728,7271,4501,2516,1815,510,285,206
Orange,7614,4594,1855,748,7475,4594,2610,1865,507,288,206
Orange,7733,2085,765,340,3256,2085,1076,848,520,268,212
Orange,7849,1753,638,290,2722,1753,898,723,520,266,214
Orange,7964,3299,1260,533,5251,3299,1773,1329,515,277,208
Orange,8082,3788,1474,612,6077,3788,2074,1526,513,281,207
Orange,8200,4465,1796,727,7267,4465,2527,1812,507,287,206
Orange,8319,3728,1449,603,5979,3728,2039,1503,513,280,207
Orange,8437,2502,933,408,3937,2502,1313,1017,518,272,210
Orange,8553,2494,929,407,3924,2494,1307,1015,518,271,211
Orange,8671,3537,1361,570,5649,3537,1915,1421,515,279,207
Orange,8789,4293,1705,695,6951,4293,2399,1733,510,285,206
Orange,8908,3222,1225,520,5115,3222,1724,1296,516,276,208
Orange,9026,3209,1219,520,5097,3209,1715,1296,516,276,208
Orange,9144,3615,1394,585,5778,3615,1961,1458,514,279,207
Orange,9262,3767,1461,611,6040,3767,2056,1523,513,280,207
Orange,9380,3534,1359,574,5643,3534,1912,1431,514,278,208
Orange,9499,3352,1280,543,5334,3352,1801,1354,515,277,208
Orange,9616,3304,1258,534,5250,3304,1770,1331,516,276,208
Orange,9735,3122,1182,506,4948,3122,1663,1261,516,275,209
Orange,9853,2482,920,403,3891,2482,1294,1005,519,271,210
Orange,9971,2986,1123,482,4718,2986,1580,1202,518,274,208
Orange,10088,3146,1190,508,4981,3146,1674,1266,517,275,208
Orange,10207,2698,1005,438,4242,2698,1414,1092,518,272,210
Orange,10327,3038,1267,539,4800,3038,1783,1344,493,289,218
Orange,10446,3365,1279,544,5345,3365,1800,1356,516,276,208
Orange,10566,2993,1123,483,4721,2993,1580,1204,518,273,208
Orange,10684,3728,1433,600,5950,3728,2016,1496,515,278,207
Orange,10804,2884,1078,466,4542,2884,1517,1162,518,273,209
Orange,10923,3615,1384,581,5756,3615,1947,1448,516,278,207
Orange,11043,3006,1127,485,4740,3006,1586,1209,518,273,208
Orange,11162,3449,1313,555,5477,3449,1847,1384,516,276,207
Orange,11280,3356,1272,540,5319,3356,1790,1346,517,276,207
Orange,11400,3374,1281,543,5352,3374,1802,1354,517,276,207
Orange,11519,3092,1167,498,4891,3092,1642,1242,517,275,208
Orange,11639,2142,783,352,3331,2142,1102,878,520,267,213
Orange,11756,2172,790,358,3367,2172,1112,892,520,266,214
Orange,11873,2469,904,404,3843,2469,1272,1007,520,268,212
Orange,11991,3004,1128,485,4746,3004,1587,1209,518,274,208
Orange,12111,2761,1027,446,4338,2761,1445,1112,519,272,209
Orange,12230,2537,931,415,3957,2537,1310,1035,520,268,212
Orange,12347,3296,1241,531,5212,3296,1746,1324,518,274,208
Orange,12467,3103,1170,501,4911,3103,1646,1249,517,274,208
Orange,12586,3002,1127,483,4742,3002,1586,1204,518,274,208
Orange,12706,2586,953,418,4043,2586,1341,1042,520,270,210
Orange,12824,2539,934,413,3968,2539,1314,1030,520,269,211
Orange,12942,2577,954,424,4037,2577,1342,1057,518,270,212
Orange,13060,3005,1171,507,4750,3005,1648,1264,508,279,214
Orange,13179,2982,1112,477,4687,2982,1565,1189,520,273,207
Orange,13299,2882,1073,463,4530,2882,1510,1154,520,272,208
Orange,13417,2688,998,436,4222,2688,1404,1087,519,271,210
Orange,13536,2844,1055,459,4462,2844,1484,1144,520,271,209
Orange,13655,2436,893,399,3795,2436,1256,995,520,268,212
Orange,13773,2626,973,426,4116,2626,1369,1062,519,271,210
Orange,13891,3417,1308,550,5443,3417,1840,1371,516,278,207
Orange,14010,3242,1226,523,5135,3242,1725,1304,517,275,208
Orange,14129,2389,877,392,3726,2389,1234,977,519,268,212
Orange,14246,2426,1196,512,3792,2426,1683,1276,451,313,237
Orange,14366,3993,1550,644,6399,3993,2181,1605,513,280,206
Orange,14484,3221,1217,520,5102,3221,1712,1296,517,275,208
Orange,14604,2552,945,412,4001,2552,1330,1027,520,271,209
Orange,14722,4216,1656,679,6790,4216,2330,1693,512,283,205
Orange,14842,4296,1697,694,6933,4296,2388,1730,511,284,206
Orange,14961,4526,1809,734,7340,4526,2545,1830,508,286,206
Orange,15079,4598,1843,746,7471,4598,2593,1860,508,286,206
Orange,15199,3148,1192,508,4985,3148,1677,1266,517,275,208
Orange,15318,2379,875,386,3717,2379,1231,962,520,269,210
Orange,15436,3918,1526,634,6283,3918,2147,1581,512,281,207
Orange,15555,4507,1825,736,7349,4507,2568,1835,506,288,206
Orange,15674,4576,1869,748,7479,4576,2630,1865,504,290,206
Orange,15793,4535,1682,688,7399,4535,2367,1715,526,275,199
Orange,15913,3548,1358,571,5644,3548,1911,1424,515,278,207
Orange,16032,3694,1426,594,5896,3694,2006,1481,514,279,206
Orange,16151,4572,1861,748,7469,4572,2618,1865,505,289,206
Orange,16270,3812,1477,617,6095,3812,2078,1538,513,280,207
Orange,16389,3742,1443,603,5969,3742,2030,1503,514,279,207
Orange,16509,4450,1780,725,7214,4450,2504,1807,508,286,206
Orange,16628,4397,1750,713,7109,4397,2462,1778,509,285,206
Orange,16748,3581,1369,575,5690,3581,1926,1433,516,278,206
Orange,16866,3832,1484,618,6125,3832,2088,1541,514,280,207
Orange,16986,4662,1891,760,7598,4662,2661,1895,506,289,206
Orange,17105,4275,1685,689,6884,4275,2371,1718,511,283,205
Orange,17224,3856,1489,617,6154,3856,2095,1538,515,280,205
Orange,17343,4443,1771,719,7192,4443,2492,1792,509,286,205
Orange,17462,4670,1889,758,7605,4670,2658,1890,507,288,205
Orange,17582,4613,1849,747,7488,4613,2602,1862,508,287,205
Orange,17701,4071,1594,655,6527,4071,2243,1633,512,282,205
Orange,17821,4671,1895,760,7616,4671,2666,1895,506,289,205
Orange,17939,4759,1945,772,7781,4759,2737,1925,505,291,204
Orange,18059,4731,1933,765,7732,4731,2720,1907,506,291,204
Orange,18178,4621,1877,746,7519,4621,2641,1860,507,290,204
Orange,18297,4555,1853,740,7413,4555,2607,1845,506,289,205
Orange,18417,4678,1906,758,7626,4678,2682,1890,506,290,204
Orange,18535,4768,1947,774,7786,4768,2739,1930,505,290,205
Orange,18655,4727,1926,767,7705,4727,2710,1912,506,290,205
Orange,18774,4696,1905,762,7642,4696,2680,1900,506,289,205
Orange,18894,4366,1728,702,7044,4366,2431,1750,511,284,205
Orange,19013,4746,1936,766,7742,4746,2724,1910,506,290,204
Orange,19132,4662,1885,752,7574,4662,2652,1875,507,289,204
Orange,19251,4436,1718,705,7082,4436,2417,1758,515,281,204
Orange,19370,4338,1654,688,6888,4338,2327,1715,518,278,205
Orange,19490,4588,1856,742,7459,4588,2611,1850,507,289,204
Orange,19609,4019,1488,617,6462,4019,2094,1538,525,274,201
Orange,19728,3516,1355,568,5604,3516,1906,1416,514,279,207
Orange,19847,3684,1425,591,5880,3684,2005,1473,514,280,206
Orange,19967,2901,1090,467,4571,2901,1534,1164,518,274,208
Brown,54,548,303,164,1026,548,426,409,396,308,296
Brown,178,832,470,239,1583,832,661,596,398,316,285
Brown,289,1093,687,329,2207,1093,967,820,380,336,285
Brown,402,1021,752,355,2270,1021,1058,885,344,357,299
Brown,516,1108,726,348,2314,1108,1021,868,370,341,290
Brown,631,1084,724,341,2265,1084,1019,850,367,345,288
Brown,745,1030,745,347,2247,1030,1048,865,350,356,294
Brown,858,181,109,61,358,181,153,152,372,315,313
Brown,968,1078,763,356,2323,1078,1074,888,355,353,292
Brown,1081,972,567,279,1888,972,798,696,394,324,282
Brown,1193,966,556,274,1864,966,782,683,397,322,281
Brown,1306,951,544,273,1831,951,765,681,397,319,284
Brown,1417,1106,676,327,2203,1106,951,815,385,331,284
Brown,1531,1141,708,308,2292,1141,996,768,393,343,264
Brown,1646,1064,626,307,2091,1064,881,765,393,325,282
Brown,1759,1111,697,332,2259,1111,981,828,380,336,284
Brown,1873,876,486,245,1660,876,684,611,404,315,281
Brown,1986,668,358,187,1241,668,504,466,408,308,284
Brown,2097,660,354,184,1229,660,498,459,408,308,284
Brown,2209,1124,693,332,2251,1124,975,828,384,333,283
Brown,2324,1070,650,312,2127,1070,915,778,387,331,282
Brown,2437,1093,676,323,2189,1093,951,805,384,334,283
Brown,2552,1094,657,316,2156,1094,924,788,390,329,281
Brown,2666,852,469,243,1602,852,660,606,402,312,286
Brown,2777,995,573,283,1917,995,806,706,397,321,282
Brown,2890,1031,601,295,1999,1031,846,735,395,324,281
Brown,3003,1023,592,292,1976,1023,833,728,396,322,282
Brown,3117,1179,738,349,2376,1179,1038,870,382,336,282
Brown,3233,1152,787,360,2432,1152,1107,897,365,351,284
Brown,3348,1099,755,349,2336,1099,1062,870,363,350,287
Brown,3462,1163,755,355,2395,1163,1062,885,374,341,285
Brown,3578,1119,669,323,2207,1119,941,805,391,328,281
Brown,3692,901,504,257,1715,901,709,641,400,315,285
Brown,3804,954,536,269,1818,954,754,671,401,317,282
Brown,3916,1045,600,294,2012,1045,844,733,399,322,280
Brown,4030,1191,733,347,2378,1191,1031,865,386,334,280
Brown,4145,1062,602,296,2031,1062,847,738,401,320,279
Brown,4259,939,518,262,1770,939,729,653,405,314,281
Brown,4370,1108,695,329,2233,1108,978,820,381,337,282
Brown,4485,992,564,280,1903,992,794,698,399,320,281
Brown,4597,703,377,201,1301,703,530,501,405,306,289
Brown,4708,965,543,274,1843,965,764,683,400,317,283
Brown,4821,998,702,327,2139,998,988,815,356,353,291
Brown,4933,962,544,271,1839,962,765,676,400,318,281
Brown,5044,747,403,212,1390,747,567,529,405,308,287
Brown,5157,1100,657,316,2170,1100,924,788,391,329,280
Brown,5271,1065,626,304,2082,1065,881,758,394,326,280
Brown,5384,663,356,197,1224,663,501,491,401,303,297
Brown,5497,857,465,239,1601,857,654,596,407,310,283
Brown,5609,1091,648,315,2141,1091,912,785,391,327,282
Brown,5723,983,554,276,1874,983,779,688,401,318,281
Brown,5835,688,374,207,1279,688,526,516,398,304,298
Brown,5946,764,414,220,1421,764,582,548,403,307,289
Brown,6059,1124,711,335,2276,1124,1000,835,380,338,282
Brown,6174,742,401,216,1378,742,564,538,402,306,292
Brown,6285,677,369,204,1260,677,519,509,397,304,299
Brown,6398,792,430,223,1477,792,605,556,406,310,285
Brown,6510,1156,706,337,2300,1156,993,840,387,332,281
Brown,6623,1113,669,323,2197,1113,941,805,389,329,282
Brown,6738,729,398,215,1361,729,560,536,399,307,294
Brown,6850,937,527,264,1784,937,741,658,401,317,282
Brown,6961,1080,640,310,2117,1080,900,773,392,327,281
Brown,7076,1011,582,286,1956,1011,819,713,398,322,280
Brown,7190,770,422,222,1447,770,594,553,402,310,288
Brown,7301,662,363,200,1238,662,511,499,396,306,298
Brown,7414,857,474,242,1621,857,667,603,403,314,283
Brown,7525,1090,647,312,2138,1090,910,778,392,328,280
Brown,7639,1192,750,353,2410,1192,1055,880,381,337,281
Brown,7755,1168,743,349,2376,1168,1045,870,379,339,282
Brown,7870,1018,581,286,1956,1018,817,713,400,321,280
Brown,7984,1134,684,327,2247,1134,962,815,390,330,280
Brown,8098,1127,676,323,2227,1127,951,805,391,330,279
Brown,8212,1179,726,344,2356,1179,1021,858,386,334,281
Brown,8327,1152,756,352,2386,1152,1064,878,372,344,284
Brown,8442,1136,677,326,2359,1136,953,813,391,328,280
Brown,8556,1090,635,308,2116,1090,893,768,396,325,279
Brown,8670,1106,649,314,2156,1106,913,783,395,326,279
Brown,8784,1139,688,330,2266,1139,968,823,389,330,281
Brown,8899,1065,754,354,2301,1065,1061,883,354,353,293
Brown,9013,1150,703,344,2306,1150,989,858,384,330,286
Brown,9127,704,389,217,1325,704,547,541,393,305,302
Brown,9240,760,419,225,1427,760,590,561,398,309,294
Brown,9351,977,556,278,1881,977,782,693,398,319,283
Brown,9463,1036,601,298,2019,1036,846,743,395,322,283
Brown,9578,736,400,208,1373,736,563,519,405,310,285
Brown,9689,614,334,184,1141,614,470,459,398,305,297
Brown,9801,831,459,234,1568,831,646,583,403,314,283
Brown,9913,1030,603,295,2006,1030,848,735,394,325,281
Brown,10027,822,455,232,1553,822,640,578,403,314,283
Brown,10140,664,362,196,1238,664,509,489,400,306,294
Brown,10253,854,476,241,1618,854,670,601,402,315,283
Brown,10366,1029,597,292,1994,1029,840,728,396,323,280
Brown,10481,954,543,270,1831,954,764,673,399,320,281
Brown,10594,722,396,211,1355,722,557,526,400,309,291
Brown,10707,734,401,210,1373,734,564,524,403,310,288
Brown,10821,1104,669,321,2194,1104,941,800,388,331,281
Brown,10935,1054,616,300,2050,1054,867,748,395,325,280
Brown,11050,1108,674,323,2201,1108,948,805,387,331,281
Brown,11166,1083,643,311,2126,1083,905,775,392,328,280
Brown,11280,789,436,232,1483,789,613,578,398,310,292
Brown,11393,987,556,277,1884,987,782,691,401,318,281
Brown,11507,1118,659,319,2183,1118,927,795,394,326,280
Brown,11621,1155,712,338,2307,1155,1002,843,385,334,281
Brown,11738,1143,742,348,2345,1143,1044,868,374,342,284
Brown,11854,786,435,226,1482,786,612,563,401,312,287
Brown,11967,850,473,241,1611,850,666,601,402,315,284
Brown,12080,1091,648,313,2138,1091,912,780,392,328,280
Brown,12195,1108,710,333,2262,1108,999,830,377,340,283
Brown,12310,1124,720,340,2262,1124,1013,848,377,339,284
Brown,12426,1008,575,284,1936,1008,809,708,399,320,280
Brown,12541,961,546,272,1843,961,768,678,399,319,282
Brown,12655,1068,634,308,2096,1068,892,768,391,327,282
Brown,12769,1145,706,337,2291,1145,993,840,384,333,282
Brown,12884,1088,644,312,2130,1088,906,778,392,327,281
Brown,13000,831,461,234,1569,831,649,583,403,315,283
Brown,13112,987,566,279,1901,987,796,696,398,321,281
Brown,13225,1131,733,345,2323,1131,1031,860,374,341,285
Brown,13342,1086,651,314,2139,1086,916,783,390,329,281
Brown,13456,721,395,207,1352,721,556,516,402,310,288
Brown,13570,895,504,252,1707,895,709,628,401,318,281
Brown,13683,967,553,274,1860,967,778,683,398,320,281
Brown,13795,1107,692,329,2231,1107,974,820,382,336,283
Brown,13911,1090,654,315,2149,1090,920,785,390,329,281
Brown,14026,932,525,262,1777,932,739,653,401,318,281
Brown,14138,1023,594,291,1983,1023,836,725,396,324,281
Brown,14254,1126,700,333,2262,1126,985,830,383,335,282
Brown,14369,1102,735,344,2296,1102,1034,858,368,345,287
Brown,14486,1149,704,336,2291,1149,991,838,386,333,281
Brown,14600,1163,741,349,2366,1163,1043,870,378,339,283
Brown,14716,1145,703,335,2283,1145,989,835,386,333,281
Brown,14832,1147,754,352,2372,1147,1061,878,372,344,285
Brown,14947,1147,751,351,2365,1147,1057,875,373,343,284
Brown,15064,1022,732,337,2210,1022,1030,840,353,356,290
Brown,15180,1099,752,349,2320,1099,1058,870,363,350,287
Brown,15296,1148,721,341,2315,1148,1014,850,381,337,282
Brown,15412,869,486,246,1653,869,684,613,401,316,283
Brown,15525,1082,642,310,2120,1082,903,773,392,327,280
Brown,15641,1140,731,344,2325,1140,1029,858,377,340,283
Brown,15756,1074,750,347,2293,1074,1055,865,359,352,289
Brown,15872,1158,752,352,2378,1158,1058,878,374,342,284
Brown,15989,1045,598,294,2009,1045,841,733,399,321,280
Brown,16103,1114,665,320,2190,1114,936,798,391,329,280
Brown,16219,1123,768,355,2371,1123,1081,885,364,350,287
Brown,16335,1160,737,347,2355,1160,1037,865,379,339,282
Brown,16451,880,489,247,1666,880,688,616,403,315,282
Brown,16564,938,530,265,1791,938,746,661,400,318,282
Brown,16677,1180,725,344,2357,1180,1020,858,386,334,281
Brown,16793,1177,760,355,2411,1177,1069,885,376,341,283
Brown,16909,1167,775,358,2427,1167,1090,892,371,346,283
Brown,17025,1017,581,286,1953,1017,817,713,399,321,280
Brown,17141,878,491,246,1668,878,691,613,402,317,281
Brown,17253,1041,610,298,2029,1041,858,743,394,325,281
Brown,17368,1140,758,355,2377,1140,1067,885,369,345,286
Brown,17485,1103,765,356,2353,1103,1076,888,360,351,290
Brown,17601,1089,761,354,2331,1089,1071,883,358,352,290
Brown,17717,1155,720,341,2324,1155,1013,850,383,336,282
Brown,17833,930,524,261,1774,930,737,651,401,318,281
Brown,17946,1127,675,324,2220,1127,950,808,391,329,280
Brown,18061,1169,766,358,2416,1169,1078,892,372,343,284
Brown,18177,1155,778,361,2421,1155,1095,900,367,348,286
Brown,18293,1149,783,362,2422,1149,1102,902,364,350,286
Brown,18410,1171,725,344,2350,1171,1020,858,384,335,281
Brown,18525,1128,680,326,2231,1128,957,813,389,330,281
Brown,18641,1176,793,367,2465,1176,1116,915,367,348,285
Brown,18757,1179,781,363,2449,1179,1099,905,370,345,284
Brown,18872,1130,683,328,2238,1130,961,818,388,330,281
Brown,18988,1111,667,321,2192,1111,938,800,390,329,281
Brown,19103,1174,753,354,2399,1174,1059,883,377,340,283
Brown,19220,1148,764,356,2388,1148,1075,888,369,346,285
Brown,19335,1175,769,359,2425,1175,1082,895,373,343,284
Brown,19451,1164,732,346,2352,1164,1030,863,381,337,282
Brown,19568,1008,581,285,1947,1008,817,711,397,322,280
Brown,19682,1115,675,354,2210,1115,950,883,378,322,300
Brown,19798,1117,757,353,2350,1117,1065,880,365,348,287
Brown,19914,1041,738,342,2243,1041,1038,853,355,354,291
Black,54,206,144,84,437,206,203,209,333,328,338
Black,176,255,203,110,597,255,286,274,313,351,336
Black,287,239,234,122,629,239,329,304,274,377,349
Black,396,72,77,49,206,72,108,122,238,358,404
Black,505,104,138,91,348,104,194,227,198,370,432
Black,613,309,260,148,748,309,366,369,296,351,353
Black,723,294,221,126,665,294,311,314,320,338,342
Black,833,309,258,142,751,309,363,354,301,354,345
Black,943,240,263,137,683,240,370,342,252,389,359
Black,1053,133,193,116,467,133,272,289,192,392,416
Black,1164,148,216,127,519,148,304,317,192,395,412
Black,1275,147,212,122,507,147,298,304,196,398,406
Black,1385,305,282,155,782,305,397,386,280,365,355
Black,1497,300,247,138,720,300,348,344,302,351,347
Black,1608,249,273,148,720,249,384,369,249,383,368
Black,1718,197,244,130,618,197,343,324,228,397,375
Black,1830,264,252,133,691,264,355,332,278,373,349
Black,1940,249,215,116,610,249,303,289,296,360,344
Black,2051,270,260,137,709,270,366,342,276,374,350
Black,2163,210,261,141,653,210,367,352,226,395,379
Black,2273,250,214,117,610,250,301,292,297,357,346
Black,2384,241,210,115,595,241,295,287,293,358,349
Black,2494,270,287,155,763,270,404,386,255,381,364
Black,2606,293,254,140,722,293,357,349,293,357,349
Black,2717,187,135,79,408,187,190,197,326,331,343
Black,2826,233,171,97,515,233,241,242,325,337,338
Black,2937,287,253,136,714,287,356,339,292,363,345
Black,3047,263,264,139,705,263,371,347,268,378,354
Black,3158,213,247,128,627,213,348,319,242,395,363
Black,3270,264,207,113,610,264,291,282,315,348,337
Black,3380,219,164,95,491,219,231,237,319,336,345
Black,3490,226,181,104,535,226,255,259,305,345,350
Black,3601,257,241,136,673,257,339,339,275,363,363
Black,3712,252,246,136,672,252,346,339,269,369,362
Black,3823,269,274,157,743,269,386,391,257,369,374
Black,3934,263,221,122,629,263,311,304,300,354,346
Black,4045,242,186,103,546,242,262,257,318,344,338
Black,4155,255,246,128,675,255,346,319,277,376,347
Black,4266,170,208,109,528,170,293,272,231,399,370
Black,4378,118,155,93,392,118,218,232,208,384,408
Black,4487,316,262,147,759,316,369,366,301,351,348
Black,4598,216,149,87,453,216,210,217,336,327,337
Black,4708,238,179,100,527,238,252,249,322,341,337
Black,4819,278,290,161,786,278,408,401,256,375,369
Black,4929,256,293,164,767,256,412,409,238,383,380
Black,5041,290,280,153,762,290,394,381,272,370,358
Black,5152,230,171,96,506,230,241,239,324,339,337
Black,5261,293,248,132,709,293,349,329,302,359,339
Black,5373,198,251,134,626,198,353,334,224,399,377
Black,5483,131,189,113,460,131,266,282,193,392,415
Black,5594,258,201,110,587,258,283,274,317,347,336
Black,5706,233,161,94,501,233,227,234,336,327,337
Black,5815,296,255,135,721,296,359,337,298,362,340
Black,5926,314,302,160,824,314,425,399,276,373,351
Black,6036,311,251,136,729,311,353,339,310,352,338
Black,6148,212,154,87,463,212,217,217,328,336,336
Black,6258,276,259,137,706,276,364,342,281,371,348
Black,6368,244,282,154,737,244,397,384,238,387,375
Black,6480,289,210,119,641,289,295,297,328,335,337
Black,6590,290,214,119,643,290,301,297,327,339,334
Black,6701,269,288,148,744,269,405,369,258,388,354
Black,6813,251,260,133,679,251,366,332,264,386,350
Black,6923,261,206,111,612,261,290,277,315,350,335
Black,7034,270,232,126,665,270,326,314,297,358,345
Black,7145,231,272,147,699,231,383,366,236,391,373
Black,7256,300,282,149,773,300,397,371,281,372,347
Black,7367,289,213,117,639,289,300,292,328,341,331
Black,7478,331,260,138,718,331,366,344,318,352,330
Black,7589,324,252,138,744,324,355,344,317,347,336
Black,7699,229,154,92,475,229,217,229,339,321,339
Black,7810,227,156,92,479,227,219,229,336,324,339
Black,7920,265,207,114,612,265,291,284,315,346,338
Black,8030,270,239,129,674,270,336,322,291,362,347
Black,8141,274,242,130,684,274,340,324,292,362,345
Black,8252,285,225,123,662,285,317,307,314,349,338
Black,8363,289,255,135,718,289,359,337,293,364,342
Black,8474,268,272,145,728,268,383,361,265,378,357
Black,8585,196,247,135,622,196,348,337,222,395,383
Black,8696,254,202,110,598,254,284,274,313,350,337
Black,8806,266,215,119,638,266,303,297,307,350,343
Black,8918,235,259,142,690,235,364,354,247,382,371
Black,9029,258,269,148,723,258,378,369,257,376,367
Black,9139,249,226,119,636,249,318,297,288,368,344
Black,9251,218,248,130,635,218,349,324,245,392,364
Black,9361,186,235,126,583,186,331,314,224,398,378
Black,9472,246,248,132,664,246,349,329,266,378,356
Black,9584,267,229,124,649,267,322,309,297,359,344
Black,9694,260,243,131,667,260,342,327,280,368,352
Black,9805,267,239,128,669,267,336,319,290,364,346
Black,9916,271,256,136,703,271,360,339,279,371,349
Black,10027,277,260,140,722,277,366,349,279,369,352
Black,10139,270,247,131,690,270,348,327,286,368,346
Black,10251,266,245,131,684,266,345,327,284,368,349
Black,10363,257,271,145,720,257,381,361,257,381,361
Black,10474,270,245,129,678,270,345,322,288,368,344
Black,10586,264,207,113,607,264,291,282,315,348,337
Black,10699,292,223,122,654,292,314,304,321,345,334
Black,10810,316,282,148,799,316,397,369,292,367,341
Black,10922,323,259,136,754,323,364,339,315,355,330
Black,11035,293,230,120,670,293,324,299,320,354,326
Black,11146,315,215,123,670,315,303,307,341,328,332
Black,11258,285,211,117,627,285,297,292,326,340,334
Black,11370,233,179,100,530,233,252,249,317,343,339
Black,11482,287,229,125,663,287,322,312,312,350,339
Black,11594,331,296,159,835,331,416,396,290,364,346
Black,11706,325,294,153,831,325,414,381,290,370,340
Black,11818,330,269,146,785,330,378,364,308,353,340
Black,11930,308,244,135,711,308,343,337,312,347,341
Black,12042,312,260,142,743,312,366,354,302,355,343
Black,12154,258,206,113,600,258,290,282,311,349,340
Black,12265,262,212,115,612,262,298,287,309,352,339
Black,12378,294,283,149,774,294,398,371,277,374,349
Black,12490,287,268,140,748,287,377,349,283,372,345
Black,12601,312,261,138,754,312,367,344,305,359,336
Black,12714,325,249,136,750,325,350,339,321,345,334
Black,12826,272,199,111,612,272,280,277,328,338,334
Black,12937,276,206,118,618,276,290,294,321,337,342
Black,13050,276,211,116,638,276,297,289,320,345,335
Black,13161,272,234,122,669,272,329,304,301,364,336
Black,13273,273,227,118,656,273,319,294,308,360,332
Black,13386,277,220,116,647,277,310,289,316,354,330
Black,13497,300,222,127,681,300,312,317,323,336,341
Black,13609,287,210,122,639,287,295,304,324,333,343
Black,13722,266,197,107,600,266,277,267,328,342,330
Black,13833,264,199,107,597,264,280,267,326,345,329
Black,13945,276,221,118,641,276,311,294,313,353,334
Black,14057,270,245,128,680,270,345,319,289,369,342
Black,14169,271,226,117,643,271,318,292,308,361,331
Black,14281,275,236,123,664,275,332,307,301,363,336
Black,14393,275,228,120,650,275,321,299,307,359,334
Black,14505,275,219,117,633,275,308,292,314,352,334
Black,14617,255,190,104,568,255,267,259,327,342,332
Black,14729,235,169,94,516,235,238,234,332,337,331
Black,14840,248,188,102,560,248,265,254,323,346,331
Black,14951,268,214,115,621,268,301,287,313,352,335
Black,15064,174,219,117,550,174,308,292,225,398,377
Black,15176,190,221,113,563,190,311,282,243,397,360
Black,15287,282,220,118,650,282,310,294,318,350,332
Black,15400,275,194,113,605,275,273,282,331,329,340
Black,15511,255,184,105,567,255,259,262,329,334,338
Black,15623,245,178,99,545,245,250,247,330,337,333
Black,15735,274,221,118,642,274,311,294,312,354,334
Black,15846,269,217,115,628,269,305,287,312,354,333
Black,15958,272,230,121,654,272,324,302,303,361,336
Black,16071,270,197,109,604,270,277,272,330,338,332
Black,16182,250,180,102,544,250,253,254,330,334,336
Black,16294,258,186,104,571,258,262,259,331,336,332
Black,16406,262,199,109,600,262,280,272,322,344,334
Black,16518,297,222,128,676,297,312,319,320,336,344
Black,16630,287,212,124,647,287,298,309,321,333,346
Black,16742,271,196,113,598,271,276,282,327,333,340
Black,16854,272,194,110,601,272,273,274,332,333,335
Black,16966,270,184,105,613,270,259,262,341,327,331
Black,17078,259,177,100,549,259,249,249,342,329,329
Black,17190,228,152,89,481,228,214,222,343,322,334
Black,17300,239,163,93,506,239,229,232,341,327,331
Black,17412,251,175,97,534,251,246,242,340,333,327
Black,17523,263,183,103,566,263,257,257,338,331,331
Black,17634,287,213,117,643,287,300,292,327,341,332
Black,17747,294,239,128,698,294,336,319,310,354,336
Black,17859,302,225,123,677,302,317,307,326,342,332
Black,17970,289,203,112,625,289,286,279,338,335,327
Black,18083,250,162,94,515,250,228,234,351,320,329
Black,18193,287,201,110,612,287,283,274,340,335,325
Black,18305,272,239,123,671,272,336,307,297,367,336
Black,18418,306,254,134,737,306,357,334,307,358,335
Black,18529,277,189,107,590,277,266,267,342,328,330
Black,18641,279,196,108,604,279,276,269,339,335,326
Black,18753,289,212,114,641,289,298,284,332,342,326
Black,18865,161,110,66,337,161,155,165,335,322,343
Black,18976,269,191,129,588,269,269,322,313,313,374
Black,19088,293,222,119,669,293,312,297,325,346,329
Black,19200,292,210,115,649,292,295,287,334,338,328
Black,19312,294,250,131,719,294,352,327,302,362,336
Black,19424,302,266,139,748,302,374,347,295,366,339
Black,19536,261,175,102,548,261,246,254,343,323,334
Black,19647,251,172,97,528,251,242,242,341,329,329
Black,19759,301,231,126,683,301,325,314,320,346,334
Black,19871,277,200,110,603,277,281,274,333,338,329
Black,19982,230,152,89,473,230,214,222,345,321,333
Grey,53,1931,1472,809,4416,1931,2071,2017,321,344,335
Grey,180,1971,1519,834,4542,1971,2137,2079,319,345,336
Grey,295,2068,1672,906,4905,2068,2353,2259,310,352,338
Grey,411,2034,1584,864,4713,2034,2229,2154,317,347,336
Grey,525,1664,1155,662,3623,1664,1625,1650,337,329,334
Grey,640,2008,1574,857,4670,2008,2215,2137,316,348,336
Grey,756,2151,1632,892,4902,2151,2296,2224,322,344,333
Grey,870,1604,1122,638,3478,1604,1579,1591,336,331,333
Grey,986,1774,1252,705,3848,1774,1762,1758,335,333,332
Grey,1101,2303,1768,970,5331,2303,2488,2418,319,345,335
Grey,1216,1851,1403,778,4245,1851,1974,1940,321,342,337
Grey,1333,2149,1841,982,5272,2149,2590,2448,299,360,341
Grey,1449,1820,1410,770,4199,1820,1984,1920,318,347,335
Grey,1566,2008,1698,906,4910,2008,2389,2259,302,359,339
Grey,1681,1590,1616,847,4335,1590,2274,2112,266,381,353
Grey,1797,1457,1496,786,4003,1457,2105,1959,264,381,355
Grey,1914,1795,1683,886,4671,1795,2368,2209,282,372,347
Grey,2029,1805,1654,873,4638,1805,2327,2176,286,369,345
Grey,2146,1618,1558,823,4301,1618,2192,2052,276,374,350
Grey,2262,1325,1361,727,3687,1325,1915,1812,262,379,359
Grey,2378,1818,1604,853,4564,1818,2257,2127,293,364,343
Grey,2494,1377,978,563,3017,1377,1376,1404,331,331,338
Grey,2609,1751,1300,720,3947,1751,1829,1795,326,340,334
Grey,2726,1828,1358,752,4118,1828,1911,1875,326,340,334
Grey,2841,1773,1293,723,3947,1773,1819,1802,329,337,334
Grey,2957,1794,1326,734,4026,1794,1866,1830,327,340,333
Grey,3074,1890,1434,784,4311,1890,2018,1955,322,344,333
Grey,3190,1953,1518,826,4525,1953,2136,2059,318,347,335
Grey,3306,1921,1488,810,4446,1921,2094,2019,318,347,335
Grey,3422,1582,1116,634,3458,1582,1570,1581,334,332,334
Grey,3538,1746,1265,705,3874,1746,1780,1758,330,337,333
Grey,3655,1641,1162,657,3594,1641,1635,1638,334,333,333
Grey,3770,1883,1398,771,4240,1883,1967,1922,326,341,333
Grey,3887,2000,1547,842,4620,2000,2177,2099,319,347,334
Grey,4003,1670,1196,671,3682,1670,1683,1673,332,335,333
Grey,4118,1256,864,497,2703,1256,1216,1239,338,328,334
Grey,4234,1485,1042,591,3237,1485,1466,1473,336,331,333
Grey,4350,1956,1550,838,4589,1956,2181,2089,314,350,336
Grey,4467,1728,1270,704,3865,1728,1787,1755,328,339,333
Grey,4582,1376,981,554,3020,1376,1380,1381,333,334,334
Grey,4697,1904,1494,810,4418,1904,2102,2019,316,349,335
Grey,4814,1905,1669,884,4745,1905,2348,2204,295,364,341
Grey,4929,1698,1287,709,3873,1698,1811,1768,322,343,335
Grey,5046,1828,1427,780,4242,1828,2008,1945,316,347,336
Grey,5162,1885,1499,812,4426,1885,2109,2024,313,350,336
Grey,5278,1775,1346,738,4048,1775,1894,1840,322,344,334
Grey,5394,1447,1095,615,3288,1447,1541,1533,320,341,339
Grey,5510,2002,1661,898,4847,2002,2337,2239,304,355,340
Grey,5627,1925,1602,860,4654,1925,2254,2144,304,356,339
Grey,5742,1858,1469,799,4352,1858,2067,1992,314,349,337
Grey,5858,1701,1284,708,3867,1701,1807,1765,323,343,335
Grey,5975,1760,1361,747,4068,1760,1915,1862,318,346,336
Grey,6091,1762,1374,756,4105,1762,1933,1885,316,346,338
Grey,6207,1863,1647,880,4693,1863,2317,2194,292,364,344
Grey,6323,1893,1596,856,4614,1893,2246,2134,302,358,340
Grey,6439,1802,1440,782,4239,1802,2026,1950,312,351,337
Grey,6556,1880,1617,865,4642,1880,2275,2156,298,360,342
Grey,6671,1727,1698,900,4691,1727,2389,2244,272,376,353
Grey,6788,2050,1695,909,4935,2050,2385,2266,306,356,338
Grey,6904,1987,1737,923,4933,1987,2444,2301,295,363,342
Grey,7019,1391,1435,789,3881,1391,2019,1967,259,375,366
Grey,7136,1956,1585,860,4691,1956,2230,2144,309,352,339
Grey,7252,1920,1610,864,4672,1920,2265,2154,303,357,340
Grey,7369,1605,1613,857,4391,1605,2269,2137,267,377,356
Grey,7484,1982,1601,864,5157,1982,2253,2154,310,353,337
Grey,7600,1970,1622,875,4728,1970,2282,2181,306,355,339
Grey,7717,1985,1773,939,4997,1985,2495,2341,291,366,343
Grey,7832,1960,1561,851,4623,1960,2196,2122,312,350,338
Grey,7949,1844,1520,849,4219,1844,2139,2117,302,351,347
Grey,8065,2274,2002,1072,5721,2274,2817,2672,293,363,344
Grey,8182,2113,1777,956,5156,2113,2500,2383,302,357,341
Grey,8298,2078,1646,898,4894,2078,2316,2239,313,349,338
Grey,8414,1917,1822,967,5068,1917,2564,2411,278,372,350
Grey,8531,1884,1620,867,4664,1884,2279,2161,298,360,342
Grey,8647,1694,1695,896,4584,1694,2385,2234,268,378,354
Grey,8762,1681,1658,883,4556,1681,2333,2201,270,375,354
Grey,8879,1893,1482,812,4423,1893,2085,2024,315,347,337
Grey,8995,2114,1639,901,4930,2114,2306,2246,317,346,337
Grey,9111,2496,1944,1066,5819,2496,2735,2658,316,347,337
Grey,9228,2504,2050,1108,6015,2504,2884,2762,307,354,339
Grey,9345,1939,1533,843,4571,1939,2157,2102,313,348,339
Grey,9462,2612,2018,1111,6093,2612,2839,2770,318,345,337
Grey,9578,2743,2114,1170,6400,2743,2974,2917,318,344,338
Grey,9696,2827,2214,1223,6609,2827,3115,3049,314,346,339
Grey,9813,2679,2037,1129,6144,2679,2866,2815,320,343,337
Grey,9930,1329,977,552,2985,1329,1375,1376,326,337,337
Grey,10045,1498,1147,634,3450,1498,1614,1581,319,344,337
Grey,10162,1952,1536,841,4588,1952,2161,2097,314,348,338
Grey,10280,2368,1797,987,5379,2368,2528,2461,322,344,335
Grey,10397,1765,1267,713,3900,1765,1783,1778,331,335,334
Grey,10513,1872,1479,809,4410,1872,2081,2017,314,349,338
Grey,10631,2016,1878,1009,5258,2016,2642,2515,281,368,351
Grey,10749,1906,1531,833,4539,1906,2154,2077,311,351,338
Grey,10867,1487,1125,624,3393,1487,1583,1556,321,342,336
Grey,10983,1949,1565,850,4631,1949,2202,2119,311,351,338
Grey,11101,1987,1622,878,4774,1987,2282,2189,308,353,339
Grey,11218,1504,1115,625,3398,1504,1569,1558,325,339,336
Grey,11335,2006,1655,892,4832,2006,2329,2224,306,355,339
Grey,11452,1954,1597,863,4688,1954,2247,2151,308,354,339
Grey,11569,1964,1685,906,4841,1964,2371,2259,298,360,343
Grey,11687,1721,1764,931,4720,1721,2482,2321,264,380,356
Grey,11804,1901,1696,903,4796,1901,2386,2251,291,365,344
Grey,11920,1864,1672,893,4724,1864,2353,2226,289,365,345
Grey,12038,1885,1758,936,4932,1885,2474,2333,282,370,349
Grey,12155,2067,1825,978,5225,2067,2568,2438,292,363,345
Grey,12273,2000,1648,889,4815,2000,2319,2216,306,355,339
Grey,12389,1814,1706,913,4791,1814,2400,2276,280,370,351
Grey,12507,1925,1758,940,4992,1925,2474,2343,286,367,348
Grey,12624,1719,1391,758,4101,1719,1957,1890,309,352,340
Grey,12741,1807,1586,852,4545,1807,2232,2124,293,362,345
Grey,12858,1923,1736,931,4953,1923,2443,2321,288,365,347
Grey,12975,1710,1390,758,4095,1710,1956,1890,308,352,340
Grey,13093,1808,1558,841,4501,1808,2192,2097,297,360,344
Grey,13209,1938,1662,899,4835,1938,2338,2241,297,359,344
Grey,13326,1738,1424,776,4190,1738,2004,1935,306,353,341
Grey,13444,1840,1602,863,4620,1840,2254,2151,295,361,344
Grey,13561,1925,1826,986,5106,1925,2569,2458,277,370,354
Grey,13678,1709,1378,753,4079,1709,1939,1877,309,351,340
Grey,13795,1880,1747,936,4934,1880,2458,2333,282,368,350
Grey,13913,1911,1750,939,4969,1911,2462,2341,285,367,349
Grey,14030,1797,1549,837,4478,1797,2179,2087,296,359,344
Grey,14146,1726,1434,781,4192,1726,2018,1947,303,355,342
Grey,14264,1755,1451,787,4257,1755,2042,1962,305,355,341
Grey,14381,1832,1646,882,4689,1832,2316,2199,289,365,346
Grey,14499,1831,1650,883,4696,1831,2322,2201,288,365,346
Grey,14615,1782,1638,876,4620,1782,2305,2184,284,368,348
Grey,14732,1781,1646,879,4632,1781,2316,2191,283,368,348
Grey,14850,1770,1641,874,4606,1770,2309,2179,283,369,348
Grey,14967,1810,1504,812,4396,1810,2116,2024,304,356,340
Grey,15084,1593,1229,676,3695,1593,1729,1685,318,345,337
Grey,15201,1546,1190,656,3582,1546,1674,1635,318,345,337
Grey,15319,1721,1394,759,4108,1721,1961,1892,309,352,339
Grey,15436,1814,1598,855,4561,1814,2248,2132,293,363,344
Grey,15552,1810,1578,847,4521,1810,2220,2112,295,361,344
Grey,15670,1747,1422,773,4177,1747,2001,1927,308,353,340
Grey,15787,1747,1430,777,4029,1747,2012,1937,307,353,340
Grey,15905,1795,1617,865,4576,1795,2275,2156,288,365,346
Grey,16021,1724,1629,866,4531,1724,2292,2159,279,371,350
Grey,16138,1809,1553,836,4475,1809,2185,2084,298,359,343
Grey,16256,1759,1451,786,4240,1759,2042,1959,305,355,340
Grey,16373,1805,1541,830,4450,1805,2168,2069,299,359,342
Grey,16490,1778,1625,868,4578,1778,2286,2164,285,367,347
Grey,16607,1814,1593,855,4556,1814,2241,2132,293,362,345
Grey,16725,1760,1430,778,4202,1760,2012,1940,308,352,340
Grey,16842,1797,1620,866,4587,1797,2279,2159,288,366,346
Grey,16958,1720,1624,863,4516,1720,2285,2151,279,371,349
Grey,17076,1807,1405,766,4455,1807,1977,1910,317,347,335
Grey,17193,1737,1410,768,4151,1737,1984,1915,308,352,340
Grey,17311,1794,1619,866,4582,1794,2278,2159,288,366,346
Grey,17427,1742,1628,866,4550,1742,2291,2159,281,370,349
Grey,17544,1733,1388,757,4106,1733,1953,1887,311,350,339
Grey,17662,1731,1402,764,4135,1731,1973,1905,309,352,340
Grey,17779,1715,1378,751,4070,1715,1939,1872,310,351,339
Grey,17896,1801,1503,811,4368,1801,2115,2022,303,356,341
Grey,18013,1744,1346,747,4054,1744,1894,1862,317,344,339
Grey,18131,1293,944,536,2903,1293,1328,1336,327,336,338
Grey,18247,1687,1319,724,3932,1687,1856,1805,315,347,338
Grey,18363,1803,1631,868,4599,1803,2295,2164,288,366,346
Grey,18481,1574,1218,675,3651,1574,1714,1683,317,345,339
Grey,18598,1826,1564,841,4501,1826,2201,2097,298,359,342
Grey,18716,1795,1638,872,4604,1795,2305,2174,286,367,347
Grey,18832,1711,1385,755,4075,1711,1949,1882,309,352,340
Grey,18949,1545,1188,656,3563,1545,1672,1635,318,345,337
Grey,19067,1586,1222,675,3667,1586,1719,1683,318,345,337
Grey,19184,1679,1347,736,3977,1679,1895,1835,310,350,339
Grey,19301,1791,1533,825,4419,1791,2157,2057,298,359,343
Grey,19418,1760,1438,780,4216,1760,2023,1945,307,353,340
Grey,19535,1579,1207,666,3627,1579,1698,1660,320,344,336
Grey,19653,1602,1250,689,3731,1602,1759,1718,315,346,338
Grey,19769,1788,1618,863,4580,1788,2277,2151,288,366,346
Grey,19887,1783,1513,815,4382,1783,2129,2032,300,358,342
White,55,2495,1846,1042,5544,2495,2597,2598,324,338,338
White,185,3030,2273,1275,6818,3030,3198,3179,322,340,338
White,302,2904,2170,1219,6509,2904,3053,3039,323,339,338
White,419,3202,2411,1350,7226,3202,3392,3366,321,341,338
White,537,3469,2635,1466,7875,3469,3707,3655,320,342,337
White,654,3301,2488,1390,7456,3301,3501,3465,322,341,337
White,771,3177,2384,1334,7152,3177,3354,3326,322,340,337
White,888,4110,3180,1749,9437,4110,4474,4360,318,346,337
White,1005,4542,3565,1946,10525,4542,5016,4851,315,348,337
White,1125,4771,3770,2048,11103,4771,5304,5106,314,349,336
White,1243,5015,3992,2160,11733,5015,5617,5385,313,351,336
White,1363,5091,4058,2192,11924,5091,5710,5465,313,351,336
White,1482,5179,4150,2235,12159,5179,5839,5572,312,352,336
White,1602,5142,4117,2218,12065,5142,5793,5529,312,352,336
White,1721,4375,3356,1841,10001,4375,4722,4590,320,345,335
White,1839,5316,4231,2276,12429,5316,5953,5674,314,351,335
White,1959,5888,4896,2574,14155,5888,6889,6417,307,359,334
White,2078,5895,4944,2582,14243,5895,6956,6437,306,361,334
White,2198,5879,4956,2578,14256,5879,6973,6427,305,362,333
White,2317,5879,4963,2576,14273,5879,6983,6422,305,362,333
White,2436,5568,4787,2448,13644,5568,6735,6103,303,366,332
White,2555,5719,4871,2531,13942,5719,6853,6310,303,363,334
White,2675,5191,4188,2240,12231,5191,5893,5584,311,354,335
White,2794,4071,3258,1613,9469,4071,4584,4021,321,362,317
White,2912,5402,4330,2325,12704,5402,6092,5796,312,352,335
White,3031,5754,4708,2491,13699,5754,6624,6210,310,356,334
White,3150,5890,4846,2543,14064,5890,6818,6340,309,358,333
White,3270,5682,4869,2492,13877,5682,6851,6213,303,365,331
White,3389,5170,4452,2252,12646,5170,6264,5614,303,367,329
White,3509,5384,4649,2370,13212,5384,6541,5908,302,367,331
White,3627,5344,4607,2347,13093,5344,6482,5851,302,367,331
White,3747,5866,4815,2526,13984,5866,6775,6297,310,358,333
White,3866,5864,4957,2558,14227,5864,6974,6377,305,363,332
White,3985,4987,4222,2109,12018,4987,5940,5258,308,367,325
White,4104,4755,3940,1945,11283,4755,5544,4849,314,366,320
White,4223,4970,4221,2113,12008,4970,5939,5268,307,367,326
White,4343,5762,4887,2528,13997,5762,6876,6302,304,363,333
White,4462,5676,4859,2494,13851,5676,6837,6218,303,365,332
White,4582,5081,3991,2156,11811,5081,5615,5375,316,349,334
White,4700,5619,4616,2444,12530,5619,6495,6093,309,357,335
White,4820,5706,4827,2520,13857,5706,6792,6282,304,362,335
White,4939,5722,4696,2480,13653,5722,6607,6183,309,357,334
White,5058,5749,4767,2509,13799,5749,6707,6255,307,358,334
White,5178,5632,4819,2494,13756,5632,6780,6218,302,364,334
White,5296,5464,4720,2423,13418,5464,6641,6041,301,366,333
White,5416,5117,4414,2232,12513,5117,6210,5564,303,368,329
White,5535,5326,4259,2279,12505,5326,5992,5682,313,352,334
White,5655,4403,3353,1843,10051,4403,4718,4595,321,344,335
White,5774,5373,4312,2306,12648,5373,6067,5749,313,353,334
White,5893,5677,4732,2486,13665,5677,6658,6198,306,359,334
White,6012,5679,4823,2505,13807,5679,6786,6245,304,363,334
White,6131,5588,4793,2466,13655,5588,6744,6148,302,365,333
White,6251,5666,4804,2492,13761,5666,6759,6213,304,363,333
White,6370,5634,4606,2438,13405,5634,6481,6078,310,356,334
White,6489,5546,4538,2405,13209,5546,6385,5996,309,356,334
White,6608,5576,4593,2431,13343,5576,6462,6060,308,357,335
White,6728,4608,3538,1934,10567,4608,4978,4821,320,346,335
White,6847,5350,4284,2292,12577,5350,6028,5714,313,353,334
White,6967,5669,4723,2479,13637,5669,6645,6180,307,359,334
White,7085,5688,4693,2470,13607,5688,6603,6158,308,358,334
White,7204,5629,4728,2473,13610,5629,6652,6165,305,361,334
White,7324,5508,4470,2378,13057,5508,6289,5928,311,355,334
White,7443,5513,4488,2384,13093,5513,6315,5943,310,355,334
White,7563,5618,4770,2478,13668,5618,6711,6178,304,363,334
White,7681,5627,4740,2473,13625,5627,6669,6165,305,361,334
White,7801,5327,4595,2349,13061,5327,6465,5856,302,366,332
White,7920,5516,4719,2427,13468,5516,6640,6051,303,365,332
White,8040,5099,4378,2205,12422,5099,6160,5497,304,368,328
White,8159,5842,4914,2549,14130,5842,6914,6355,306,362,333
White,8277,5689,4872,2489,13887,5689,6855,6205,303,366,331
White,8397,5081,4287,2134,12210,5081,6032,5320,309,367,324
White,8516,5304,4528,2275,12867,5304,6371,5672,306,367,327
White,8636,5766,4925,2550,14079,5766,6929,6357,303,364,334
White,8754,5254,4519,2286,12847,5254,6358,5699,304,367,329
White,8874,5484,4708,2384,13391,5484,6624,5943,304,367,329
White,8993,5327,4546,2282,12944,5327,6396,5689,306,367,327
White,9113,5229,4447,2224,12662,5229,6257,5544,307,367,326
White,9232,5389,4610,2316,13125,5389,6486,5774,305,367,327
White,9350,5378,4608,2316,13117,5378,6483,5774,305,368,327
White,9470,5116,4334,2161,12360,5116,6098,5387,308,367,324
White,9589,4841,3997,1971,11495,4841,5624,4914,315,366,320
White,9709,5311,4539,2281,12918,5311,6386,5687,306,367,327
White,9828,5358,4617,2339,13112,5358,6496,5831,303,367,330
White,9947,4996,4265,2141,12122,4996,6001,5338,306,367,327
White,10066,5333,4572,2305,12995,5333,6433,5746,305,367,328
White,10187,5258,4478,2244,12750,5258,6301,5594,307,367,326
White,10307,5378,4614,2319,13130,5378,6492,5781,305,368,328
White,10427,5473,4703,2377,13370,5473,6617,5926,304,367,329
White,10547,5861,4868,2552,14089,5861,6849,6362,307,359,334
White,10667,5582,4495,2394,13172,5582,6324,5968,312,354,334
White,10788,5575,4491,2392,13165,5575,6319,5963,312,354,334
White,10908,5821,4923,2553,14125,5821,6927,6365,305,362,333
White,11029,5779,4940,2541,14101,5779,6951,6335,303,365,332
White,11149,5838,4977,2561,14238,5838,7003,6385,304,364,332
White,11269,5877,4913,2565,14191,5877,6913,6395,306,360,333
White,11389,5839,4845,2543,14037,5839,6817,6340,307,359,334
White,11510,5854,4883,2554,14104,5854,6870,6367,307,360,334
White,11630,5561,4510,2399,13176,5561,6346,5981,311,355,334
White,11751,5687,4622,2451,13496,5687,6503,6110,311,355,334
White,11871,5521,4416,2360,12989,5521,6213,5883,313,353,334
White,11991,5636,4559,2426,13353,5636,6415,6048,311,354,334
White,12111,5317,4223,2266,12448,5317,5942,5649,314,351,334
White,12231,5020,3945,2136,11683,5020,5551,5325,316,349,335
White,12352,5264,4165,2241,12304,5264,5860,5587,315,351,334
White,12472,5535,4439,2370,13052,5535,6246,5908,313,353,334
White,12592,5220,4114,2214,12177,5220,5788,5520,316,350,334
White,12712,5321,4223,2267,12463,5321,5942,5652,315,351,334
White,12833,5464,4391,2344,12885,5464,6178,5844,312,353,334
White,12953,5708,4741,2493,13719,5708,6671,6215,307,359,334
White,13074,5613,4570,2426,13343,5613,6430,6048,310,355,334
White,13194,5332,4247,2277,12508,5332,5976,5677,314,352,334
White,13314,5028,3930,2129,11673,5028,5530,5308,317,349,335
White,13434,4943,3848,2085,11447,4943,5414,5198,318,348,334
White,13555,4908,3814,2070,11355,4908,5366,5161,318,348,334
White,13675,4899,3816,2070,11350,4899,5369,5161,318,348,334
White,13795,4484,3448,1887,10305,4484,4851,4704,319,346,335
White,13915,4440,3407,1870,10196,4440,4794,4662,320,345,335
White,14035,4568,3522,1924,10517,4568,4955,4797,319,346,335
White,14156,4741,3677,2001,10957,4741,5174,4988,318,347,335
White,14276,5112,4041,2180,11946,5112,5686,5435,315,350,335
White,14397,5611,4552,2422,13317,5611,6405,6038,311,355,334
White,14517,5877,4913,2574,14202,5877,6913,6417,306,360,334
White,14637,5879,5019,2597,14368,5879,7062,6474,303,364,333
White,14757,5699,4655,2466,13580,5699,6550,6148,310,356,334
White,14878,4969,3879,2101,11529,4969,5458,5238,317,348,334
White,14998,4930,3845,2085,11433,4930,5410,5198,317,348,335
White,15119,5768,4768,2514,13832,5768,6709,6267,308,358,334
White,15238,5898,4994,2601,14342,5898,7027,6484,304,362,334
White,15358,5637,4861,2473,13805,5637,6839,6165,302,367,331
White,15479,5806,4991,2564,14225,5806,7022,6392,302,365,333
White,15599,5800,4796,2530,13918,5800,6748,6307,308,358,335
White,15720,5020,3940,2132,11687,5020,5544,5315,316,349,335
White,15840,4801,3727,2026,11109,4801,5244,5051,318,347,335
White,15960,5541,4480,2390,13130,5541,6303,5958,311,354,335
White,16080,5835,4849,2551,14049,5835,6823,6360,307,359,334
White,16201,5819,5010,2574,14281,5819,7049,6417,302,366,333
White,16321,5736,4952,2525,14086,5736,6967,6295,302,367,331
White,16442,5891,4935,2586,14250,5891,6944,6447,306,360,334
White,16561,5304,4220,2269,12448,5304,5938,5657,314,351,335
White,16681,4830,3760,2044,11191,4830,5290,5096,317,348,335
White,16802,5241,4162,2240,12289,5241,5856,5584,314,351,335
White,16922,5893,4934,2587,14251,5893,6942,6449,306,360,334
White,17043,5867,5040,2591,14380,5867,7091,6459,302,365,333
White,17163,5302,4511,2256,12833,5302,6347,5624,307,367,326
White,17283,5729,4942,2519,14058,5729,6953,6280,302,367,331
White,17403,5745,4721,2498,13738,5745,6642,6228,309,357,335
White,17524,5346,4268,2290,12569,5346,6005,5709,313,352,335
White,17644,5726,4712,2494,13709,5726,6630,6218,308,357,335
White,17765,5923,5018,2611,14415,5923,7060,6509,304,362,334
White,17884,5733,4947,2518,14069,5733,6960,6277,302,367,331
White,18005,5184,4360,2165,12451,5184,6135,5397,310,367,323
White,18125,4982,4087,2008,11771,4982,5750,5006,317,365,318
White,18245,5015,4136,2034,11887,5015,5819,5071,315,366,319
White,18366,5906,4975,2594,14329,5906,7000,6467,305,361,334
White,18486,5676,4645,2464,13543,5676,6536,6143,309,356,335
White,18606,5554,4507,2404,13193,5554,6341,5993,310,354,335
White,18726,5849,4975,2587,14263,5849,7000,6449,303,363,334
White,18847,5826,5015,2576,14295,5826,7056,6422,302,366,333
White,18967,5795,4995,2557,14226,5795,7028,6375,302,366,332
White,19088,4853,3902,1895,11297,4853,5490,4724,322,364,314
White,19207,5463,4679,2351,13313,5463,6583,5861,305,368,327
White,19328,5888,5035,2599,14398,5888,7084,6479,303,364,333
White,19448,5719,4697,2488,13675,5719,6609,6203,309,357,335
White,19569,5628,4601,2445,13425,5628,6474,6095,309,356,335
White,19689,5860,4923,2580,14194,5860,6927,6432,305,360,335
White,19810,5558,4776,2411,13584,5558,6720,6011,304,367,329
White,19929,4575,3498,1670,10291,4575,4922,4163,335,360,305
Red,54,626,187,166,887,626,263,414,480,202,318
Red,171,700,192,169,975,700,270,421,503,194,303
Red,279,655,192,170,929,655,270,424,486,200,314
Red,388,661,193,171,934,661,272,426,486,200,313
Red,496,1095,271,214,1503,1095,381,534,545,190,266
Red,608,1202,301,232,1661,1202,424,578,545,192,262
Red,719,1043,255,205,1420,1043,359,511,545,188,267
Red,829,946,238,195,1295,946,335,486,535,190,275
Red,939,1030,252,199,1407,1030,355,496,548,189,264
Red,1049,1180,295,223,1629,1180,415,556,549,193,258
Red,1161,1165,294,222,1611,1165,414,553,546,194,259
Red,1273,1222,309,231,1696,1222,435,576,547,195,258
Red,1385,1191,298,225,1658,1191,419,561,549,193,258
Red,1497,1148,292,222,1594,1148,411,553,544,195,262
Red,1608,1104,271,207,1517,1104,381,516,552,190,258
Red,1721,1220,309,231,1699,1220,435,576,547,195,258
Red,1833,1292,342,248,1821,1292,481,618,540,201,258
Red,1944,1287,337,244,1800,1287,474,608,543,200,257
Red,2057,1313,368,266,1887,1313,518,663,526,208,266
Red,2169,1308,375,268,1894,1308,528,668,522,211,267
Red,2280,1195,299,224,1652,1195,421,558,550,194,257
Red,2393,879,217,173,1204,879,305,431,544,189,267
Red,2502,794,201,164,1086,794,283,409,534,190,275
Red,2612,836,211,170,1148,836,297,424,537,191,272
Red,2723,846,204,166,1145,846,287,414,547,186,268
Red,2832,889,213,172,1204,889,300,429,549,185,265
Red,2942,818,202,164,1116,818,284,409,541,188,271
Red,3052,1053,271,209,1471,1053,381,521,539,195,266
Red,3164,1045,264,202,1450,1045,371,504,544,193,263
Red,3275,982,247,192,1354,982,348,479,543,192,265
Red,3386,1055,272,208,1466,1055,383,519,539,196,265
Red,3498,1098,272,207,1506,1098,383,516,550,192,258
Red,3609,1125,280,212,1546,1125,394,529,549,192,258
Red,3722,1290,342,250,1771,1290,481,623,539,201,260
Red,3834,1373,384,274,1961,1373,540,683,529,208,263
Red,3945,1336,360,259,1882,1336,507,646,537,204,260
Red,4058,1361,377,268,1935,1361,530,668,532,207,261
Red,4169,1334,363,263,1889,1334,511,656,533,204,262
Red,4281,1057,267,206,1461,1057,376,514,543,193,264
Red,4394,1091,275,211,1512,1091,387,526,544,193,262
Red,4505,1322,362,257,1868,1322,509,641,535,206,259
Red,4617,1337,360,257,1885,1337,507,641,538,204,258
Red,4730,1354,375,267,1936,1354,528,666,531,207,261
Red,4841,1309,388,270,1898,1309,546,673,518,216,266
Red,4953,1339,385,270,1924,1339,542,673,524,212,264
Red,5065,1296,389,270,1883,1296,547,673,515,217,267
Red,5177,1357,375,267,1932,1357,528,666,532,207,261
Red,5289,1191,294,223,1639,1191,414,556,551,192,257
Red,5401,1136,277,212,1557,1136,390,529,553,190,257
Red,5513,1134,277,212,1558,1134,390,529,552,190,258
Red,5625,1252,316,235,1735,1252,445,586,548,195,257
Red,5737,1349,367,263,1911,1349,516,656,535,205,260
Red,5849,1266,383,268,1837,1266,539,668,512,218,270
Red,5960,1207,378,264,1764,1207,532,658,504,222,275
Red,6073,1187,376,262,1739,1187,529,653,501,223,276
Red,6185,1284,382,268,1857,1284,537,668,516,216,268
Red,6296,1282,327,242,1782,1282,460,603,547,196,257
Red,6409,1082,260,201,1475,1082,366,501,555,188,257
Red,6521,1055,256,199,1447,1055,360,496,552,188,260
Red,6632,1188,293,221,1642,1188,412,551,552,192,256
Red,6745,1318,352,254,1867,1318,495,633,539,202,259
Red,6856,1335,382,269,1916,1335,537,671,525,211,264
Red,6968,1239,388,269,1821,1239,546,671,504,222,273
Red,7081,1248,386,268,1826,1248,543,668,508,221,272
Red,7192,1286,335,245,1803,1286,471,611,543,199,258
Red,7304,1146,294,222,1600,1146,414,553,542,196,262
Red,7417,1216,313,231,1691,1216,440,576,545,197,258
Red,7528,1154,291,218,1595,1154,409,543,548,194,258
Red,7640,1281,337,245,1719,1281,474,611,541,200,258
Red,7752,1336,369,263,1898,1336,519,656,532,207,261
Red,7864,1357,383,274,1956,1357,539,683,526,209,265
Red,7976,1333,406,286,1956,1333,571,713,509,218,272
Red,8088,1297,403,282,1905,1297,567,703,505,221,274
Red,8200,1321,354,255,1872,1321,498,636,538,203,259
Red,8312,1115,274,209,1539,1115,386,521,551,191,258
Red,8424,1110,274,209,1535,1110,386,521,550,191,258
Red,8536,1263,327,241,1776,1263,460,601,543,198,259
Red,8647,1335,365,261,1905,1335,514,651,534,206,260
Red,8760,1301,397,278,1912,1301,559,693,510,219,271
Red,8872,1270,391,272,1863,1270,550,678,508,220,271
Red,8983,1332,357,257,1882,1332,502,641,538,203,259
Red,9096,1243,315,233,1731,1243,443,581,548,195,256
Red,9208,1156,283,214,1590,1156,398,534,554,191,256
Red,9319,1143,279,213,1568,1143,393,531,553,190,257
Red,9432,1278,327,241,1780,1278,460,601,546,197,257
Red,9543,1336,355,257,1881,1336,499,641,540,202,259
Red,9655,1357,378,269,1936,1357,532,671,530,208,262
Red,9768,1356,383,271,1944,1356,539,676,527,210,263
Red,9879,1252,316,235,1737,1252,445,586,548,195,257
Red,9991,1125,275,210,1546,1125,387,524,553,190,257
Red,10104,1109,270,207,1522,1109,380,516,553,190,257
Red,10216,1195,297,224,1647,1195,418,558,550,193,257
Red,10329,1339,355,257,1884,1339,499,641,540,201,259
Red,10442,1362,370,265,1929,1362,521,661,535,205,260
Red,10555,1352,383,272,1939,1352,539,678,526,210,264
Red,10668,1337,351,254,1874,1337,494,633,543,200,257
Red,10781,1244,313,233,1723,1244,440,581,549,194,257
Red,10894,1019,246,192,1391,1019,346,479,553,188,260
Red,11007,1082,263,203,1483,1082,370,506,553,189,258
Red,11120,1256,319,237,1745,1256,449,591,547,196,257
Red,11233,1300,338,248,1819,1300,476,618,543,199,258
Red,11346,1337,358,259,1887,1337,504,646,538,203,260
Red,11459,1319,387,273,1903,1319,545,681,518,214,268
Red,11572,1296,390,275,1880,1296,549,686,512,217,271
Red,11685,1304,390,275,1890,1304,549,686,514,216,270
Red,11798,1302,390,275,1887,1302,549,686,513,216,270
Red,11911,1298,339,248,1815,1298,477,618,542,199,258
Red,12025,1237,312,232,1713,1237,439,578,549,195,256
Red,12137,1276,328,240,1776,1276,461,598,546,197,256
Red,12250,1329,373,266,1893,1329,525,663,528,209,263
Red,12363,1321,380,269,1893,1321,535,671,523,212,266
Red,12476,1291,380,267,1860,1291,535,666,518,215,267
Red,12589,1283,380,265,1851,1283,535,661,518,216,267
Red,12702,1326,371,263,1889,1326,522,656,530,208,262
Red,12815,1297,337,244,1810,1297,474,608,545,199,256
Red,12928,1272,323,237,1769,1272,454,591,549,196,255
Red,13041,1262,318,234,1747,1262,447,583,551,195,254
Red,13154,1280,327,241,1780,1280,460,601,547,196,257
Red,13267,1311,369,261,1865,1311,519,651,528,209,262
Red,13380,1314,370,262,1870,1314,521,653,528,209,262
Red,13493,1309,372,261,1866,1309,523,651,527,211,262
Red,13606,1296,370,259,1853,1296,521,646,526,212,262
Red,13719,1329,367,261,1883,1329,516,651,532,207,261
Red,13832,1206,296,222,1657,1206,416,553,554,191,254
Red,13946,1229,305,228,1693,1229,429,568,552,193,255
Red,14058,1300,332,246,1814,1300,467,613,546,196,258
Red,14171,1335,353,258,1881,1335,497,643,539,201,260
Red,14285,1348,371,267,1918,1348,522,666,532,206,263
Red,14397,1310,387,275,1896,1310,545,686,516,214,270
Red,14510,1350,367,265,1914,1350,516,661,534,204,262
Red,14623,1280,320,239,1774,1280,450,596,550,193,256
Red,14736,1255,309,232,1733,1255,435,578,553,192,255
Red,14849,1211,295,224,1666,1211,415,558,554,190,255
Red,14962,1305,331,246,1716,1305,466,613,547,195,257
Red,15075,1357,354,255,1898,1357,498,636,545,200,255
Red,15188,1378,367,262,1936,1378,516,653,541,203,256
Red,15301,1377,381,269,1956,1377,536,671,533,207,260
Red,15414,1380,383,270,1962,1380,539,673,532,208,260
Red,15527,1381,385,271,1965,1381,542,676,531,209,260
Red,15640,1380,385,271,1965,1380,542,676,531,209,260
Red,15753,1348,350,253,1883,1348,492,631,546,199,255
Red,15866,1290,325,241,1792,1290,457,601,549,195,256
Red,15979,1301,327,241,1804,1301,460,601,551,195,254
Red,16092,1316,332,244,1825,1316,467,608,550,195,254
Red,16206,1367,358,258,1913,1367,504,643,544,200,256
Red,16318,1402,385,273,1987,1402,542,681,534,206,259
Red,16431,1409,391,277,2005,1409,550,691,532,208,261
Red,16544,1412,394,279,2012,1412,554,696,530,208,261
Red,16657,1425,397,284,2039,1425,559,708,529,208,263
Red,16770,1353,353,259,1897,1353,497,646,542,199,259
Red,16883,1270,319,238,1757,1270,449,593,549,194,256
Red,16996,1205,300,227,1666,1205,422,566,549,192,258
Red,17109,1214,303,229,1680,1214,426,571,549,193,258
Red,17222,1269,321,240,1767,1269,452,598,547,195,258
Red,17335,1384,356,260,1936,1384,501,648,546,198,256
Red,17448,1403,374,269,1983,1403,526,671,540,202,258
Red,17561,1409,397,282,2019,1409,559,703,528,209,263
Red,17674,1406,390,279,2006,1406,549,696,530,207,263
Red,17787,1406,396,281,2013,1406,557,701,528,209,263
Red,17900,1399,396,284,2007,1399,557,708,525,209,266
Red,18013,1412,398,283,2024,1412,560,706,527,209,264
Red,18127,1415,395,282,2025,1415,556,703,529,208,263
Red,18239,1416,393,280,2024,1416,553,698,531,207,262
Red,18352,1417,386,275,2015,1417,543,686,536,205,259
Red,18466,1416,384,275,2013,1416,540,686,536,204,260
Red,18578,1328,344,254,1863,1328,484,633,543,198,259
Red,18691,1363,346,254,1899,1363,487,633,549,196,255
Red,18804,1326,325,240,1821,1326,457,598,557,192,251
Red,18917,1108,259,200,1502,1108,364,499,562,185,253
Red,19030,1123,269,207,1536,1123,378,516,557,187,256
Red,19143,1348,339,249,1869,1348,477,621,551,195,254
Red,19256,1373,350,255,1909,1373,492,636,549,197,254
Red,19369,1362,375,266,1928,1362,528,663,533,207,260
Red,19482,1334,378,266,1897,1334,532,663,527,210,262
Red,19595,1348,384,271,1925,1348,540,676,526,211,264
Red,19708,1180,292,220,1625,1180,411,548,552,192,256
Red,19821,1142,280,213,1567,1142,394,531,552,191,257
Red,19934,1112,269,205,1519,1112,378,511,556,189,255
Yellow,56,2144,1356,492,4114,2144,1908,1227,406,361,232
Yellow,187,3414,2218,740,6674,3414,3121,1845,407,372,220
Yellow,304,4430,2956,953,8789,4430,4159,2376,404,379,217
Yellow,422,5809,4112,1270,11907,5809,5786,3166,394,392,214
Yellow,540,5891,4188,1287,12097,5891,5893,3208,393,393,214
Yellow,659,5795,4057,1249,11812,5795,5708,3114,396,391,213
Yellow,779,5763,4012,1237,11715,5763,5645,3084,398,390,213
Yellow,898,5024,3384,1069,10034,5024,4761,2665,404,382,214
Yellow,1018,3865,2533,825,7599,3865,3564,2057,407,376,217
Yellow,1135,3600,2359,772,7078,3600,3319,1925,407,375,218
Yellow,1254,3270,2136,706,6410,3270,3005,1760,407,374,219
Yellow,1372,3060,1991,664,5982,3060,2801,1655,407,373,220
Yellow,1490,3678,2411,790,7233,3678,3392,1969,407,375,218
Yellow,1609,4760,3203,1016,9512,4760,4507,2533,403,382,215
Yellow,1727,5768,4087,1251,11839,5768,5750,3119,394,393,213
Yellow,1848,6040,4398,1324,12570,6040,6188,3301,389,398,213
Yellow,1968,5035,3466,1087,10176,5035,4877,2710,399,386,215
Yellow,2089,4482,3025,964,8965,4482,4256,2403,402,382,216
Yellow,2207,4255,2869,919,8499,4255,4037,2291,402,381,216
Yellow,2325,3978,2664,862,7925,3978,3748,2149,403,380,218
Yellow,2443,4733,3230,1024,9534,4733,4545,2553,400,384,216
Yellow,2562,6036,4428,1337,12617,6036,6230,3333,387,399,214
Yellow,2683,6029,4419,1339,12596,6029,6218,3338,387,399,214
Yellow,2803,5340,3726,1163,10884,5340,5242,2899,396,389,215
Yellow,2923,4655,3145,996,9322,4655,4425,2483,403,383,215
Yellow,3041,4093,2729,878,7980,4093,3840,2189,404,379,216
Yellow,3160,4453,2998,953,8895,4453,4218,2376,403,382,215
Yellow,3278,5522,3861,1192,11259,5522,5432,2972,397,390,213
Yellow,3398,6014,4335,1308,12455,6014,6099,3261,391,397,212
Yellow,3518,6129,4525,1341,12834,6129,6367,3343,387,402,211
Yellow,3639,6133,4522,1335,12831,6133,6362,3328,388,402,210
Yellow,3759,5572,3900,1200,11362,5572,5487,2992,397,391,213
Yellow,3879,3856,2549,822,7611,3856,3586,2049,406,378,216
Yellow,3998,3705,2438,790,7295,3705,3430,1969,407,377,216
Yellow,4115,4259,2845,909,8460,4259,4003,2266,405,380,215
Yellow,4234,5239,3598,1121,10574,5239,5062,2795,400,387,213
Yellow,4354,5774,4068,1245,11816,5774,5724,3104,395,392,213
Yellow,4475,5820,4103,1258,11912,5820,5773,3136,395,392,213
Yellow,4595,4112,2741,878,8160,4112,3857,2189,405,380,215
Yellow,4713,3494,2294,746,6868,3494,3228,1860,407,376,217
Yellow,4831,3694,2436,789,7283,3694,3427,1967,406,377,216
Yellow,4949,3295,2156,706,6896,3295,3033,1760,407,375,218
Yellow,5068,2751,1790,595,5371,2751,2519,1483,407,373,220
Yellow,5185,3238,2119,694,6355,3238,2981,1730,407,375,218
Yellow,5304,4479,3014,958,8937,4479,4241,2388,403,382,215
Yellow,5422,5362,3701,1147,10847,5362,5207,2859,399,388,213
Yellow,5543,6056,4345,1317,12510,6056,6113,3283,392,396,212
Yellow,5663,6213,4549,1352,12962,6213,6400,3371,389,400,211
Yellow,5783,6192,4585,1346,12988,6192,6451,3356,387,403,210
Yellow,5903,6242,4607,1361,13075,6242,6482,3393,387,402,211
Yellow,6024,6101,4407,1327,12647,6101,6201,3308,391,397,212
Yellow,6144,5825,4130,1262,11963,5825,5811,3146,394,393,213
Yellow,6264,5576,3911,1201,11381,5576,5503,2994,396,391,213
Yellow,6384,5350,3716,1148,10858,5350,5228,2862,398,389,213
Yellow,6504,4625,3125,986,9250,4625,4397,2458,403,383,214
Yellow,6623,4054,2710,866,8056,4054,3813,2159,404,380,215
Yellow,6741,4113,2755,880,8179,4113,3876,2194,404,381,215
Yellow,6860,3345,2199,717,6578,3345,3094,1787,407,376,217
Yellow,6977,2948,1922,634,5767,2948,2704,1581,408,374,219
Yellow,7096,3491,2296,745,6869,3491,3230,1857,407,377,216
Yellow,7214,3762,2490,802,7427,3762,3503,1999,406,378,216
Yellow,7332,4448,2993,950,8872,4448,4211,2368,403,382,215
Yellow,7450,4748,3202,1017,9496,4748,4505,2535,403,382,215
Yellow,7569,4916,3321,1046,9840,4916,4673,2608,403,383,214
Yellow,7689,5240,3592,1120,10568,5240,5054,2792,400,386,213
Yellow,7809,5484,3800,1175,11122,5484,5347,2929,399,389,213
Yellow,7930,5807,4078,1245,11862,5807,5738,3104,396,392,212
Yellow,8049,6006,4274,1294,12353,6006,6014,3226,394,394,212
Yellow,8170,6151,4416,1325,12711,6151,6213,3303,393,397,211
Yellow,8290,5907,4177,1274,12113,5907,5877,3176,395,393,212
Yellow,8410,5200,3571,1118,10498,5200,5024,2787,400,386,214
Yellow,8531,4952,3365,1061,9942,4952,4735,2645,402,384,214
Yellow,8650,4898,3324,1052,9827,4898,4677,2623,402,383,215
Yellow,8769,5046,3451,1086,10164,5046,4856,2707,400,385,215
Yellow,8889,4315,2898,930,8606,4315,4077,2318,403,381,216
Yellow,9008,3900,2594,831,7715,3900,3650,2072,405,379,215
Yellow,9126,4562,3079,978,8744,4562,4332,2438,403,382,215
Yellow,9244,4872,3311,1048,9782,4872,4659,2613,401,384,215
Yellow,9363,5344,3695,1151,10824,5344,5199,2869,398,388,214
Yellow,9483,5825,4105,1256,11921,5825,5776,3131,395,392,213
Yellow,9604,6195,4470,1343,12833,6195,6289,3348,391,397,211
Yellow,9724,6308,4612,1373,13164,6308,6489,3423,389,400,211
Yellow,9845,6110,4372,1327,12612,6110,6151,3308,392,395,212
Yellow,9964,5569,3882,1208,11336,5569,5462,3012,397,389,214
Yellow,10085,5289,3644,1142,10696,5289,5127,2847,399,387,215
Yellow,10206,5385,3721,1164,10910,5385,5235,2902,398,387,215
Yellow,10328,5571,3871,1208,11319,5571,5446,3012,397,388,215
Yellow,10449,5650,3934,1221,11489,5650,5535,3044,397,389,214
Yellow,10571,5944,4193,1284,12170,5944,5900,3201,395,392,213
Yellow,10691,5997,4240,1295,12294,5997,5966,3228,395,393,212
Yellow,10813,6141,4384,1327,12654,6141,6168,3308,393,395,212
Yellow,10934,6190,4429,1335,12768,6190,6232,3328,393,396,211
Yellow,11056,6329,4606,1370,13167,6329,6481,3415,390,399,210
Yellow,11177,6026,4461,1290,12625,6026,6277,3216,388,404,207
Yellow,11299,6022,4452,1288,12610,6022,6264,3211,389,404,207
Yellow,11419,6133,4548,1321,12868,6133,6399,3293,388,404,208
Yellow,11540,6344,4648,1379,13251,6344,6540,3438,389,401,211
Yellow,11662,5875,4146,1275,12035,5875,5833,3179,395,392,214
Yellow,11783,5711,4001,1240,11657,5711,5629,3091,396,390,214
Yellow,11905,5828,4107,1268,11932,5828,5779,3161,395,391,214
Yellow,12026,6209,4477,1352,12863,6209,6299,3371,391,397,212
Yellow,12148,6310,4600,1376,13142,6310,6472,3430,389,399,212
Yellow,12268,6315,4665,1372,13239,6315,6564,3420,387,403,210
Yellow,12390,6229,4619,1350,13080,6229,6499,3366,387,404,209
Yellow,12511,6052,4483,1302,12690,6052,6308,3246,388,404,208
Yellow,12633,6231,4618,1351,13081,6231,6498,3368,387,404,209
Yellow,12754,6336,4657,1377,13250,6336,6552,3433,388,401,210
Yellow,12876,6269,4542,1365,13022,6269,6391,3403,390,398,212
Yellow,12996,6057,4321,1318,12477,6057,6080,3286,393,394,213
Yellow,13118,5781,4063,1251,11822,5781,5717,3119,395,391,213
Yellow,13239,5799,4078,1256,11858,5799,5738,3131,395,391,213
Yellow,13361,6155,4415,1336,12721,6155,6212,3331,392,396,212
Yellow,13482,6305,4587,1370,13118,6305,6454,3415,390,399,211
Yellow,13604,6337,4643,1377,13233,6337,6533,3433,389,401,211
Yellow,13724,6301,4654,1365,13203,6301,6548,3403,388,403,209
Yellow,13846,6187,4583,1332,12979,6187,6448,3321,388,404,208
Yellow,13967,6111,4529,1314,12818,6111,6372,3276,388,404,208
Yellow,14088,6038,4469,1295,12655,6038,6288,3228,388,404,208
Yellow,14210,6100,4523,1314,12800,6100,6364,3276,388,404,208
Yellow,14331,6336,4660,1376,13253,6336,6557,3430,388,402,210
Yellow,14453,6265,4533,1362,12999,6265,6378,3395,391,398,212
Yellow,14573,6183,4442,1344,12777,6183,6250,3351,392,396,212
Yellow,14695,6163,4424,1341,12736,6163,6225,3343,392,396,213
Yellow,14816,6176,4440,1343,12772,6176,6247,3348,392,396,212
Yellow,14938,6102,4366,1330,12589,6102,6143,3316,392,395,213
Yellow,15059,6082,4346,1325,12531,6082,6115,3303,392,395,213
Yellow,15181,6232,4500,1360,12919,6232,6331,3390,391,397,212
Yellow,15301,6339,4647,1383,13244,6339,6538,3448,388,400,211
Yellow,15423,6312,4663,1373,13232,6312,6561,3423,387,403,210
Yellow,15544,6292,4651,1366,13194,6292,6544,3405,387,403,210
Yellow,15666,6103,4520,1313,12798,6103,6360,3273,388,404,208
Yellow,15787,6163,4569,1331,12934,6163,6429,3318,387,404,209
Yellow,15909,6332,4635,1380,13215,6332,6521,3440,389,400,211
Yellow,16030,6189,4458,1350,12809,6189,6272,3366,391,396,213
Yellow,16151,5987,4264,1310,12326,5987,5999,3266,393,393,214
Yellow,16272,6041,4315,1322,12454,6041,6071,3296,392,394,214
Yellow,16394,6229,4507,1365,12932,6229,6341,3403,390,397,213
Yellow,16515,6330,4654,1383,13251,6330,6548,3448,388,401,211
Yellow,16636,6231,4626,1359,13102,6231,6509,3388,386,404,210
Yellow,16758,6035,4467,1301,12660,6035,6285,3243,388,404,208
Yellow,16878,6057,4492,1308,12711,6057,6320,3261,387,404,209
Yellow,17000,6303,4664,1378,13233,6303,6562,3435,387,403,211
Yellow,17121,6225,4504,1366,12926,6225,6337,3405,390,397,213
Yellow,17243,6039,4317,1322,12460,6039,6074,3296,392,394,214
Yellow,17364,5908,4193,1292,12141,5908,5900,3221,393,393,214
Yellow,17486,5331,3698,1156,10823,5331,5203,2882,397,388,215
Yellow,17606,4923,3368,1063,9918,4923,4739,2650,400,385,215
Yellow,17727,4890,3342,1050,9835,4890,4702,2618,400,385,214
Yellow,17847,5367,3731,1163,10901,5367,5250,2899,397,388,214
Yellow,17969,5486,3829,1192,11170,5486,5387,2972,396,389,215
Yellow,18090,6066,4348,1329,12534,6066,6118,3313,391,395,214
Yellow,18212,6279,4583,1382,13103,6279,6448,3445,388,399,213
Yellow,18332,6263,4561,1375,13050,6263,6417,3428,389,398,213
Yellow,18454,6204,4617,1358,13061,6204,6496,3385,386,404,210
Yellow,18575,6109,4538,1321,12830,6109,6385,3293,387,404,209
Yellow,18697,6233,4633,1357,13105,6233,6519,3383,386,404,210
Yellow,18818,6171,4455,1351,12802,6171,6268,3368,390,397,213
Yellow,18940,5896,4188,1290,12129,5896,5893,3216,393,393,214
Yellow,19061,5526,3866,1200,11268,5526,5439,2992,396,390,214
Yellow,19181,5057,3479,1093,10218,5057,4895,2725,399,386,215
Yellow,19303,4873,3334,1053,9817,4873,4691,2625,400,385,215
Yellow,19423,5036,3470,1091,10188,5036,4882,2720,398,386,215
Yellow,19545,4753,3268,1020,9588,4753,4598,2543,400,387,214
Yellow,19665,4908,3388,1058,9929,4908,4767,2638,399,387,214
Yellow,19786,4791,3300,1032,9684,4791,4643,2573,399,387,214
Yellow,19905,5492,3864,1199,11235,5492,5437,2989,395,391,215
Magenta,59,2528,807,739,4022,2528,1135,1842,459,206,335
Magenta,189,2782,921,827,4480,2782,1296,2062,453,211,336
Magenta,306,2903,1018,901,4784,2903,1432,2246,441,218,341
Magenta,425,2888,1034,913,4793,2888,1455,2276,436,220,344
Magenta,543,2590,960,858,4321,2590,1351,2139,426,222,352
Magenta,659,2605,967,863,4349,2605,1361,2151,426,222,352
Magenta,777,2609,968,862,4358,2609,1362,2149,426,223,351
Magenta,894,2473,912,820,4103,2473,1283,2044,426,221,352
Magenta,1012,2548,944,841,4243,2548,1328,2097,427,222,351
Magenta,1129,2876,1043,915,4788,2876,1468,2281,434,222,344
Magenta,1249,2908,1012,896,4773,2908,1424,2234,443,217,340
Magenta,1368,2805,948,850,4555,2805,1334,2119,448,213,339
Magenta,1486,2794,947,850,4546,2794,1332,2119,447,213,339
Magenta,1604,2781,941,845,4520,2781,1324,2107,448,213,339
Magenta,1722,2744,923,831,4449,2744,1299,2072,449,212,339
Magenta,1841,2802,954,856,4566,2802,1342,2134,446,214,340
Magenta,1959,2895,1028,912,4793,2895,1446,2274,438,219,344
Magenta,2079,2592,958,864,4322,2592,1348,2154,425,221,353
Magenta,2196,2700,996,891,4515,2700,1401,2221,427,222,351
Magenta,2314,1773,541,508,2759,1773,761,1266,467,200,333
Magenta,2432,1864,572,535,2908,1864,805,1334,466,201,333
Magenta,2549,2896,992,888,4737,2896,1396,2214,445,215,340
Magenta,2667,2906,1039,924,4824,2906,1462,2304,436,219,345
Magenta,2786,2610,948,859,4322,2610,1334,2141,429,219,352
Magenta,2905,2708,987,887,4503,2708,1389,2211,429,220,351
Magenta,3023,2305,737,676,3669,2305,1037,1685,459,206,335
Magenta,3140,2275,725,665,3613,2275,1020,1658,459,206,335
Magenta,3259,2884,994,888,4730,2884,1399,2214,444,215,341
Magenta,3377,2722,995,892,4533,2722,1400,2224,429,221,350
Magenta,3496,2431,870,798,3971,2431,1224,1989,431,217,352
Magenta,3614,2302,804,749,3701,2302,1131,1867,434,213,352
Magenta,3732,2638,962,867,4377,2638,1354,2161,429,220,351
Magenta,3850,2750,910,822,4441,2750,1280,2049,452,211,337
Magenta,3968,2784,926,834,4497,2784,1303,2079,452,211,337
Magenta,4087,2856,985,882,4651,2856,1386,2199,443,215,341
Magenta,4204,2902,1035,920,4815,2902,1456,2294,436,219,345
Magenta,4324,2652,972,870,4412,2652,1368,2169,429,221,350
Magenta,4442,2710,998,888,4521,2710,1404,2214,428,222,350
Magenta,4561,2479,910,824,4096,2479,1280,2054,426,220,353
Magenta,4678,2528,934,840,4201,2528,1314,2094,426,221,353
Magenta,4797,2894,1044,924,4822,2894,1469,2304,434,220,346
Magenta,4916,2759,920,826,4462,2759,1294,2059,451,212,337
Magenta,5034,2545,822,747,4065,2545,1157,1862,457,208,335
Magenta,5153,2628,857,776,4215,2628,1206,1935,456,209,335
Magenta,5270,2645,866,784,4251,2645,1218,1955,455,209,336
Magenta,5389,2799,939,842,4542,2799,1321,2099,450,212,338
Magenta,5507,2676,879,796,4312,2676,1237,1984,454,210,336
Magenta,5626,2350,751,688,3746,2350,1057,1715,459,206,335
Magenta,5743,2705,899,811,4379,2705,1265,2022,451,211,337
Magenta,5861,2873,990,882,4712,2873,1393,2199,444,215,340
Magenta,5980,2910,1011,898,4786,2910,1422,2239,443,216,341
Magenta,6099,2901,998,885,4745,2901,1404,2206,446,216,339
Magenta,6218,2863,969,863,4656,2863,1363,2151,449,214,337
Magenta,6335,2728,898,809,4392,2728,1263,2017,454,210,336
Magenta,6454,2683,877,794,4317,2683,1234,1979,455,209,336
Magenta,6572,2610,848,770,4192,2610,1193,1920,456,208,335
Magenta,6690,2750,914,821,4443,2750,1286,2047,452,211,337
Magenta,6808,2855,961,859,4636,2855,1352,2141,450,213,337
Magenta,6926,2610,835,758,4157,2610,1175,1890,460,207,333
Magenta,7045,2622,835,758,4163,2622,1175,1890,461,207,332
Magenta,7163,2471,777,707,3892,2471,1093,1763,464,205,331
Magenta,7282,2710,874,790,4329,2710,1230,1969,459,208,333
Magenta,7399,2578,844,767,4155,2578,1188,1912,454,209,337
Magenta,7518,2534,838,759,4101,2534,1179,1892,452,210,338
Magenta,7636,2798,974,870,4618,2798,1370,2169,442,216,342
Magenta,7754,2588,825,746,4108,2588,1161,1860,461,207,332
Magenta,7872,2635,832,753,4160,2635,1171,1877,464,206,330
Magenta,7990,2927,1000,883,4773,2927,1407,2201,448,215,337
Magenta,8110,2759,1023,912,4631,2759,1439,2274,426,222,351
Magenta,8229,2811,1037,924,4723,2811,1459,2304,428,222,350
Magenta,8349,2848,1044,927,4776,2848,1469,2311,430,222,349
Magenta,8467,2696,1003,898,4521,2696,1411,2239,425,222,353
Magenta,8586,2593,962,866,4330,2593,1354,2159,425,222,354
Magenta,8705,2884,1010,897,4758,2884,1421,2236,441,217,342
Magenta,8824,2569,835,757,4116,2569,1175,1887,456,209,335
Magenta,8942,2896,1040,919,4816,2896,1463,2291,435,220,345
Magenta,9061,2590,959,861,4318,2590,1349,2146,426,222,353
Magenta,9180,2528,933,842,4201,2528,1313,2099,426,221,353
Magenta,9298,2667,873,787,4285,2667,1228,1962,455,210,335
Magenta,9417,2084,641,595,3264,2084,902,1483,466,202,332
Magenta,9533,2062,636,590,3237,2062,895,1471,466,202,332
Magenta,9650,2371,745,682,3748,2371,1048,1700,463,205,332
Magenta,9769,2489,783,712,3926,2489,1102,1775,464,205,331
Magenta,9887,2614,836,759,4161,2614,1176,1892,460,207,333
Magenta,10005,2685,890,801,4336,2685,1252,1997,452,211,337
Magenta,10124,2585,862,781,4198,2585,1213,1947,450,211,339
Magenta,10244,2726,918,826,4439,2726,1292,2059,449,213,339
Magenta,10363,2609,869,785,4227,2609,1223,1957,451,211,338
Magenta,10482,2648,881,792,4279,2648,1240,1974,452,212,337
Magenta,10601,2751,913,815,4433,2751,1285,2032,453,212,335
Magenta,10720,2273,700,643,3542,2273,985,1603,468,203,330
Magenta,10839,2321,720,660,3633,2321,1013,1645,466,203,330
Magenta,10958,2636,868,783,4245,2636,1221,1952,454,210,336
Magenta,11077,2646,882,793,4275,2646,1241,1977,451,212,337
Magenta,11196,2793,941,841,4541,2793,1324,2097,449,213,337
Magenta,11316,2847,1036,908,4748,2847,1458,2264,433,222,345
Magenta,11436,2577,956,847,4303,2577,1345,2112,427,223,350
Magenta,11555,2576,955,848,4298,2576,1344,2114,427,223,350
Magenta,11674,1405,425,404,2172,1405,598,1007,467,199,335
Magenta,11792,1655,503,473,2572,1655,708,1179,467,200,333
Magenta,11911,1595,501,469,2516,1595,705,1169,460,203,337
Magenta,12029,2008,634,585,3185,2008,892,1458,461,205,335
Magenta,12148,2473,789,716,3934,2473,1110,1785,461,207,333
Magenta,12266,2420,750,688,3798,2420,1055,1715,466,203,330
Magenta,12386,2348,716,658,3658,2348,1007,1640,470,202,328
Magenta,12505,2628,847,767,4202,2628,1192,1912,458,208,334
Magenta,12624,1853,579,540,2925,1853,815,1346,462,203,335
Magenta,12742,1783,559,523,2820,1783,787,1304,460,203,337
Magenta,12860,2654,855,771,4236,2654,1203,1922,459,208,333
Magenta,12980,2522,784,714,3957,2522,1103,1780,467,204,329
Magenta,13099,2233,689,633,3489,2233,969,1578,467,203,330
Magenta,13218,1885,578,540,2946,1885,813,1346,466,201,333
Magenta,13335,1946,593,554,3039,1946,834,1381,468,200,332
Magenta,13454,2159,664,617,3387,2159,934,1538,466,202,332
Magenta,13572,2106,663,610,3326,2106,933,1521,462,205,334
Magenta,13690,1809,565,527,2844,1809,795,1314,462,203,335
Magenta,13808,2002,621,577,3149,2002,874,1438,464,203,333
Magenta,13926,2178,673,624,3428,2178,947,1556,465,202,332
Magenta,14045,2166,678,623,3418,2166,954,1553,464,204,332
Magenta,14163,2022,633,585,3182,2022,891,1458,463,204,334
Magenta,14281,1980,615,573,3114,1980,865,1428,463,202,334
Magenta,14399,2171,677,678,3425,2171,953,1690,451,198,351
Magenta,14517,2414,767,699,3837,2414,1079,1743,461,206,333
Magenta,14637,2287,725,663,3626,2287,1020,1653,461,206,333
Magenta,14756,2366,752,688,3762,2366,1058,1715,460,206,334
Magenta,14875,2457,785,716,3915,2457,1104,1785,460,207,334
Magenta,14994,2486,796,724,3960,2486,1120,1805,459,207,334
Magenta,15114,2546,812,736,4043,2546,1142,1835,461,207,332
Magenta,15233,2766,904,812,4444,2766,1272,2024,456,210,334
Magenta,15352,2732,891,804,4388,2732,1254,2004,456,209,335
Magenta,15471,2676,872,787,4295,2676,1227,1962,456,209,335
Magenta,15590,2344,743,679,3716,2344,1045,1693,461,206,333
Magenta,15710,2573,834,755,4120,2573,1173,1882,457,208,334
Magenta,15829,2775,925,827,4489,2775,1301,2062,452,212,336
Magenta,15949,2862,970,863,4664,2862,1365,2151,449,214,337
Magenta,16067,2914,1001,890,4778,2914,1408,2219,445,215,339
Magenta,16188,2921,1037,915,4840,2921,1459,2281,439,219,342
Magenta,16308,2815,1039,914,4701,2815,1462,2279,429,223,348
Magenta,16428,2821,955,852,4594,2821,1344,2124,449,214,338
Magenta,16548,2197,697,639,3485,2197,981,1593,460,206,334
Magenta,16665,2608,851,770,4189,2608,1197,1920,456,209,335
Magenta,16785,2879,1039,915,4791,2879,1462,2281,435,221,344
Magenta,16905,2670,987,874,4458,2670,1389,2179,428,223,349
Magenta,17025,2645,979,868,4418,2645,1377,2164,428,223,350
Magenta,17144,2414,780,713,3866,2414,1097,1778,456,207,336
Magenta,17263,2333,747,684,3719,2333,1051,1705,458,207,335
Magenta,17382,2709,903,811,4385,2709,1271,2022,451,212,337
Magenta,17501,2801,1028,907,4684,2801,1446,2261,430,222,347
Magenta,17622,2559,948,849,4264,2559,1334,2117,426,222,352
Magenta,17741,2480,912,823,4105,2480,1283,2052,426,221,353
Magenta,17860,2741,920,824,4449,2741,1294,2054,450,213,337
Magenta,17979,2396,774,707,3834,2396,1089,1763,457,208,336
Magenta,18099,2418,782,713,3871,2418,1100,1778,457,208,336
Magenta,18218,2877,974,865,4684,2877,1370,2156,449,214,337
Magenta,18338,2849,950,846,4606,2849,1337,2109,453,212,335
Magenta,18456,2613,849,767,4185,2613,1195,1912,457,209,334
Magenta,18575,2188,699,644,3482,2188,983,1605,458,206,336
Magenta,18694,2318,754,690,3722,2318,1061,1720,455,208,337
Magenta,18813,2611,866,782,4220,2611,1218,1950,452,211,337
Magenta,18933,2785,930,833,4513,2785,1309,2077,451,212,337
Magenta,19051,2471,801,729,3958,2471,1127,1817,456,208,336
Magenta,19171,2411,778,711,3860,2411,1095,1773,457,207,336
Magenta,19290,2647,875,791,4276,2647,1231,1972,452,210,337
Magenta,19410,2898,1005,893,4765,2898,1414,2226,443,216,340
Magenta,19530,2901,1008,895,4773,2901,1418,2231,443,216,341
Magenta,19649,2874,1042,918,4793,2874,1466,2289,434,221,345
Magenta,19770,2848,1039,916,4760,2848,1462,2284,432,222,346
Magenta,19890,2837,1037,915,4744,2837,1459,2281,431,222,347
Cyan,54,711,1301,1136,2543,711,1831,2832,132,341,527
Cyan,179,963,1437,1247,3829,963,2022,3109,158,332,510
Cyan,294,948,1562,1347,4073,948,2198,3358,146,338,516
Cyan,407,750,1454,1268,3693,750,2046,3161,126,343,531
Cyan,521,752,1471,1288,3735,752,2070,3211,125,343,532
Cyan,636,918,1525,1336,4005,918,2146,3331,144,336,521
Cyan,749,834,1240,1100,3338,834,1745,2742,157,328,515
Cyan,863,903,1425,1252,3793,903,2005,3121,150,333,518
Cyan,978,912,1416,1239,3776,912,1992,3089,152,332,515
Cyan,1091,918,1461,1278,3871,918,2056,3186,149,334,517
Cyan,1206,917,1519,1318,3970,917,2137,3286,145,337,518
Cyan,1322,907,1384,1212,3692,907,1947,3022,154,331,514
Cyan,1436,778,1115,987,3005,778,1569,2461,162,326,512
Cyan,1551,941,1612,1390,4183,941,2268,3465,141,340,519
Cyan,1666,498,1022,913,2573,498,1438,2276,118,341,540
Cyan,1779,361,700,637,1778,361,985,1588,123,336,541
Cyan,1892,369,720,653,1828,369,1013,1628,123,337,541
Cyan,2005,900,1591,1379,4110,900,2239,3438,137,340,523
Cyan,2119,581,1189,1056,3010,581,1673,2633,119,342,539
Cyan,2235,121,202,210,525,121,284,524,130,306,564
Cyan,2345,95,155,173,406,95,218,431,128,293,579
Cyan,2453,150,251,248,649,150,353,618,134,315,551
Cyan,2563,687,1365,1193,3459,687,1921,2974,123,344,533
Cyan,2679,922,1648,1413,4235,922,2319,3523,136,343,521
Cyan,2793,944,1652,1420,4264,944,2324,3540,139,341,520
Cyan,2909,750,1472,1276,3729,750,2071,3181,125,345,530
Cyan,3024,221,392,369,1012,221,552,920,131,326,543
Cyan,3134,91,149,168,391,91,210,419,126,292,582
Cyan,3243,394,763,685,1942,394,1074,1708,124,338,538
Cyan,3356,866,1615,1379,4108,866,2272,3438,132,345,523
Cyan,3471,966,1633,1399,4233,966,2298,3488,143,340,517
Cyan,3586,931,1652,1412,4241,931,2324,3520,137,343,520
Cyan,3702,543,1099,967,2768,543,1546,2411,121,344,536
Cyan,3815,411,798,716,2031,411,1123,1785,124,338,538
Cyan,3928,591,1204,1059,3040,591,1694,2640,120,344,536
Cyan,4044,677,1377,1204,3472,677,1937,3002,121,345,535
Cyan,4158,662,1349,1187,3404,662,1898,2959,120,344,536
Cyan,4274,594,1221,1078,3072,594,1718,2687,119,344,538
Cyan,4389,698,1396,1211,3513,698,1964,3019,123,346,531
Cyan,4503,931,1544,1342,4032,931,2172,3346,144,337,519
Cyan,4619,927,1461,1287,3878,927,2056,3208,150,332,518
Cyan,4734,751,1479,1297,3752,751,2081,3233,124,343,533
Cyan,4848,577,1218,993,3057,577,1714,2476,121,360,519
Cyan,4963,674,1372,1208,3455,674,1930,3012,120,344,536
Cyan,5078,912,1603,1399,4149,912,2255,3488,137,339,524
Cyan,5193,922,1482,1306,3921,922,2085,3256,147,333,520
Cyan,5308,906,1421,1260,3780,906,1999,3141,150,331,520
Cyan,5423,925,1594,1390,4141,925,2243,3465,139,338,522
Cyan,5539,784,1537,1356,3917,784,2163,3381,124,342,534
Cyan,5653,667,1378,1229,3480,667,1939,3064,118,342,540
Cyan,5769,823,1556,1368,3978,823,2189,3410,128,341,531
Cyan,5884,811,1172,1042,3166,811,1649,2598,160,326,514
Cyan,5998,840,1227,1092,3314,840,1726,2722,159,326,515
Cyan,6114,904,1374,1216,3680,904,1933,3031,154,329,517
Cyan,6229,879,1548,1363,4027,879,2178,3398,136,337,526
Cyan,6343,832,1543,1345,3973,832,2171,3353,131,342,528
Cyan,6459,731,1441,1281,3680,731,2027,3194,123,341,537
Cyan,6574,827,1534,1350,3945,827,2158,3366,130,340,530
Cyan,6690,907,1391,1227,3708,907,1957,3059,153,330,516
Cyan,6804,834,1182,1043,3196,834,1663,2600,164,326,510
Cyan,6919,925,1410,1237,3763,925,1984,3084,154,331,515
Cyan,7035,939,1496,1300,3950,939,2105,3241,149,335,516
Cyan,7149,921,1357,1194,3636,921,1909,2977,159,329,513
Cyan,7265,802,1097,972,2993,802,1543,2423,168,324,508
Cyan,7379,626,838,752,2298,626,1179,1875,170,320,510
Cyan,7491,631,846,756,2313,631,1190,1885,170,321,509
Cyan,7605,647,916,825,2488,647,1289,2057,162,323,515
Cyan,7718,766,1134,1018,3060,766,1596,2538,156,326,518
Cyan,7832,895,1345,1182,3598,895,1892,2947,156,330,514
Cyan,7948,926,1647,1432,4257,926,2317,3570,136,340,524
Cyan,8063,938,1618,1413,4214,938,2277,3523,139,338,523
Cyan,8178,886,1427,1257,3771,886,2008,3134,147,333,520
Cyan,8293,881,1394,1234,3705,881,1961,3076,149,331,520
Cyan,8408,966,1588,1382,3816,966,2234,3445,145,336,518
Cyan,8524,772,1498,1314,3816,772,2108,3276,125,342,532
Cyan,8638,765,1497,1306,3804,765,2106,3256,125,344,531
Cyan,8753,941,1581,1377,4124,941,2224,3433,143,337,520
Cyan,8869,946,1548,1347,4062,946,2178,3358,146,336,518
Cyan,8983,884,1630,1415,4173,884,2293,3528,132,342,526
Cyan,9099,830,1577,1373,4025,830,2219,3423,128,343,529
Cyan,9214,674,1382,1217,3482,674,1944,3034,119,344,537
Cyan,9328,684,1392,1230,3521,684,1959,3066,120,343,537
Cyan,9444,729,1462,1284,3696,729,2057,3201,122,344,535
Cyan,9559,732,1470,1281,3708,732,2068,3194,122,345,533
Cyan,9675,489,998,886,2504,489,1404,2209,119,342,539
Cyan,9787,442,892,796,2241,442,1255,1984,120,341,539
Cyan,9900,527,1088,961,2721,527,1531,2396,118,344,538
Cyan,10014,967,1642,1412,4259,967,2310,3520,142,340,518
Cyan,10130,972,1608,1383,4189,972,2262,3448,145,339,516
Cyan,10246,878,1623,1395,4143,878,2284,3478,132,344,524
Cyan,10363,479,978,873,2458,479,1376,2176,119,341,540
Cyan,10476,426,850,762,2141,426,1196,1900,121,340,539
Cyan,10591,809,1553,1339,3936,809,2185,3338,128,345,527
Cyan,10707,927,1650,1417,4236,927,2322,3533,137,342,521
Cyan,10822,961,1640,1416,4257,961,2307,3530,141,339,519
Cyan,10939,822,1581,1363,4010,822,2224,3398,128,345,527
Cyan,11055,569,1176,1039,2953,569,1655,2590,118,344,538
Cyan,11172,442,888,796,2238,442,1249,1984,120,340,540
Cyan,11285,339,644,585,1635,339,906,1458,125,335,539
Cyan,11398,437,1164,1022,2195,437,1638,2548,95,354,551
Cyan,11514,811,1565,1343,3955,811,2202,3348,127,346,526
Cyan,11629,936,1645,1409,4228,936,2315,3513,138,342,519
Cyan,11745,961,1643,1413,4252,961,2312,3523,141,340,518
Cyan,11862,639,1296,789,3252,639,1823,1967,144,412,444
Cyan,11976,406,805,729,2041,406,1133,1817,121,338,541
Cyan,12091,527,1078,956,2715,527,1517,2383,119,343,538
Cyan,12206,730,1451,1250,3649,730,2042,3116,124,347,529
Cyan,12322,964,1651,1415,4269,964,2323,3528,141,341,518
Cyan,12438,905,1640,1401,4188,905,2307,3493,135,344,521
Cyan,12554,579,1185,1039,2972,579,1667,2590,120,345,536
Cyan,12671,413,817,735,2068,413,1150,1832,122,339,540
Cyan,12784,691,1391,1212,3511,691,1957,3022,122,345,533
Cyan,12900,835,1575,1364,4020,835,2216,3400,129,344,527
Cyan,13017,935,1577,1377,4113,935,2219,3433,142,337,521
Cyan,13133,967,1485,1297,3942,967,2089,3233,154,332,514
Cyan,13249,882,1269,1121,3423,882,1785,2795,161,327,512
Cyan,13365,888,1317,1168,3532,888,1853,2912,157,328,515
Cyan,13481,887,1291,1140,3473,887,1816,2842,160,328,513
Cyan,13597,726,987,881,2694,726,1389,2196,168,322,509
Cyan,13711,678,939,851,2555,678,1321,2122,165,321,515
Cyan,13826,844,1186,1050,3215,844,1669,2618,164,325,510
Cyan,13942,907,1327,1160,3547,907,1867,2892,160,330,510
Cyan,14057,868,1196,1052,3263,868,1683,2623,168,325,507
Cyan,14174,805,1107,987,3020,805,1558,2461,167,323,510
Cyan,14289,668,904,818,2476,668,1272,2039,168,320,512
Cyan,14402,848,1197,1054,3221,848,1684,2628,164,326,509
Cyan,14519,794,1093,966,2957,794,1538,2408,168,324,508
Cyan,14634,777,1083,962,2926,777,1524,2398,165,324,510
Cyan,14749,936,1387,1238,3701,936,1952,3086,157,327,517
Cyan,14865,919,1359,1195,3641,919,1912,2979,158,329,513
Cyan,14981,786,1100,986,2991,786,1548,2458,164,323,513
Cyan,15097,670,912,820,2482,670,1283,2044,168,321,511
Cyan,15210,604,801,723,2190,604,1127,1802,171,319,510
Cyan,15325,575,766,696,2094,575,1078,1735,170,318,512
Cyan,15439,542,690,621,1896,542,971,1548,177,317,506
Cyan,15551,525,663,597,1822,525,933,1488,178,317,505
Cyan,15665,523,662,596,1818,523,931,1486,178,317,505
Cyan,15778,589,784,710,2142,589,1103,1770,170,319,511
Cyan,15891,729,1028,930,2790,729,1446,2318,162,322,516
Cyan,16007,715,1001,905,2719,715,1408,2256,163,322,515
Cyan,16122,707,980,880,2663,707,1379,2194,165,322,513
Cyan,16235,734,1010,903,2748,734,1421,2251,167,323,511
Cyan,16351,700,949,852,2586,700,1335,2124,168,321,511
Cyan,16465,722,1001,899,2721,722,1408,2241,165,322,513
Cyan,16580,819,1199,1074,3230,819,1687,2677,158,325,516
Cyan,16696,781,1125,1010,3040,781,1583,2518,160,324,516
Cyan,16812,654,860,769,2356,654,1210,1917,173,320,507
Cyan,16926,720,977,871,2660,720,1375,2171,169,322,509
Cyan,17040,779,1094,974,2961,779,1539,2428,164,324,512
Cyan,17156,748,1036,924,2811,748,1458,2304,166,323,511
Cyan,17271,662,871,777,2383,662,1225,1937,173,320,507
Cyan,17384,769,1066,948,2891,769,1500,2363,166,324,510
Cyan,17500,819,1190,1066,3211,819,1674,2658,159,325,516
Cyan,17616,811,1183,1063,3192,811,1664,2650,158,325,517
Cyan,17731,730,984,874,2681,730,1384,2179,170,322,508
Cyan,17846,734,989,880,2697,734,1392,2194,170,322,508
Cyan,17960,854,1213,1071,3274,854,1707,2670,163,326,510
Cyan,18076,850,1227,1087,3304,850,1726,2710,161,327,513
Cyan,18192,767,1042,923,2835,767,1466,2301,169,323,507
Cyan,18307,655,885,834,2414,655,1245,2079,165,313,522
Cyan,18422,841,1175,1035,3181,841,1653,2580,166,326,508
Cyan,18537,902,1325,1166,3552,902,1864,2907,159,329,512
Cyan,18654,855,1209,1065,3266,855,1701,2655,164,326,509
Cyan,18770,736,991,881,2706,736,1394,2196,170,322,508
Cyan,18883,812,1117,986,3032,812,1572,2458,168,325,508
Cyan,18999,854,1195,1053,3235,854,1681,2625,166,326,509
Cyan,19115,876,1284,1136,3449,876,1807,2832,159,328,514
Cyan,19231,867,1255,1110,3380,867,1766,2767,161,327,512
Cyan,19347,933,1428,1258,3806,933,2009,3136,154,331,516
Cyan,19463,925,1428,1262,3802,925,2009,3146,152,330,517
Cyan,19580,925,1437,1273,3825,925,2022,3174,151,330,519
Cyan,19695,909,1325,1164,3560,909,1864,2902,160,328,511
Cyan,19812,777,1069,947,2911,777,1504,2361,167,324,509
Cyan,19927,806,1114,986,3032,806,1567,2458,167,324,509
Green,54,569,842,320,1793,569,1185,798,223,464,313
Green,179,911,1505,536,3136,911,2118,1336,209,485,306
Green,294,640,1671,549,3096,640,2351,1369,147,539,314
Green,407,778,1870,618,3539,778,2631,1541,157,532,311
Green,521,935,1688,589,3438,935,2375,1468,196,497,307
Green,636,878,1506,534,3109,878,2119,1331,203,490,308
Green,749,842,1406,503,2921,842,1978,1254,207,486,308
Green,863,958,1709,600,3493,958,2405,1496,197,495,308
Green,978,981,1967,669,3904,981,2768,1668,181,511,308
Green,1091,819,1932,638,3676,819,2718,1591,160,530,310
Green,1207,736,1835,603,3444,736,2582,1503,153,536,312
Green,1322,700,1780,585,3324,700,2504,1458,150,537,313
Green,1436,992,1840,636,3721,992,2589,1586,192,501,307
Green,1552,999,1921,654,3846,999,2703,1630,187,507,306
Green,1667,776,1881,621,3555,776,2647,1548,156,532,311
Green,1782,523,1442,475,2635,523,2029,1184,140,543,317
Green,1897,593,1584,519,2918,593,2229,1294,144,542,314
Green,2012,998,1921,654,3844,998,2703,1630,187,507,306
Green,2128,919,1618,567,3311,919,2277,1414,199,494,307
Green,2242,985,1843,632,3713,985,2593,1576,191,503,306
Green,2357,844,1963,647,3746,844,2762,1613,162,529,309
Green,2473,345,1004,326,1798,345,1413,813,134,550,316
Green,2586,625,1646,538,3046,625,2316,1341,146,541,313
Green,2702,971,1993,669,3918,971,2804,1668,178,515,306
Green,2817,984,1835,630,3697,984,2582,1571,192,503,306
Green,2931,995,1896,647,3800,995,2668,1613,189,506,306
Green,3047,946,2011,673,3923,946,2829,1678,173,519,308
Green,3162,743,1851,605,3476,743,2604,1508,153,536,311
Green,3278,745,1850,607,3477,745,2603,1513,153,535,311
Green,3392,973,1986,668,3912,973,2794,1665,179,514,307
Green,3507,975,1863,635,3727,975,2621,1583,188,506,306
Green,3623,979,1887,644,3771,979,2655,1605,187,507,306
Green,3737,963,1989,668,3907,963,2799,1665,177,516,307
Green,3852,827,1956,644,3718,827,2752,1605,160,531,310
Green,3968,781,1906,626,3595,781,2682,1561,155,534,311
Green,4082,694,1783,584,3323,694,2509,1456,149,539,313
Green,4198,732,1839,602,3445,732,2587,1501,152,537,311
Green,4313,915,2001,666,3873,915,2815,1660,170,522,308
Green,4427,974,1906,647,3790,974,2682,1613,185,509,306
Green,4543,943,1996,668,3894,943,2808,1665,174,518,307
Green,4658,786,1912,627,3610,786,2690,1563,156,534,310
Green,4774,579,1574,516,2897,579,2215,1286,142,543,315
Green,4888,468,1321,433,2404,468,1859,1079,137,546,317
Green,5003,230,746,230,1286,230,1050,573,124,567,309
Green,5117,214,714,217,1219,214,1005,541,122,571,307
Green,5229,335,990,319,1768,335,1393,795,133,552,315
Green,5342,783,1905,626,3596,783,2680,1561,156,533,311
Green,5458,831,1954,645,3720,831,2749,1608,160,530,310
Green,5572,645,1695,555,3141,645,2385,1384,146,540,314
Green,5687,470,1327,434,2415,470,1867,1082,137,546,316
Green,5803,303,911,293,1616,303,1282,730,131,554,315
Green,5915,188,656,193,1101,188,923,481,118,580,302
Green,6028,368,1071,348,1923,368,1507,868,134,549,316
Green,6142,748,1858,610,3489,748,2614,1521,153,535,311
Green,6256,825,1947,642,3702,825,2739,1601,160,530,310
Green,6372,883,1989,660,3825,883,2799,1645,166,525,309
Green,6487,861,1978,653,3786,861,2783,1628,163,528,309
Green,6601,857,1977,653,3781,857,2782,1628,163,528,309
Green,6717,726,1836,602,3437,726,2583,1501,151,537,312
Green,6832,513,1429,468,2610,513,2011,1167,139,545,316
Green,6948,308,935,300,1656,308,1316,748,130,555,315
Green,7060,365,1071,348,1922,365,1507,868,133,550,317
Green,7174,607,1631,534,3009,607,2295,1331,143,542,314
Green,7290,787,1913,628,3613,787,2692,1566,156,534,310
Green,7404,830,1955,645,3720,830,2751,1608,160,530,310
Green,7519,724,1829,601,3608,724,2573,1498,151,537,312
Green,7635,540,1491,488,2732,540,2098,1217,140,544,316
Green,7749,272,854,268,1494,272,1202,668,127,561,312
Green,7863,167,622,176,1023,167,875,439,113,591,296
Green,7975,295,909,288,1603,295,1279,718,129,558,313
Green,8087,564,1542,505,2833,564,2170,1259,141,543,315
Green,8203,800,1924,634,3642,800,2707,1581,157,532,311
Green,8318,841,1965,650,3744,841,2765,1620,161,529,310
Green,8432,761,1882,618,3539,761,2648,1541,154,535,311
Green,8548,611,1640,536,3026,611,2307,1336,144,542,314
Green,8663,265,840,262,1465,265,1182,653,126,563,311
Green,8776,170,633,179,1042,170,891,446,113,591,296
Green,8888,344,1021,330,1825,344,1437,823,132,552,316
Green,9002,491,1381,451,2518,491,1943,1124,138,546,316
Green,9117,666,1741,585,3234,666,2450,1458,146,536,319
Green,9232,762,1884,619,3545,762,2651,1543,154,535,311
Green,9347,724,1834,601,3431,724,2580,1498,151,537,312
Green,9462,627,1670,546,3088,627,2350,1361,145,542,314
Green,9577,322,975,311,1732,322,1372,775,130,556,314
Green,9691,218,738,222,1258,218,1038,553,121,574,306
Green,9803,149,587,163,951,149,826,406,108,598,294
Green,9914,487,1366,446,2492,487,1922,1112,138,546,316
Green,10030,652,1717,562,3185,652,2416,1401,146,541,313
Green,10145,787,1911,629,3611,787,2689,1568,156,533,311
Green,10261,882,1991,661,3826,882,2801,1648,165,525,309
Green,10378,821,1947,643,3699,821,2739,1603,159,531,310
Green,10494,644,1698,557,3149,644,2389,1389,146,540,314
Green,10610,448,1273,417,2313,448,1791,1040,137,546,317
Green,10726,153,590,165,961,153,830,411,110,595,295
Green,10838,423,1210,396,2192,423,1702,987,136,547,317
Green,10953,654,1716,563,3185,654,2414,1404,146,540,314
Green,11069,833,1957,647,3724,833,2753,1613,160,530,310
Green,11185,913,1995,665,3865,913,2807,1658,170,522,308
Green,11302,863,1980,656,3787,863,2786,1635,163,527,309
Green,11417,650,1708,561,3167,650,2403,1399,146,540,314
Green,11534,400,1153,377,2081,400,1622,940,135,548,317
Green,11649,366,1069,348,1920,366,1504,868,134,549,317
Green,11763,475,1338,440,2436,475,1883,1097,137,545,318
Green,11880,799,1927,636,3648,799,2711,1586,157,532,311
Green,11996,888,1996,664,3839,888,2808,1655,166,525,309
Green,12113,896,1997,665,3848,896,2810,1658,167,524,309
Green,12228,845,1970,652,3756,845,2772,1625,161,529,310
Green,12344,624,1662,546,3074,624,2338,1361,144,541,315
Green,12461,466,1320,433,2401,466,1857,1079,137,546,317
Green,12576,449,1274,418,2315,449,1793,1042,137,546,317
Green,12693,487,1365,448,2490,487,1921,1117,138,545,317
Green,12809,694,1785,587,3328,694,2511,1463,149,538,313
Green,12925,888,1992,663,3833,888,2803,1653,166,525,309
Green,13041,923,1997,667,3878,923,2810,1663,171,521,308
Green,13157,895,1999,666,3849,895,2813,1660,167,524,309
Green,13274,742,1854,609,3478,742,2609,1518,152,536,312
Green,13390,624,1664,546,3077,624,2341,1361,144,541,315
Green,13505,431,1235,404,2238,431,1738,1007,136,547,317
Green,13622,436,1247,408,2262,436,1755,1017,136,547,317
Green,13738,793,1923,634,3637,793,2706,1581,156,533,311
Green,13854,927,2002,670,3891,927,2817,1670,171,520,308
Green,13970,961,1958,661,3859,961,2755,1648,179,514,307
Green,14086,905,2006,669,3872,905,2822,1668,168,523,309
Green,14203,750,1865,615,3506,750,2624,1533,153,535,312
Green,14318,526,1462,480,2678,526,2057,1197,139,544,317
Green,14435,478,1348,443,2457,478,1897,1104,137,545,317
Green,14551,577,1567,515,2886,577,2205,1284,142,542,316
Green,14666,672,1749,575,3253,672,2461,1433,147,539,314
Green,14783,821,1952,646,3706,821,2746,1610,159,530,311
Green,14899,924,1998,667,3879,924,2811,1663,171,521,308
Green,15016,941,1987,666,3882,941,2796,1660,174,518,308
Green,15131,886,1997,664,3837,886,2810,1655,166,525,309
Green,15247,761,1884,620,3544,761,2651,1546,153,535,312
Green,15364,564,1539,506,2829,564,2165,1261,141,543,316
Green,15479,493,1380,454,2519,493,1942,1132,138,544,317
Green,15596,503,1405,462,2567,503,1977,1152,138,544,317
Green,15712,749,1865,614,3502,749,2624,1531,153,535,312
Green,15828,899,2004,668,3858,899,2820,1665,167,524,309
Green,15944,933,1996,668,3887,933,2808,1665,173,519,308
Green,16060,931,1998,668,3889,931,2811,1665,172,520,308
Green,16177,831,1960,647,3729,831,2758,1613,160,530,310
Green,16293,561,1533,504,2817,561,2157,1256,141,543,316
Green,16408,535,1478,486,2707,535,2080,1212,140,544,317
Green,16525,528,1463,481,2678,528,2058,1199,139,544,317
Green,16641,731,1840,604,3446,731,2589,1506,151,536,312
Green,16757,888,1999,665,3846,888,2813,1658,166,525,309
Green,16873,964,1900,647,3778,964,2673,1613,184,509,307
Green,16989,963,1921,652,3807,963,2703,1625,182,511,307
Green,17106,965,1959,662,3867,965,2756,1650,180,513,307
Green,17221,948,2013,677,3934,948,2832,1688,173,518,309
Green,17338,922,2023,677,3921,922,2846,1688,169,522,309
Green,17454,924,1641,576,3357,924,2309,1436,198,495,308
Green,17569,899,1580,558,3241,899,2223,1391,199,493,308
Green,17686,976,1894,649,3785,976,2665,1618,186,507,308
Green,17802,982,1900,650,3799,982,2673,1620,186,507,307
Green,17919,912,2040,680,3936,912,2870,1695,167,524,309
Green,18034,998,1936,660,3867,998,2724,1645,186,508,307
Green,18150,982,1799,623,3650,982,2531,1553,194,500,307
Green,18267,955,1706,596,3483,955,2400,1486,197,496,307
Green,18383,992,2002,676,3962,992,2817,1685,181,513,307
Green,18499,919,2041,681,3952,919,2872,1698,167,523,309
Green,18615,849,1993,659,3803,849,2804,1643,160,529,310
Green,18731,685,1762,577,3291,685,2479,1438,149,539,312
Green,18847,960,2027,679,3964,960,2852,1693,174,518,308
Green,18963,848,1431,510,2959,848,2013,1271,205,487,308
Green,19080,896,1536,544,3169,896,2161,1356,203,490,307
Green,19196,989,1825,632,3695,989,2568,1576,193,500,307
Green,19311,999,1956,664,3902,999,2752,1655,185,509,306
Green,19428,914,1581,556,3251,914,2224,1386,202,492,306
Green,19544,732,1178,430,2464,732,1657,1072,211,479,310
Green,19660,745,1209,438,2521,745,1701,1092,211,481,309
Green,19776,877,1493,529,3084,877,2101,1319,204,489,307
Green,19892,965,1727,602,3526,965,2430,1501,197,496,307
Orange,56,3279,1225,528,5183,3279,1724,1316,519,273,208
Orange,186,3580,1361,575,5695,3580,1915,1433,517,276,207
Orange,304,3386,1277,544,5370,3386,1797,1356,518,275,207
Orange,421,3623,1371,581,5760,3623,1929,1448,518,276,207
Orange,538,3404,1284,545,5391,3404,1807,1359,518,275,207
Orange,655,2252,822,367,3510,2252,1157,915,521,268,212
Orange,770,3448,1294,547,5455,3448,1821,1364,520,275,206
Orange,888,4162,1606,661,6669,4162,2260,1648,516,280,204
Orange,1005,2984,1105,477,4684,2984,1555,1189,521,271,208
Orange,1122,2367,866,383,3691,2367,1218,955,521,268,210
Orange,1239,2441,898,396,3817,2441,1263,987,520,269,210
Orange,1355,2902,1086,471,4729,2902,1528,1174,518,273,209
Orange,1474,3300,1240,525,5224,3300,1745,1309,519,275,206
Orange,1591,3593,1367,572,5713,3593,1923,1426,518,277,205
Orange,1710,3921,1514,627,6278,3921,2130,1563,515,280,205
Orange,1828,3825,1484,616,6131,3825,2088,1536,513,280,206
Orange,1946,2650,990,434,4181,2650,1393,1082,517,272,211
Orange,2063,3210,1212,523,5087,3210,1705,1304,516,274,210
Orange,2181,3730,1418,596,5923,3730,1995,1486,517,277,206
Orange,2300,4272,1649,681,6834,4272,2320,1698,515,280,205
Orange,2418,4241,1634,677,6776,4241,2299,1688,515,279,205
Orange,2536,3142,1175,511,4961,3142,1653,1274,518,272,210
Orange,2654,2768,1033,444,4367,2768,1453,1107,520,273,208
Orange,2772,3060,1160,491,4862,3060,1632,1224,517,276,207
Orange,2891,3105,1178,498,4937,3105,1657,1242,517,276,207
Orange,3009,3811,1491,615,6144,3811,2098,1533,512,282,206
Orange,3127,3911,1545,633,6329,3911,2174,1578,510,284,206
Orange,3245,4006,1594,650,6501,4006,2243,1620,509,285,206
Orange,3364,3439,1338,558,5531,3439,1883,1391,512,281,207
Orange,3482,2389,895,390,3772,2389,1259,972,517,273,210
Orange,3597,2272,846,376,3576,2272,1190,937,516,271,213
Orange,3714,4111,1637,671,6668,4111,2303,1673,508,285,207
Orange,3832,3903,1541,636,6307,3903,2168,1586,510,283,207
Orange,3951,2828,1062,459,4477,2828,1494,1144,517,273,209
Orange,4068,2691,1004,437,4244,2691,1413,1089,518,272,210
Orange,4187,3245,1233,524,5158,3245,1735,1306,516,276,208
Orange,4305,3986,1557,642,6406,3986,2191,1601,512,282,206
Orange,4423,4303,1709,696,6965,4303,2405,1735,510,285,205
Orange,4541,4687,1915,766,7670,4687,2694,1910,504,290,206
Orange,4659,4750,1946,778,7782,4750,2738,1940,504,290,206
Orange,4778,4745,1943,776,7771,4745,2734,1935,504,290,206
Orange,4896,4561,1851,738,7431,4561,2604,1840,506,289,204
Orange,5015,4510,1835,735,7352,4510,2582,1832,505,289,205
Orange,5132,4103,1635,667,6645,4103,2300,1663,509,285,206
Orange,5250,4443,1803,724,7251,4443,2537,1805,506,289,205
Orange,5369,4588,1876,751,7495,4588,2640,1872,504,290,206
Orange,5487,4470,1802,726,7272,4470,2535,1810,507,288,205
Orange,5605,4535,1855,743,7421,4535,2610,1852,504,290,206
Orange,5723,4641,1899,760,7586,4641,2672,1895,504,290,206
Orange,5842,3234,1232,520,5129,3234,1733,1296,516,277,207
Orange,5960,2728,1018,440,4290,2728,1432,1097,519,272,209
Orange,6077,3713,1441,597,5936,3713,2027,1488,514,280,206
Orange,6196,4413,1781,717,7167,4413,2506,1787,507,288,205
Orange,6314,4079,1620,661,6586,4079,2279,1648,509,285,206
Orange,6433,2921,1101,471,4615,2921,1549,1174,518,274,208
Orange,6551,3537,1365,568,5646,3537,1921,1416,515,279,206
Orange,6669,4714,1932,770,7728,4714,2718,1920,504,291,205
Orange,6787,4640,1900,758,7597,4640,2673,1890,504,290,205
Orange,6906,3992,1576,644,6434,3992,2217,1605,511,284,205
Orange,7024,3834,1503,620,6166,3834,2115,1546,512,282,206
Orange,7141,4726,1940,776,7759,4726,2730,1935,503,291,206
Orange,7260,4746,1952,780,7794,4746,2746,1945,503,291,206
Orange,7378,4639,1891,758,7577,4639,2661,1890,505,290,206
Orange,7497,4501,1788,728,7271,4501,2516,1815,510,285,206
Orange,7614,4594,1855,748,7475,4594,2610,1865,507,288,206
Orange,7733,2085,765,340,3256,2085,1076,848,520,268,212
Orange,7849,1753,638,290,2722,1753,898,723,520,266,214
Orange,7964,3299,1260,533,5251,3299,1773,1329,515,277,208
Orange,8082,3788,1474,612,6077,3788,2074,1526,513,281,207
Orange,8200,4465,1796,727,7267,4465,2527,1812,507,287,206
Orange,8319,3728,1449,603,5979,3728,2039,1503,513,280,207
Orange,8437,2502,933,408,3937,2502,1313,1017,518,272,210
Orange,8553,2494,929,407,3924,2494,1307,1015,518,271,211
Orange,8671,3537,1361,570,5649,3537,1915,1421,515,279,207
Orange,8789,4293,1705,695,6951,4293,2399,1733,510,285,206
Orange,8908,3222,1225,520,5115,3222,1724,1296,516,276,208
Orange,9026,3209,1219,520,5097,3209,1715,1296,516,276,208
Orange,9144,3615,1394,585,5778,3615,1961,1458,514,279,207
Orange,9262,3767,1461,611,6040,3767,2056,1523,513,280,207
Orange,9380,3534,1359,574,5643,3534,1912,1431,514,278,208
Orange,9499,3352,1280,543,5334,3352,1801,1354,515,277,208
Orange,9616,3304,1258,534,5250,3304,1770,1331,516,276,208
Orange,9735,3122,1182,506,4948,3122,1663,1261,516,275,209
Orange,9853,2482,920,403,3891,2482,1294,1005,519,271,210
Orange,9971,2986,1123,482,4718,2986,1580,1202,518,274,208
Orange,10088,3146,1190,508,4981,3146,1674,1266,517,275,208
Orange,10207,2698,1005,438,4242,2698,1414,1092,518,272,210
Orange,10327,3038,1267,539,4800,3038,1783,1344,493,289,218
Orange,10446,3365,1279,544,5345,3365,1800,1356,516,276,208
Orange,10566,2993,1123,483,4721,2993,1580,1204,518,273,208
Orange,10684,3728,1433,600,5950,3728,2016,1496,515,278,207
Orange,10804,2884,1078,466,4542,2884,1517,1162,518,273,209
Orange,10923,3615,1384,581,5756,3615,1947,1448,516,278,207
Orange,11043,3006,1127,485,4740,3006,1586,1209,518,273,208
Orange,11162,3449,1313,555,5477,3449,1847,1384,516,276,207
Orange,11280,3356,1272,540,5319,3356,1790,1346,517,276,207
Orange,11400,3374,1281,543,5352,3374,1802,1354,517,276,207
Orange,11519,3092,1167,498,4891,3092,1642,1242,517,275,208
Orange,11639,2142,783,352,3331,2142,1102,878,520,267,213
Orange,11756,2172,790,358,3367,2172,1112,892,520,266,214
Orange,11873,2469,904,404,3843,2469,1272,1007,520,268,212
Orange,11991,3004,1128,485,4746,3004,1587,1209,518,274,208
Orange,12111,2761,1027,446,4338,2761,1445,1112,519,272,209
Orange,12230,2537,931,415,3957,2537,1310,1035,520,268,212
Orange,12347,3296,1241,531,5212,3296,1746,1324,518,274,208
Orange,12467,3103,1170,501,4911,3103,1646,1249,517,274,208
Orange,12586,3002,1127,483,4742,3002,1586,1204,518,274,208
Orange,12706,2586,953,418,4043,2586,1341,1042,520,270,210
Orange,12824,2539,934,413,3968,2539,1314,1030,520,269,211
Orange,12942,2577,954,424,4037,2577,1342,1057,518,270,212
Orange,13060,3005,1171,507,4750,3005,1648,1264,508,279,214
Orange,13179,2982,1112,477,4687,2982,1565,1189,520,273,207
Orange,13299,2882,1073,463,4530,2882,1510,1154,520,272,208
Orange,13417,2688,998,436,4222,2688,1404,1087,519,271,210
Orange,13536,2844,1055,459,4462,2844,1484,1144,520,271,209
Orange,13655,2436,893,399,3795,2436,1256,995,520,268,212
Orange,13773,2626,973,426,4116,2626,1369,1062,519,271,210
Orange,13891,3417,1308,550,5443,3417,1840,1371,516,278,207
Orange,14010,3242,1226,523,5135,3242,1725,1304,517,275,208
Orange,14129,2389,877,392,3726,2389,1234,977,519,268,212
Orange,14246,2426,1196,512,3792,2426,1683,1276,451,313,237
Orange,14366,3993,1550,644,6399,3993,2181,1605,513,280,206
Orange,14484,3221,1217,520,5102,3221,1712,1296,517,275,208
Orange,14604,2552,945,412,4001,2552,1330,1027,520,271,209
Orange,14722,4216,1656,679,6790,4216,2330,1693,512,283,205
Orange,14842,4296,1697,694,6933,4296,2388,1730,511,284,206
Orange,14961,4526,1809,734,7340,4526,2545,1830,508,286,206
Orange,15079,4598,1843,746,7471,4598,2593,1860,508,286,206
Orange,15199,3148,1192,508,4985,3148,1677,1266,517,275,208
Orange,15318,2379,875,386,3717,2379,1231,962,520,269,210
Orange,15436,3918,1526,634,6283,3918,2147,1581,512,281,207
Orange,15555,4507,1825,736,7349,4507,2568,1835,506,288,206
Orange,15674,4576,1869,748,7479,4576,2630,1865,504,290,206
Orange,15793,4535,1682,688,7399,4535,2367,1715,526,275,199
Orange,15913,3548,1358,571,5644,3548,1911,1424,515,278,207
Orange,16032,3694,1426,594,5896,3694,2006,1481,514,279,206
Orange,16151,4572,1861,748,7469,4572,2618,1865,505,289,206
Orange,16270,3812,1477,617,6095,3812,2078,1538,513,280,207
Orange,16389,3742,1443,603,5969,3742,2030,1503,514,279,207
Orange,16509,4450,1780,725,7214,4450,2504,1807,508,286,206
Orange,16628,4397,1750,713,7109,4397,2462,1778,509,285,206
Orange,16748,3581,1369,575,5690,3581,1926,1433,516,278,206
Orange,16866,3832,1484,618,6125,3832,2088,1541,514,280,207
Orange,16986,4662,1891,760,7598,4662,2661,1895,506,289,206
Orange,17105,4275,1685,689,6884,4275,2371,1718,511,283,205
Orange,17224,3856,1489,617,6154,3856,2095,1538,515,280,205
Orange,17343,4443,1771,719,7192,4443,2492,1792,509,286,205
Orange,17462,4670,1889,758,7605,4670,2658,1890,507,288,205
Orange,17582,4613,1849,747,7488,4613,2602,1862,508,287,205
Orange,17701,4071,1594,655,6527,4071,2243,1633,512,282,205
Orange,17821,4671,1895,760,7616,4671,2666,1895,506,289,205
Orange,17939,4759,1945,772,7781,4759,2737,1925,505,291,204
Orange,18059,4731,1933,765,7732,4731,2720,1907,506,291,204
Orange,18178,4621,1877,746,7519,4621,2641,1860,507,290,204
Orange,18297,4555,1853,740,7413,4555,2607,1845,506,289,205
Orange,18417,4678,1906,758,7626,4678,2682,1890,506,290,204
Orange,18535,4768,1947,774,7786,4768,2739,1930,505,290,205
Orange,18655,4727,1926,767,7705,4727,2710,1912,506,290,205
Orange,18774,4696,1905,762,7642,4696,2680,1900,506,289,205
Orange,18894,4366,1728,702,7044,4366,2431,1750,511,284,205
Orange,19013,4746,1936,766,7742,4746,2724,1910,506,290,204
Orange,19132,4662,1885,752,7574,4662,2652,1875,507,289,204
Orange,19251,4436,1718,705,7082,4436,2417,1758,515,281,204
Orange,19370,4338,1654,688,6888,4338,2327,1715,518,278,205
Orange,19490,4588,1856,742,7459,4588,2611,1850,507,289,204
Orange,19609,4019,1488,617,6462,4019,2094,1538,525,274,201
Orange,19728,3516,1355,568,5604,3516,1906,1416,514,279,207
Orange,19847,3684,1425,591,5880,3684,2005,1473,514,280,206
Orange,19967,2901,1090,467,4571,2901,1534,1164,518,274,208
Brown,54,548,303,164,1026,548,426,409,396,308,296
Brown,178,832,470,239,1583,832,661,596,398,316,285
Brown,289,1093,687,329,2207,1093,967,820,380,336,285
Brown,402,1021,752,355,2270,1021,1058,885,344,357,299
Brown,516,1108,726,348,2314,1108,1021,868,370,341,290
Brown,631,1084,724,341,2265,1084,1019,850,367,345,288
Brown,745,1030,745,347,2247,1030,1048,865,350,356,294
Brown,858,181,109,61,358,181,153,152,372,315,313
Brown,968,1078,763,356,2323,1078,1074,888,355,353,292
Brown,1081,972,567,279,1888,972,798,696,394,324,282
Brown,1193,966,556,274,1864,966,782,683,397,322,281
Brown,1306,951,544,273,1831,951,765,681,397,319,284
Brown,1417,1106,676,327,2203,1106,951,815,385,331,284
Brown,1531,1141,708,308,2292,1141,996,768,393,343,264
Brown,1646,1064,626,307,2091,1064,881,765,393,325,282
Brown,1759,1111,697,332,2259,1111,981,828,380,336,284
Brown,1873,876,486,245,1660,876,684,611,404,315,281
Brown,1986,668,358,187,1241,668,504,466,408,308,284
Brown,2097,660,354,184,1229,660,498,459,408,308,284
Brown,2209,1124,693,332,2251,1124,975,828,384,333,283
Brown,2324,1070,650,312,2127,1070,915,778,387,331,282
Brown,2437,1093,676,323,2189,1093,951,805,384,334,283
Brown,2552,1094,657,316,2156,1094,924,788,390,329,281
Brown,2666,852,469,243,1602,852,660,606,402,312,286
Brown,2777,995,573,283,1917,995,806,706,397,321,282
Brown,2890,1031,601,295,1999,1031,846,735,395,324,281
Brown,3003,1023,592,292,1976,1023,833,728,396,322,282
Brown,3117,1179,738,349,2376,1179,1038,870,382,336,282
Brown,3233,1152,787,360,2432,1152,1107,897,365,351,284
Brown,3348,1099,755,349,2336,1099,1062,870,363,350,287
Brown,3462,1163,755,355,2395,1163,1062,885,374,341,285
Brown,3578,1119,669,323,2207,1119,941,805,391,328,281
Brown,3692,901,504,257,1715,901,709,641,400,315,285
Brown,3804,954,536,269,1818,954,754,671,401,317,282
Brown,3916,1045,600,294,2012,1045,844,733,399,322,280
Brown,4030,1191,733,347,2378,1191,1031,865,386,334,280
Brown,4145,1062,602,296,2031,1062,847,738,401,320,279
Brown,4259,939,518,262,1770,939,729,653,405,314,281
Brown,4370,1108,695,329,2233,1108,978,820,381,337,282
Brown,4485,992,564,280,1903,992,794,698,399,320,281
Brown,4597,703,377,201,1301,703,530,501,405,306,289
Brown,4708,965,543,274,1843,965,764,683,400,317,283
Brown,4821,998,702,327,2139,998,988,815,356,353,291
Brown,4933,962,544,271,1839,962,765,676,400,318,281
Brown,5044,747,403,212,1390,747,567,529,405,308,287
Brown,5157,1100,657,316,2170,1100,924,788,391,329,280
Brown,5271,1065,626,304,2082,1065,881,758,394,326,280
Brown,5384,663,356,197,1224,663,501,491,401,303,297
Brown,5497,857,465,239,1601,857,654,596,407,310,283
Brown,5609,1091,648,315,2141,1091,912,785,391,327,282
Brown,5723,983,554,276,1874,983,779,688,401,318,281
Brown,5835,688,374,207,1279,688,526,516,398,304,298
Brown,5946,764,414,220,1421,764,582,548,403,307,289
Brown,6059,1124,711,335,2276,1124,1000,835,380,338,282
Brown,6174,742,401,216,1378,742,564,538,402,306,292
Brown,6285,677,369,204,1260,677,519,509,397,304,299
Brown,6398,792,430,223,1477,792,605,556,406,310,285
Brown,6510,1156,706,337,2300,1156,993,840,387,332,281
Brown,6623,1113,669,323,2197,1113,941,805,389,329,282
Brown,6738,729,398,215,1361,729,560,536,399,307,294
Brown,6850,937,527,264,1784,937,741,658,401,317,282
Brown,6961,1080,640,310,2117,1080,900,773,392,327,281
Brown,7076,1011,582,286,1956,1011,819,713,398,322,280
Brown,7190,770,422,222,1447,770,594,553,402,310,288
Brown,7301,662,363,200,1238,662,511,499,396,306,298
Brown,7414,857,474,242,1621,857,667,603,403,314,283
Brown,7525,1090,647,312,2138,1090,910,778,392,328,280
Brown,7639,1192,750,353,2410,1192,1055,880,381,337,281
Brown,7755,1168,743,349,2376,1168,1045,870,379,339,282
Brown,7870,1018,581,286,1956,1018,817,713,400,321,280
Brown,7984,1134,684,327,2247,1134,962,815,390,330,280
Brown,8098,1127,676,323,2227,1127,951,805,391,330,279
Brown,8212,1179,726,344,2356,1179,1021,858,386,334,281
Brown,8327,1152,756,352,2386,1152,1064,878,372,344,284
Brown,8442,1136,677,326,2359,1136,953,813,391,328,280
Brown,8556,1090,635,308,2116,1090,893,768,396,325,279
Brown,8670,1106,649,314,2156,1106,913,783,395,326,279
Brown,8784,1139,688,330,2266,1139,968,823,389,330,281
Brown,8899,1065,754,354,2301,1065,1061,883,354,353,293
Brown,9013,1150,703,344,2306,1150,989,858,384,330,286
Brown,9127,704,389,217,1325,704,547,541,393,305,302
Brown,9240,760,419,225,1427,760,590,561,398,309,294
Brown,9351,977,556,278,1881,977,782,693,398,319,283
Brown,9463,1036,601,298,2019,1036,846,743,395,322,283
Brown,9578,736,400,208,1373,736,563,519,405,310,285
Brown,9689,614,334,184,1141,614,470,459,398,305,297
Brown,9801,831,459,234,1568,831,646,583,403,314,283
Brown,9913,1030,603,295,2006,1030,848,735,394,325,281
Brown,10027,822,455,232,1553,822,640,578,403,314,283
Brown,10140,664,362,196,1238,664,509,489,400,306,294
Brown,10253,854,476,241,1618,854,670,601,402,315,283
Brown,10366,1029,597,292,1994,1029,840,728,396,323,280
Brown,10481,954,543,270,1831,954,764,673,399,320,281
Brown,10594,722,396,211,1355,722,557,526,400,309,291
Brown,10707,734,401,210,1373,734,564,524,403,310,288
Brown,10821,1104,669,321,2194,1104,941,800,388,331,281
Brown,10935,1054,616,300,2050,1054,867,748,395,325,280
Brown,11050,1108,674,323,2201,1108,948,805,387,331,281
Brown,11166,1083,643,311,2126,1083,905,775,392,328,280
Brown,11280,789,436,232,1483,789,613,578,398,310,292
Brown,11393,987,556,277,1884,987,782,691,401,318,281
Brown,11507,1118,659,319,2183,1118,927,795,394,326,280
Brown,11621,1155,712,338,2307,1155,1002,843,385,334,281
Brown,11738,1143,742,348,2345,1143,1044,868,374,342,284
Brown,11854,786,435,226,1482,786,612,563,401,312,287
Brown,11967,850,473,241,1611,850,666,601,402,315,284
Brown,12080,1091,648,313,2138,1091,912,780,392,328,280
Brown,12195,1108,710,333,2262,1108,999,830,377,340,283
Brown,12310,1124,720,340,2262,1124,1013,848,377,339,284
Brown,12426,1008,575,284,1936,1008,809,708,399,320,280
Brown,12541,961,546,272,1843,961,768,678,399,319,282
Brown,12655,1068,634,308,2096,1068,892,768,391,327,282
Brown,12769,1145,706,337,2291,1145,993,840,384,333,282
Brown,12884,1088,644,312,2130,1088,906,778,392,327,281
Brown,13000,831,461,234,1569,831,649,583,403,315,283
Brown,13112,987,566,279,1901,987,796,696,398,321,281
Brown,13225,1131,733,345,2323,1131,1031,860,374,341,285
Brown,13342,1086,651,314,2139,1086,916,783,390,329,281
Brown,13456,721,395,207,1352,721,556,516,402,310,288
Brown,13570,895,504,252,1707,895,709,628,401,318,281
Brown,13683,967,553,274,1860,967,778,683,398,320,281
Brown,13795,1107,692,329,2231,1107,974,820,382,336,283
Brown,13911,1090,654,315,2149,1090,920,785,390,329,281
Brown,14026,932,525,262,1777,932,739,653,401,318,281
Brown,14138,1023,594,291,1983,1023,836,725,396,324,281
Brown,14254,1126,700,333,2262,1126,985,830,383,335,282
Brown,14369,1102,735,344,2296,1102,1034,858,368,345,287
Brown,14486,1149,704,336,2291,1149,991,838,386,333,281
Brown,14600,1163,741,349,2366,1163,1043,870,378,339,283
Brown,14716,1145,703,335,2283,1145,989,835,386,333,281
Brown,14832,1147,754,352,2372,1147,1061,878,372,344,285
Brown,14947,1147,751,351,2365,1147,1057,875,373,343,284
Brown,15064,1022,732,337,2210,1022,1030,840,353,356,290
Brown,15180,1099,752,349,2320,1099,1058,870,363,350,287
Brown,15296,1148,721,341,2315,1148,1014,850,381,337,282
Brown,15412,869,486,246,1653,869,684,613,401,316,283
Brown,15525,1082,642,310,2120,1082,903,773,392,327,280
Brown,15641,1140,731,344,2325,1140,1029,858,377,340,283
Brown,15756,1074,750,347,2293,1074,1055,865,359,352,289
Brown,15872,1158,752,352,2378,1158,1058,878,374,342,284
Brown,15989,1045,598,294,2009,1045,841,733,399,321,280
Brown,16103,1114,665,320,2190,1114,936,798,391,329,280
Brown,16219,1123,768,355,2371,1123,1081,885,364,350,287
Brown,16335,1160,737,347,2355,1160,1037,865,379,339,282
Brown,16451,880,489,247,1666,880,688,616,403,315,282
Brown,16564,938,530,265,1791,938,746,661,400,318,282
Brown,16677,1180,725,344,2357,1180,1020,858,386,334,281
Brown,16793,1177,760,355,2411,1177,1069,885,376,341,283
Brown,16909,1167,775,358,2427,1167,1090,892,371,346,283
Brown,17025,1017,581,286,1953,1017,817,713,399,321,280
Brown,17141,878,491,246,1668,878,691,613,402,317,281
Brown,17253,1041,610,298,2029,1041,858,743,394,325,281
Brown,17368,1140,758,355,2377,1140,1067,885,369,345,286
Brown,17485,1103,765,356,2353,1103,1076,888,360,351,290
Brown,17601,1089,761,354,2331,1089,1071,883,358,352,290
Brown,17717,1155,720,341,2324,1155,1013,850,383,336,282
Brown,17833,930,524,261,1774,930,737,651,401,318,281
Brown,17946,1127,675,324,2220,1127,950,808,391,329,280
Brown,18061,1169,766,358,2416,1169,1078,892,372,343,284
Brown,18177,1155,778,361,2421,1155,1095,900,367,348,286
Brown,18293,1149,783,362,2422,1149,1102,902,364,350,286
Brown,18410,1171,725,344,2350,1171,1020,858,384,335,281
Brown,18525,1128,680,326,2231,1128,957,813,389,330,281
Brown,18641,1176,793,367,2465,1176,1116,915,367,348,285
Brown,18757,1179,781,363,2449,1179,1099,905,370,345,284
Brown,18872,1130,683,328,2238,1130,961,818,388,330,281
Brown,18988,1111,667,321,2192,1111,938,800,390,329,281
Brown,19103,1174,753,354,2399,1174,1059,883,377,340,283
Brown,19220,1148,764,356,2388,1148,1075,888,369,346,285
Brown,19335,1175,769,359,2425,1175,1082,895,373,343,284
Brown,19451,1164,732,346,2352,1164,1030,863,381,337,282
Brown,19568,1008,581,285,1947,1008,817,711,397,322,280
Brown,19682,1115,675,354,2210,1115,950,883,378,322,300
Brown,19798,1117,757,353,2350,1117,1065,880,365,348,287
Brown,19914,1041,738,342,2243,1041,1038,853,355,354,291
Black,54,206,144,84,437,206,203,209,333,328,338
Black,176,255,203,110,597,255,286,274,313,351,336
Black,287,239,234,122,629,239,329,304,274,377,349
Black,396,72,77,49,206,72,108,122,238,358,404
Black,505,104,138,91,348,104,194,227,198,370,432
Black,613,309,260,148,748,309,366,369,296,351,353
Black,723,294,221,126,665,294,311,314,320,338,342
Black,833,309,258,142,751,309,363,354,301,354,345
Black,943,240,263,137,683,240,370,342,252,389,359
Black,1053,133,193,116,467,133,272,289,192,392,416
Black,1164,148,216,127,519,148,304,317,192,395,412
Black,1275,147,212,122,507,147,298,304,196,398,406
Black,1385,305,282,155,782,305,397,386,280,365,355
Black,1497,300,247,138,720,300,348,344,302,351,347
Black,1608,249,273,148,720,249,384,369,249,383,368
Black,1718,197,244,130,618,197,343,324,228,397,375
Black,1830,264,252,133,691,264,355,332,278,373,349
Black,1940,249,215,116,610,249,303,289,296,360,344
Black,2051,270,260,137,709,270,366,342,276,374,350
Black,2163,210,261,141,653,210,367,352,226,395,379
Black,2273,250,214,117,610,250,301,292,297,357,346
Black,2384,241,210,115,595,241,295,287,293,358,349
Black,2494,270,287,155,763,270,404,386,255,381,364
Black,2606,293,254,140,722,293,357,349,293,357,349
Black,2717,187,135,79,408,187,190,197,326,331,343
Black,2826,233,171,97,515,233,241,242,325,337,338
Black,2937,287,253,136,714,287,356,339,292,363,345
Black,3047,263,264,139,705,263,371,347,268,378,354
Black,3158,213,247,128,627,213,348,319,242,395,363
Black,3270,264,207,113,610,264,291,282,315,348,337
Black,3380,219,164,95,491,219,231,237,319,336,345
Black,3490,226,181,104,535,226,255,259,305,345,350
Black,3601,257,241,136,673,257,339,339,275,363,363
Black,3712,252,246,136,672,252,346,339,269,369,362
Black,3823,269,274,157,743,269,386,391,257,369,374
Black,3934,263,221,122,629,263,311,304,300,354,346
Black,4045,242,186,103,546,242,262,257,318,344,338
Black,4155,255,246,128,675,255,346,319,277,376,347
Black,4266,170,208,109,528,170,293,272,231,399,370
Black,4378,118,155,93,392,118,218,232,208,384,408
Black,4487,316,262,147,759,316,369,366,301,351,348
Black,4598,216,149,87,453,216,210,217,336,327,337
Black,4708,238,179,100,527,238,252,249,322,341,337
Black,4819,278,290,161,786,278,408,401,256,375,369
Black,4929,256,293,164,767,256,412,409,238,383,380
Black,5041,290,280,153,762,290,394,381,272,370,358
Black,5152,230,171,96,506,230,241,239,324,339,337
Black,5261,293,248,132,709,293,349,329,302,359,339
Black,5373,198,251,134,626,198,353,334,224,399,377
Black,5483,131,189,113,460,131,266,282,193,392,415
Black,5594,258,201,110,587,258,283,274,317,347,336
Black,5706,233,161,94,501,233,227,234,336,327,337
Black,5815,296,255,135,721,296,359,337,298,362,340
Black,5926,314,302,160,824,314,425,399,276,373,351
Black,6036,311,251,136,729,311,353,339,310,352,338
Black,6148,212,154,87,463,212,217,217,328,336,336
Black,6258,276,259,137,706,276,364,342,281,371,348
Black,6368,244,282,154,737,244,397,384,238,387,375
Black,6480,289,210,119,641,289,295,297,328,335,337
Black,6590,290,214,119,643,290,301,297,327,339,334
Black,6701,269,288,148,744,269,405,369,258,388,354
Black,6813,251,260,133,679,251,366,332,264,386,350
Black,6923,261,206,111,612,261,290,277,315,350,335
Black,7034,270,232,126,665,270,326,314,297,358,345
Black,7145,231,272,147,699,231,383,366,236,391,373
Black,7256,300,282,149,773,300,397,371,281,372,347
Black,7367,289,213,117,639,289,300,292,328,341,331
Black,7478,331,260,138,718,331,366,344,318,352,330
Black,7589,324,252,138,744,324,355,344,317,347,336
Black,7699,229,154,92,475,229,217,229,339,321,339
Black,7810,227,156,92,479,227,219,229,336,324,339
Black,7920,265,207,114,612,265,291,284,315,346,338
Black,8030,270,239,129,674,270,336,322,291,362,347
Black,8141,274,242,130,684,274,340,324,292,362,345
Black,8252,285,225,123,662,285,317,307,314,349,338
Black,8363,289,255,135,718,289,359,337,293,364,342
Black,8474,268,272,145,728,268,383,361,265,378,357
Black,8585,196,247,135,622,196,348,337,222,395,383
Black,8696,254,202,110,598,254,284,274,313,350,337
Black,8806,266,215,119,638,266,303,297,307,350,343
Black,8918,235,259,142,690,235,364,354,247,382,371
Black,9029,258,269,148,723,258,378,369,257,376,367
Black,9139,249,226,119,636,249,318,297,288,368,344
Black,9251,218,248,130,635,218,349,324,245,392,364
Black,9361,186,235,126,583,186,331,314,224,398,378
Black,9472,246,248,132,664,246,349,329,266,378,356
Black,9584,267,229,124,649,267,322,309,297,359,344
Black,9694,260,243,131,667,260,342,327,280,368,352
Black,9805,267,239,128,669,267,336,319,290,364,346
Black,9916,271,256,136,703,271,360,339,279,371,349
Black,10027,277,260,140,722,277,366,349,279,369,352
Black,10139,270,247,131,690,270,348,327,286,368,346
Black,10251,266,245,131,684,266,345,327,284,368,349
Black,10363,257,271,145,720,257,381,361,257,381,361
Black,10474,270,245,129,678,270,345,322,288,368,344
Black,10586,264,207,113,607,264,291,282,315,348,337
Black,10699,292,223,122,654,292,314,304,321,345,334
Black,10810,316,282,148,799,316,397,369,292,367,341
Black,10922,323,259,136,754,323,364,339,315,355,330
Black,11035,293,230,120,670,293,324,299,320,354,326
Black,11146,315,215,123,670,315,303,307,341,328,332
Black,11258,285,211,117,627,285,297,292,326,340,334
Black,11370,233,179,100,530,233,252,249,317,343,339
Black,11482,287,229,125,663,287,322,312,312,350,339
Black,11594,331,296,159,835,331,416,396,290,364,346
Black,11706,325,294,153,831,325,414,381,290,370,340
Black,11818,330,269,146,785,330,378,364,308,353,340
Black,11930,308,244,135,711,308,343,337,312,347,341
Black,12042,312,260,142,743,312,366,354,302,355,343
Black,12154,258,206,113,600,258,290,282,311,349,340
Black,12265,262,212,115,612,262,298,287,309,352,339
Black,12378,294,283,149,774,294,398,371,277,374,349
Black,12490,287,268,140,748,287,377,349,283,372,345
Black,12601,312,261,138,754,312,367,344,305,359,336
Black,12714,325,249,136,750,325,350,339,321,345,334
Black,12826,272,199,111,612,272,280,277,328,338,334
Black,12937,276,206,118,618,276,290,294,321,337,342
Black,13050,276,211,116,638,276,297,289,320,345,335
Black,13161,272,234,122,669,272,329,304,301,364,336
Black,13273,273,227,118,656,273,319,294,308,360,332
Black,13386,277,220,116,647,277,310,289,316,354,330
Black,13497,300,222,127,681,300,312,317,323,336,341
Black,13609,287,210,122,639,287,295,304,324,333,343
Black,13722,266,197,107,600,266,277,267,328,342,330
Black,13833,264,199,107,597,264,280,267,326,345,329
Black,13945,276,221,118,641,276,311,294,313,353,334
Black,14057,270,245,128,680,270,345,319,289,369,342
Black,14169,271,226,117,643,271,318,292,308,361,331
Black,14281,275,236,123,664,275,332,307,301,363,336
Black,14393,275,228,120,650,275,321,299,307,359,334
Black,14505,275,219,117,633,275,308,292,314,352,334
Black,14617,255,190,104,568,255,267,259,327,342,332
Black,14729,235,169,94,516,235,238,234,332,337,331
Black,14840,248,188,102,560,248,265,254,323,346,331
Black,14951,268,214,115,621,268,301,287,313,352,335
Black,15064,174,219,117,550,174,308,292,225,398,377
Black,15176,190,221,113,563,190,311,282,243,397,360
Black,15287,282,220,118,650,282,310,294,318,350,332
Black,15400,275,194,113,605,275,273,282,331,329,340
Black,15511,255,184,105,567,255,259,262,329,334,338
Black,15623,245,178,99,545,245,250,247,330,337,333
Black,15735,274,221,118,642,274,311,294,312,354,334
Black,15846,269,217,115,628,269,305,287,312,354,333
Black,15958,272,230,121,654,272,324,302,303,361,336
Black,16071,270,197,109,604,270,277,272,330,338,332
Black,16182,250,180,102,544,250,253,254,330,334,336
Black,16294,258,186,104,571,258,262,259,331,336,332
Black,16406,262,199,109,600,262,280,272,322,344,334
Black,16518,297,222,128,676,297,312,319,320,336,344
Black,16630,287,212,124,647,287,298,309,321,333,346
Black,16742,271,196,113,598,271,276,282,327,333,340
Black,16854,272,194,110,601,272,273,274,332,333,335
Black,16966,270,184,105,613,270,259,262,341,327,331
Black,17078,259,177,100,549,259,249,249,342,329,329
Black,17190,228,152,89,481,228,214,222,343,322,334
Black,17300,239,163,93,506,239,229,232,341,327,331
Black,17412,251,175,97,534,251,246,242,340,333,327
Black,17523,263,183,103,566,263,257,257,338,331,331
Black,17634,287,213,117,643,287,300,292,327,341,332
Black,17747,294,239,128,698,294,336,319,310,354,336
Black,17859,302,225,123,677,302,317,307,326,342,332
Black,17970,289,203,112,625,289,286,279,338,335,327
Black,18083,250,162,94,515,250,228,234,351,320,329
Black,18193,287,201,110,612,287,283,274,340,335,325
Black,18305,272,239,123,671,272,336,307,297,367,336
Black,18418,306,254,134,737,306,357,334,307,358,335
Black,18529,277,189,107,590,277,266,267,342,328,330
Black,18641,279,196,108,604,279,276,269,339,335,326
Black,18753,289,212,114,641,289,298,284,332,342,326
Black,18865,161,110,66,337,161,155,165,335,322,343
Black,18976,269,191,129,588,269,269,322,313,313,374
Black,19088,293,222,119,669,293,312,297,325,346,329
Black,19200,292,210,115,649,292,295,287,334,338,328
Black,19312,294,250,131,719,294,352,327,302,362,336
Black,19424,302,266,139,748,302,374,347,295,366,339
Black,19536,261,175,102,548,261,246,254,343,323,334
Black,19647,251,172,97,528,251,242,242,341,329,329
Black,19759,301,231,126,683,301,325,314,320,346,334
Black,19871,277,200,110,603,277,281,274,333,338,329
Black,19982,230,152,89,473,230,214,222,345,321,333
Grey,53,1931,1472,809,4416,1931,2071,2017,321,344,335
Grey,180,1971,1519,834,4542,1971,2137,2079,319,345,336
Grey,295,2068,1672,906,4905,2068,2353,2259,310,352,338
Grey,411,2034,1584,864,4713,2034,2229,2154,317,347,336
Grey,525,1664,1155,662,3623,1664,1625,1650,337,329,334
Grey,640,2008,1574,857,4670,2008,2215,2137,316,348,336
Grey,756,2151,1632,892,4902,2151,2296,2224,322,344,333
Grey,870,1604,1122,638,3478,1604,1579,1591,336,331,333
Grey,986,1774,1252,705,3848,1774,1762,1758,335,333,332
Grey,1101,2303,1768,970,5331,2303,2488,2418,319,345,335
Grey,1216,1851,1403,778,4245,1851,1974,1940,321,342,337
Grey,1333,2149,1841,982,5272,2149,2590,2448,299,360,341
Grey,1449,1820,1410,770,4199,1820,1984,1920,318,347,335
Grey,1566,2008,1698,906,4910,2008,2389,2259,302,359,339
Grey,1681,1590,1616,847,4335,1590,2274,2112,266,381,353
Grey,1797,1457,1496,786,4003,1457,2105,1959,264,381,355
Grey,1914,1795,1683,886,4671,1795,2368,2209,282,372,347
Grey,2029,1805,1654,873,4638,1805,2327,2176,286,369,345
Grey,2146,1618,1558,823,4301,1618,2192,2052,276,374,350
Grey,2262,1325,1361,727,3687,1325,1915,1812,262,379,359
Grey,2378,1818,1604,853,4564,1818,2257,2127,293,364,343
Grey,2494,1377,978,563,3017,1377,1376,1404,331,331,338
Grey,2609,1751,1300,720,3947,1751,1829,1795,326,340,334
Grey,2726,1828,1358,752,4118,1828,1911,1875,326,340,334
Grey,2841,1773,1293,723,3947,1773,1819,1802,329,337,334
Grey,2957,1794,1326,734,4026,1794,1866,1830,327,340,333
Grey,3074,1890,1434,784,4311,1890,2018,1955,322,344,333
Grey,3190,1953,1518,826,4525,1953,2136,2059,318,347,335
Grey,3306,1921,1488,810,4446,1921,2094,2019,318,347,335
Grey,3422,1582,1116,634,3458,1582,1570,1581,334,332,334
Grey,3538,1746,1265,705,3874,1746,1780,1758,330,337,333
Grey,3655,1641,1162,657,3594,1641,1635,1638,334,333,333
Grey,3770,1883,1398,771,4240,1883,1967,1922,326,341,333
Grey,3887,2000,1547,842,4620,2000,2177,2099,319,347,334
Grey,4003,1670,1196,671,3682,1670,1683,1673,332,335,333
Grey,4118,1256,864,497,2703,1256,1216,1239,338,328,334
Grey,4234,1485,1042,591,3237,1485,1466,1473,336,331,333
Grey,4350,1956,1550,838,4589,1956,2181,2089,314,350,336
Grey,4467,1728,1270,704,3865,1728,1787,1755,328,339,333
Grey,4582,1376,981,554,3020,1376,1380,1381,333,334,334
Grey,4697,1904,1494,810,4418,1904,2102,2019,316,349,335
Grey,4814,1905,1669,884,4745,1905,2348,2204,295,364,341
Grey,4929,1698,1287,709,3873,1698,1811,1768,322,343,335
Grey,5046,1828,1427,780,4242,1828,2008,1945,316,347,336
Grey,5162,1885,1499,812,4426,1885,2109,2024,313,350,336
Grey,5278,1775,1346,738,4048,1775,1894,1840,322,344,334
Grey,5394,1447,1095,615,3288,1447,1541,1533,320,341,339
Grey,5510,2002,1661,898,4847,2002,2337,2239,304,355,340
Grey,5627,1925,1602,860,4654,1925,2254,2144,304,356,339
Grey,5742,1858,1469,799,4352,1858,2067,1992,314,349,337
Grey,5858,1701,1284,708,3867,1701,1807,1765,323,343,335
Grey,5975,1760,1361,747,4068,1760,1915,1862,318,346,336
Grey,6091,1762,1374,756,4105,1762,1933,1885,316,346,338
Grey,6207,1863,1647,880,4693,1863,2317,2194,292,364,344
Grey,6323,1893,1596,856,4614,1893,2246,2134,302,358,340
Grey,6439,1802,1440,782,4239,1802,2026,1950,312,351,337
Grey,6556,1880,1617,865,4642,1880,2275,2156,298,360,342
Grey,6671,1727,1698,900,4691,1727,2389,2244,272,376,353
Grey,6788,2050,1695,909,4935,2050,2385,2266,306,356,338
Grey,6904,1987,1737,923,4933,1987,2444,2301,295,363,342
Grey,7019,1391,1435,789,3881,1391,2019,1967,259,375,366
Grey,7136,1956,1585,860,4691,1956,2230,2144,309,352,339
Grey,7252,1920,1610,864,4672,1920,2265,2154,303,357,340
Grey,7369,1605,1613,857,4391,1605,2269,2137,267,377,356
Grey,7484,1982,1601,864,5157,1982,2253,2154,310,353,337
Grey,7600,1970,1622,875,4728,1970,2282,2181,306,355,339
Grey,7717,1985,1773,939,4997,1985,2495,2341,291,366,343
Grey,7832,1960,1561,851,4623,1960,2196,2122,312,350,338
Grey,7949,1844,1520,849,4219,1844,2139,2117,302,351,347
Grey,8065,2274,2002,1072,5721,2274,2817,2672,293,363,344
Grey,8182,2113,1777,956,5156,2113,2500,2383,302,357,341
Grey,8298,2078,1646,898,4894,2078,2316,2239,313,349,338
Grey,8414,1917,1822,967,5068,1917,2564,2411,278,372,350
Grey,8531,1884,1620,867,4664,1884,2279,2161,298,360,342
Grey,8647,1694,1695,896,4584,1694,2385,2234,268,378,354
Grey,8762,1681,1658,883,4556,1681,2333,2201,270,375,354
Grey,8879,1893,1482,812,4423,1893,2085,2024,315,347,337
Grey,8995,2114,1639,901,4930,2114,2306,2246,317,346,337
Grey,9111,2496,1944,1066,5819,2496,2735,2658,316,347,337
Grey,9228,2504,2050,1108,6015,2504,2884,2762,307,354,339
Grey,9345,1939,1533,843,4571,1939,2157,2102,313,348,339
Grey,9462,2612,2018,1111,6093,2612,2839,2770,318,345,337
Grey,9578,2743,2114,1170,6400,2743,2974,2917,318,344,338
Grey,9696,2827,2214,1223,6609,2827,3115,3049,314,346,339
Grey,9813,2679,2037,1129,6144,2679,2866,2815,320,343,337
Grey,9930,1329,977,552,2985,1329,1375,1376,326,337,337
Grey,10045,1498,1147,634,3450,1498,1614,1581,319,344,337
Grey,10162,1952,1536,841,4588,1952,2161,2097,314,348,338
Grey,10280,2368,1797,987,5379,2368,2528,2461,322,344,335
Grey,10397,1765,1267,713,3900,1765,1783,1778,331,335,334
Grey,10513,1872,1479,809,4410,1872,2081,2017,314,349,338
Grey,10631,2016,1878,1009,5258,2016,2642,2515,281,368,351
Grey,10749,1906,1531,833,4539,1906,2154,2077,311,351,338
Grey,10867,1487,1125,624,3393,1487,1583,1556,321,342,336
Grey,10983,1949,1565,850,4631,1949,2202,2119,311,351,338
Grey,11101,1987,1622,878,4774,1987,2282,2189,308,353,339
Grey,11218,1504,1115,625,3398,1504,1569,1558,325,339,336
Grey,11335,2006,1655,892,4832,2006,2329,2224,306,355,339
Grey,11452,1954,1597,863,4688,1954,2247,2151,308,354,339
Grey,11569,1964,1685,906,4841,1964,2371,2259,298,360,343
Grey,11687,1721,1764,931,4720,1721,2482,2321,264,380,356
Grey,11804,1901,1696,903,4796,1901,2386,2251,291,365,344
Grey,11920,1864,1672,893,4724,1864,2353,2226,289,365,345
Grey,12038,1885,1758,936,4932,1885,2474,2333,282,370,349
Grey,12155,2067,1825,978,5225,2067,2568,2438,292,363,345
Grey,12273,2000,1648,889,4815,2000,2319,2216,306,355,339
Grey,12389,1814,1706,913,4791,1814,2400,2276,280,370,351
Grey,12507,1925,1758,940,4992,1925,2474,2343,286,367,348
Grey,12624,1719,1391,758,4101,1719,1957,1890,309,352,340
Grey,12741,1807,1586,852,4545,1807,2232,2124,293,362,345
Grey,12858,1923,1736,931,4953,1923,2443,2321,288,365,347
Grey,12975,1710,1390,758,4095,1710,1956,1890,308,352,340
Grey,13093,1808,1558,841,4501,1808,2192,2097,297,360,344
Grey,13209,1938,1662,899,4835,1938,2338,2241,297,359,344
Grey,13326,1738,1424,776,4190,1738,2004,1935,306,353,341
Grey,13444,1840,1602,863,4620,1840,2254,2151,295,361,344
Grey,13561,1925,1826,986,5106,1925,2569,2458,277,370,354
Grey,13678,1709,1378,753,4079,1709,1939,1877,309,351,340
Grey,13795,1880,1747,936,4934,1880,2458,2333,282,368,350
Grey,13913,1911,1750,939,4969,1911,2462,2341,285,367,349
Grey,14030,1797,1549,837,4478,1797,2179,2087,296,359,344
Grey,14146,1726,1434,781,4192,1726,2018,1947,303,355,342
Grey,14264,1755,1451,787,4257,1755,2042,1962,305,355,341
Grey,14381,1832,1646,882,4689,1832,2316,2199,289,365,346
Grey,14499,1831,1650,883,4696,1831,2322,2201,288,365,346
Grey,14615,1782,1638,876,4620,1782,2305,2184,284,368,348
Grey,14732,1781,1646,879,4632,1781,2316,2191,283,368,348
Grey,14850,1770,1641,874,4606,1770,2309,2179,283,369,348
Grey,14967,1810,1504,812,4396,1810,2116,2024,304,356,340
Grey,15084,1593,1229,676,3695,1593,1729,1685,318,345,337
Grey,15201,1546,1190,656,3582,1546,1674,1635,318,345,337
Grey,15319,1721,1394,759,4108,1721,1961,1892,309,352,339
Grey,15436,1814,1598,855,4561,1814,2248,2132,293,363,344
Grey,15552,1810,1578,847,4521,1810,2220,2112,295,361,344
Grey,15670,1747,1422,773,4177,1747,2001,1927,308,353,340
Grey,15787,1747,1430,777,4029,1747,2012,1937,307,353,340
Grey,15905,1795,1617,865,4576,1795,2275,2156,288,365,346
Grey,16021,1724,1629,866,4531,1724,2292,2159,279,371,350
Grey,16138,1809,1553,836,4475,1809,2185,2084,298,359,343
Grey,16256,1759,1451,786,4240,1759,2042,1959,305,355,340
Grey,16373,1805,1541,830,4450,1805,2168,2069,299,359,342
Grey,16490,1778,1625,868,4578,1778,2286,2164,285,367,347
Grey,16607,1814,1593,855,4556,1814,2241,2132,293,362,345
Grey,16725,1760,1430,778,4202,1760,2012,1940,308,352,340
Grey,16842,1797,1620,866,4587,1797,2279,2159,288,366,346
Grey,16958,1720,1624,863,4516,1720,2285,2151,279,371,349
Grey,17076,1807,1405,766,4455,1807,1977,1910,317,347,335
Grey,17193,1737,1410,768,4151,1737,1984,1915,308,352,340
Grey,17311,1794,1619,866,4582,1794,2278,2159,288,366,346
Grey,17427,1742,1628,866,4550,1742,2291,2159,281,370,349
Grey,17544,1733,1388,757,4106,1733,1953,1887,311,350,339
Grey,17662,1731,1402,764,4135,1731,1973,1905,309,352,340
Grey,17779,1715,1378,751,4070,1715,1939,1872,310,351,339
Grey,17896,1801,1503,811,4368,1801,2115,2022,303,356,341
Grey,18013,1744,1346,747,4054,1744,1894,1862,317,344,339
Grey,18131,1293,944,536,2903,1293,1328,1336,327,336,338
Grey,18247,1687,1319,724,3932,1687,1856,1805,315,347,338
Grey,18363,1803,1631,868,4599,1803,2295,2164,288,366,346
Grey,18481,1574,1218,675,3651,1574,1714,1683,317,345,339
Grey,18598,1826,1564,841,4501,1826,2201,2097,298,359,342
Grey,18716,1795,1638,872,4604,1795,2305,2174,286,367,347
Grey,18832,1711,1385,755,4075,1711,1949,1882,309,352,340
Grey,18949,1545,1188,656,3563,1545,1672,1635,318,345,337
Grey,19067,1586,1222,675,3667,1586,1719,1683,318,345,337
Grey,19184,1679,1347,736,3977,1679,1895,1835,310,350,339
Grey,19301,1791,1533,825,4419,1791,2157,2057,298,359,343
Grey,19418,1760,1438,780,4216,1760,2023,1945,307,353,340
Grey,19535,1579,1207,666,3627,1579,1698,1660,320,344,336
Grey,19653,1602,1250,689,3731,1602,1759,1718,315,346,338
Grey,19769,1788,1618,863,4580,1788,2277,2151,288,366,346
Grey,19887,1783,1513,815,4382,1783,2129,2032,300,358,342
nothing,58,74,66,67,159,74,93,167,222,278,500
nothing,178,74,66,67,158,74,93,167,222,278,500
nothing,287,74,66,67,158,74,93,167,222,278,500
nothing,395,74,66,66,158,74,93,165,223,280,497
nothing,503,74,66,66,158,74,93,165,223,280,497
nothing,611,74,66,66,158,74,93,165,223,280,497
nothing,720,74,66,66,158,74,93,165,223,280,497
nothing,829,73,66,66,158,73,93,165,221,281,498
nothing,937,73,66,66,158,73,93,165,221,281,498
nothing,1046,73,66,66,157,73,93,165,221,281,498
nothing,1153,73,66,66,157,73,93,165,221,281,498
nothing,1262,73,66,66,157,73,93,165,221,281,498
nothing,1370,73,66,66,156,73,93,165,221,281,498
nothing,1479,73,65,66,156,73,91,165,222,277,502
nothing,1587,73,65,66,156,73,91,165,222,277,502
nothing,1696,73,65,66,156,73,91,165,222,277,502
nothing,1804,73,65,66,155,73,91,165,222,277,502
nothing,1912,73,65,66,155,73,91,165,222,277,502
nothing,2020,72,65,66,155,72,91,165,220,277,503
nothing,2129,72,65,65,155,72,91,162,222,280,498
nothing,2238,73,65,66,155,73,91,165,222,277,502
nothing,2346,73,65,66,155,73,91,165,222,277,502
nothing,2455,73,65,66,156,73,91,165,222,277,502
nothing,2563,73,65,66,156,73,91,165,222,277,502
nothing,2671,73,65,66,156,73,91,165,222,277,502
nothing,2779,73,65,66,156,73,91,165,222,277,502
nothing,2888,73,65,66,156,73,91,165,222,277,502
nothing,2996,73,65,66,156,73,91,165,222,277,502
nothing,3105,73,65,66,156,73,91,165,222,277,502
nothing,3213,73,65,66,156,73,91,165,222,277,502
nothing,3321,73,65,66,156,73,91,165,222,277,502
nothing,3429,73,65,66,156,73,91,165,222,277,502
nothing,3538,73,65,66,156,73,91,165,222,277,502
nothing,3647,73,65,66,156,73,91,165,222,277,502
nothing,3755,73,65,66,156,73,91,165,222,277,502
nothing,3864,73,65,66,156,73,91,165,222,277,502
nothing,3972,73,65,66,156,73,91,165,222,277,502
nothing,4080,73,65,66,155,73,91,165,222,277,502
nothing,4188,72,65,65,155,72,91,162,222,280,498
nothing,4297,72,65,65,155,72,91,162,222,280,498
nothing,4405,72,65,65,155,72,91,162,222,280,498
nothing,4514,72,65,65,155,72,91,162,222,280,498
nothing,4622,72,65,65,155,72,91,162,222,280,498
nothing,4731,72,65,65,155,72,91,162,222,280,498
nothing,4839,72,65,65,155,72,91,162,222,280,498
nothing,4947,72,65,65,155,72,91,162,222,280,498
nothing,5056,72,65,65,155,72,91,162,222,280,498
nothing,5164,72,65,65,155,72,91,162,222,280,498
nothing,5273,72,65,65,155,72,91,162,222,280,498
nothing,5381,72,65,65,155,72,91,162,222,280,498
nothing,5490,72,65,65,155,72,91,162,222,280,498
nothing,5597,72,65,65,155,72,91,162,222,280,498
nothing,5706,72,65,65,155,72,91,162,222,280,498
nothing,5814,72,65,65,155,72,91,162,222,280,498
nothing,5923,72,65,65,155,72,91,162,222,280,498
nothing,6031,72,65,65,155,72,91,162,222,280,498
nothing,6140,72,65,65,155,72,91,162,222,280,498
nothing,6249,72,65,65,155,72,91,162,222,280,498
nothing,6356,72,65,65,155,72,91,162,222,280,498
nothing,6465,72,65,65,155,72,91,162,222,280,498
nothing,6573,72,65,65,155,72,91,162,222,280,498
nothing,6682,72,65,65,155,72,91,162,222,280,498
nothing,6790,72,65,65,155,72,91,162,222,280,498
nothing,6899,72,65,65,155,72,91,162,222,280,498
nothing,7007,72,65,65,155,72,91,162,222,280,498
nothing,7115,72,65,65,155,72,91,162,222,280,498
nothing,7223,72,65,65,155,72,91,162,222,280,498
nothing,7332,72,65,65,155,72,91,162,222,280,498
nothing,7440,72,65,65,155,72,91,162,222,280,498
nothing,7549,72,65,65,155,72,91,162,222,280,498
nothing,7658,72,65,65,155,72,91,162,222,280,498
nothing,7766,72,65,65,155,72,91,162,222,280,498
nothing,7874,72,65,65,155,72,91,162,222,280,498
nothing,7982,72,65,65,155,72,91,162,222,280,498
nothing,8091,72,65,65,155,72,91,162,222,280,498
nothing,8199,72,65,65,155,72,91,162,222,280,498
nothing,8308,72,65,65,155,72,91,162,222,280,498
nothing,8416,72,65,65,155,72,91,162,222,280,498
nothing,8525,72,65,65,155,72,91,162,222,280,498
nothing,8632,72,65,65,155,72,91,162,222,280,498
nothing,8741,72,65,65,154,72,91,162,222,280,498
nothing,8850,72,65,65,155,72,91,162,222,280,498
nothing,8958,72,65,65,154,72,91,162,222,280,498
nothing,9067,72,65,65,155,72,91,162,222,280,498
nothing,9175,72,65,65,154,72,91,162,222,280,498
nothing,9284,72,65,65,155,72,91,162,222,280,498
nothing,9392,72,65,65,155,72,91,162,222,280,498
nothing,9500,72,65,65,154,72,91,162,222,280,498
nothing,9608,72,65,65,154,72,91,162,222,280,498
nothing,9717,72,65,65,154,72,91,162,222,280,498
nothing,9825,72,65,65,154,72,91,162,222,280,498
nothing,9934,72,65,65,154,72,91,162,222,280,498
nothing,10042,72,65,65,154,72,91,162,222,280,498
nothing,10151,72,65,65,154,72,91,162,222,280,498
nothing,10260,72,65,65,154,72,91,162,222,280,498
nothing,10368,72,65,65,154,72,91,162,222,280,498
nothing,10478,72,65,65,154,72,91,162,222,280,498
nothing,10586,72,65,65,154,72,91,162,222,280,498
nothing,10695,72,65,65,154,72,91,162,222,280,498
nothing,10804,72,65,65,154,72,91,162,222,280,498
nothing,10913,72,65,65,154,72,91,162,222,280,498
nothing,11021,72,65,65,154,72,91,162,222,280,498
nothing,11130,72,65,65,155,72,91,162,222,280,498
nothing,11240,72,65,65,155,72,91,162,222,280,498
nothing,11348,72,65,65,155,72,91,162,222,280,498
nothing,11457,72,65,65,154,72,91,162,222,280,498
nothing,11566,72,65,65,154,72,91,162,222,280,498
nothing,11675,72,65,65,154,72,91,162,222,280,498
nothing,11783,72,65,65,154,72,91,162,222,280,498
nothing,11892,72,64,65,154,72,90,162,222,278,500
nothing,12001,72,64,65,154,72,90,162,222,278,500
nothing,12110,72,64,65,153,72,90,162,222,278,500
nothing,12218,72,64,65,153,72,90,162,222,278,500
nothing,12328,72,64,65,153,72,90,162,222,278,500
nothing,12437,72,64,65,153,72,90,162,222,278,500
nothing,12545,72,64,65,153,72,90,162,222,278,500
nothing,12654,72,64,65,153,72,90,162,222,278,500
nothing,12763,72,64,65,153,72,90,162,222,278,500
nothing,12872,72,64,65,154,72,90,162,222,278,500
nothing,12980,72,65,65,154,72,91,162,222,280,498
nothing,13090,72,65,65,154,72,91,162,222,280,498
nothing,13198,72,65,65,154,72,91,162,222,280,498
nothing,13307,72,65,65,154,72,91,162,222,280,498
nothing,13416,72,65,65,154,72,91,162,222,280,498
nothing,13525,72,65,65,155,72,91,162,222,280,498
nothing,13634,72,65,65,155,72,91,162,222,280,498
nothing,13742,72,65,65,155,72,91,162,222,280,498
nothing,13852,72,65,65,155,72,91,162,222,280,498
nothing,13960,72,65,65,155,72,91,162,222,280,498
nothing,14069,72,65,65,155,72,91,162,222,280,498
nothing,14177,72,65,65,155,72,91,162,222,280,498
nothing,14287,72,65,65,155,72,91,162,222,280,498
nothing,14395,72,65,65,156,72,91,162,222,280,498
nothing,14504,73,65,65,156,73,91,162,224,279,497
nothing,14614,72,65,65,156,72,91,162,222,280,498
nothing,14722,72,65,65,156,72,91,162,222,280,498
nothing,14831,72,65,65,156,72,91,162,222,280,498
nothing,14939,72,65,65,156,72,91,162,222,280,498
nothing,15049,72,65,65,156,72,91,162,222,280,498
nothing,15157,72,65,65,156,72,91,162,222,280,498
nothing,15266,72,65,65,156,72,91,162,222,280,498
nothing,15375,72,65,65,156,72,91,162,222,280,498
nothing,15484,72,65,65,156,72,91,162,222,280,498
nothing,15593,72,65,65,156,72,91,162,222,280,498
nothing,15701,72,65,65,156,72,91,162,222,280,498
nothing,15811,72,65,65,156,72,91,162,222,280,498
nothing,15919,72,65,65,156,72,91,162,222,280,498
nothing,16028,72,65,65,156,72,91,162,222,280,498
nothing,16137,73,65,65,156,73,91,162,224,279,497
nothing,16246,73,65,65,156,73,91,162,224,279,497
nothing,16354,73,65,65,156,73,91,162,224,279,497
nothing,16463,72,65,65,156,72,91,162,222,280,498
nothing,16573,72,65,65,156,72,91,162,222,280,498
nothing,16681,72,65,65,156,72,91,162,222,280,498
nothing,16790,72,65,65,155,72,91,162,222,280,498
nothing,16899,72,65,65,155,72,91,162,222,280,498
nothing,17008,72,65,65,155,72,91,162,222,280,498
nothing,17116,72,65,65,155,72,91,162,222,280,498
nothing,17225,72,65,65,156,72,91,162,222,280,498
nothing,17334,72,65,65,155,72,91,162,222,280,498
nothing,17443,72,65,65,155,72,91,162,222,280,498
nothing,17551,72,65,65,155,72,91,162,222,280,498
nothing,17661,72,65,65,155,72,91,162,222,280,498
nothing,17770,72,65,65,155,72,91,162,222,280,498
nothing,17878,72,65,65,155,72,91,162,222,280,498
nothing,17987,72,65,65,155,72,91,162,222,280,498
nothing,18096,72,65,65,155,72,91,162,222,280,498
nothing,18205,72,65,65,155,72,91,162,222,280,498
nothing,18313,72,65,65,155,72,91,162,222,280,498
nothing,18423,72,65,65,155,72,91,162,222,280,498
nothing,18531,72,65,65,155,72,91,162,222,280,498
nothing,18640,72,65,65,155,72,91,162,222,280,498
nothing,18749,72,65,65,155,72,91,162,222,280,498
nothing,18858,72,65,65,155,72,91,162,222,280,498
nothing,18967,72,65,65,155,72,91,162,222,280,498
nothing,19075,72,65,65,155,72,91,162,222,280,498
nothing,19185,72,65,65,155,72,91,162,222,280,498
nothing,19293,72,65,65,155,72,91,162,222,280,498
nothing,19402,72,65,65,155,72,91,162,222,280,498
nothing,19510,72,65,65,155,72,91,162,222,280,498
nothing,19620,72,65,65,155,72,91,162,222,280,498
nothing,19728,72,65,65,155,72,91,162,222,280,498
nothing,19837,72,65,65,155,72,91,162,222,280,498
nothing,19946,72,65,65,155,72,91,162,222,280,498
